ue_id,loc_x,loc_y,tick,cell_lat,cell_lon,cell_id,cell_az_deg,cell_carrier_freq_mhz,distance_km,relative_bearing,cell_rxpower_dbm,sinr_db
0,48.51033918527679,-16.46264499243742,0,-90.0,-180.0,1,0,2100,15.917947470951372,228.5103391852768,-99.93238654929905,-3.018468738273585
1,19.286612697537294,63.617111261272214,0,-90.0,-180.0,1,0,2100,16.654617114711982,199.2866126975373,-100.32504570482831,-3.733151453588693
2,21.3157018051144,-47.88995159399691,0,-90.0,-180.0,1,0,2100,15.360440445297902,201.3157018051144,-99.62158751077496,-2.638844868216678
3,-70.55936397352436,-79.51170923753952,0,-90.0,-180.0,1,0,2100,13.970414166206563,109.44063602647566,-98.80363218351941,-1.6195353327215956
4,-168.91601110239426,-39.338640015374274,0,-90.0,-180.0,1,0,2100,15.54531750715058,11.083988897605707,-99.73019979028444,-2.4850596261493427
5,-22.782611582365462,-37.15388188752735,0,-90.0,-180.0,1,0,2100,15.587538268849979,157.21738841763454,-99.74925581193428,-2.8414940554941746
6,-102.76898044281651,29.14357444552911,0,-90.0,-180.0,1,0,2100,16.400483189494103,77.23101955718346,-100.19306233218313,-3.240381694829914
7,166.30799436013405,39.080475004530456,0,-90.0,-180.0,1,0,2100,16.48058995697898,346.30799436013405,-100.23275696477059,-3.2506348699556247
8,147.06581115853743,-9.083255941889192,0,-90.0,-180.0,1,0,2100,16.013574726239273,327.06581115853743,-99.98671876061142,-2.802415939546412
9,71.81025840602075,-41.01942524793117,0,-90.0,-180.0,1,0,2100,15.51157780956682,251.81025840602075,-99.70663659093462,-2.6221034500544964
10,-84.24844052743063,-72.61091071466358,0,-90.0,-180.0,1,0,2100,14.4759973138585,95.7515594725694,-99.10795404085721,-1.9283935028642618
11,168.93981193739694,72.44550612911789,0,-90.0,-180.0,1,0,2100,16.71049649421514,348.93981193739694,-100.34932106935764,-3.765796291399524
12,100.35545769761558,-8.008160484069052,0,-90.0,-180.0,1,0,2100,16.026773674060397,280.3554576976156,-99.99247783047349,-2.909261469307725
13,31.732047686747137,-59.339037859821964,0,-90.0,-180.0,1,0,2100,15.043144387179161,211.7320476867471,-99.44012946966032,-2.3718641152768267
14,32.548561456360915,-64.41091378393062,0,-90.0,-180.0,1,0,2100,14.86232013224132,212.5485614563609,-99.33530076777762,-2.2399446118325876
15,-172.49221445229355,9.693218042811537,0,-90.0,-180.0,1,0,2100,16.22225158140437,7.507785547706419,-100.09846374359842,-2.9376039224782744
16,165.05384529364312,-70.09005419373449,0,-90.0,-180.0,1,0,2100,14.611373687613321,345.0538452936431,-99.19434191837102,-1.9592745394911817
17,-5.731990240317572,30.86748534686646,0,-90.0,-180.0,1,0,2100,16.414848697652964,174.2680097596824,-100.19977187040936,-3.58073538407616
18,102.14167318305368,-39.077789567009845,0,-90.0,-180.0,1,0,2100,15.550453199359303,282.1416731830537,-99.72912673985982,-2.577173005982388
19,-149.5597429626567,28.79137854985224,0,-90.0,-180.0,1,0,2100,16.397522749072255,30.440257037343258,-100.19171392951827,-3.1560996216012125
20,-5.482922973713755,41.00589876652407,0,-90.0,-180.0,1,0,2100,16.495396259795097,174.5170770262862,-100.24214775687112,-3.593432738715179
21,-2.6144524155497777,48.33902487895071,0,-90.0,-180.0,1,0,2100,16.549861279640247,177.38554758445025,-100.27063161967706,-3.6230290258759714
22,158.18857960596938,-70.83781418453265,0,-90.0,-180.0,1,0,2100,14.573093157345793,338.1885796059694,-99.16979211639294,-1.9374809081758517
23,25.815624986413155,74.51204003497341,0,-90.0,-180.0,1,0,2100,16.723137654118784,205.81562498641316,-100.36030634303543,-3.9002626847691007
24,-8.989056302782217,-48.78863315128157,0,-90.0,-180.0,1,0,2100,15.338868170953408,171.01094369721773,-99.6094646938721,-2.6366633236737753
25,-83.3203027755437,-83.49068794021687,0,-90.0,-180.0,1,0,2100,13.493388996594177,96.67969722445633,-98.50405260529602,-1.305445854589899
26,-61.32435969402803,9.832420541609508,0,-90.0,-180.0,1,0,2100,16.223646915957225,118.67564030597197,-100.09808136075316,-3.201541573680382
27,7.163436916486489,-22.917140673789888,0,-90.0,-180.0,1,0,2100,15.826082535857594,187.16343691648646,-99.8818017813494,-3.183931920600762
28,-21.890937928926917,58.999586912756826,0,-90.0,-180.0,1,0,2100,16.624097434118767,158.10906207107314,-100.30918230549896,-3.683712191788167
29,-172.5979834975123,55.18019436877256,0,-90.0,-180.0,1,0,2100,16.598129592828982,7.402016502487697,-100.29281302647242,-3.4537675909086154
30,116.95699448951177,-32.656628463597436,0,-90.0,-180.0,1,0,2100,15.66921125469801,296.95699448951177,-99.7962417901393,-2.6258077418998216
31,143.23054516771788,81.72857801204776,0,-90.0,-180.0,1,0,2100,16.766069088186523,323.23054516771793,-100.38055159362985,-4.083401676029192
0,48.51033918527679,-16.46264499243742,0,0.0,0.0,2,120,2100,15.543232162662713,351.5288544329997,-99.72500320100612,-2.703762456933607
1,19.286612697537294,63.617111261272214,0,0.0,0.0,2,120,2100,15.79763586641221,249.30446873755926,-99.8660311593522,-3.064185181799547
2,21.3157018051144,-47.88995159399691,0,0.0,0.0,2,120,2100,15.558642212135695,41.811070264581986,-99.73372944112836,-2.810868069012322
3,-70.55936397352436,-79.51170923753952,0,0.0,0.0,2,120,2100,16.080604876647886,69.90250297358457,-100.02071580593451,-3.5122556658597253
4,-168.91601110239426,-39.338640015374274,0,0.0,0.0,2,120,2100,16.557321218769605,73.20054540205507,-100.27388288839597,-3.307935919284039
5,-22.782611582365462,-37.15388188752735,0,0.0,0.0,2,120,2100,15.3745130749825,87.06784628169893,-99.63058185442613,-2.659826107310548
6,-102.76898044281651,29.14357444552911,0,0.0,0.0,2,120,2100,16.23656308464679,179.75784449492653,-100.10385385465764,-3.1082213707533004
7,166.30799436013405,39.080475004530456,0,0.0,0.0,2,120,2100,16.55430877234724,256.24957369716276,-100.27278853707101,-3.309476852177516
8,147.06581115853743,-9.083255941889192,0,0.0,0.0,2,120,2100,16.6035733666585,346.38661183608724,-100.29656886789058,-3.266358808660881
9,71.81025840602075,-41.01942524793117,0,0.0,0.0,2,120,2100,15.955841679226644,12.478418381082633,-99.95295989821264,-2.997421352427722
10,-84.24844052743063,-72.61091071466358,0,0.0,0.0,2,120,2100,16.100709695492775,77.30678944019857,-100.03152156866774,-3.3552982836293643
11,168.93981193739694,72.44550612911789,0,0.0,0.0,2,120,2100,16.295019468637093,243.47288395752804,-100.13567320357862,-3.4591475883230816
12,100.35545769761558,-8.008160484069052,0,0.0,0.0,2,120,2100,16.22785467285275,338.1389987130712,-100.10003000235899,-3.070842065937613
13,31.732047686747137,-59.339037859821964,0,0.0,0.0,2,120,2100,15.783646362936247,42.68250779194102,-99.85870589300076,-3.015615561664014
14,32.548561456360915,-64.41091378393062,0,0.0,0.0,2,120,2100,15.849164734553996,45.55212372289452,-99.89474959109222,-3.1019980992203204
15,-172.49221445229355,9.693218042811537,0,0.0,0.0,2,120,2100,16.742695996858526,202.58607195113268,-100.3698393879535,-3.340716888664903
16,165.05384529364312,-70.09005419373449,0,0.0,0.0,2,120,2100,16.31342115256954,54.66330566620877,-100.1455509359808,-3.42307811789675
17,-5.731990240317572,30.86748534686646,0,0.0,0.0,2,120,2100,15.065160241479303,230.51382345905125,-99.45403160920262,-2.4627636067293626
18,102.14167318305368,-39.077789567009845,0,0.0,0.0,2,120,2100,16.219277439209616,9.713528026378413,-100.09483578751541,-3.1324429440943273
19,-149.5597429626567,28.79137854985224,0,0.0,0.0,2,120,2100,16.555173242583837,197.32695768385696,-100.27256660568344,-3.275510673405888
20,-5.482922973713755,41.00589876652407,0,0.0,0.0,2,120,2100,15.34117375937865,233.72871481225167,-99.61151514220393,-2.6554575093816575
21,-2.6144524155497777,48.33902487895071,0,0.0,0.0,2,120,2100,15.499489921535625,237.67588296827557,-99.70054993340443,-2.7800343402689593
22,158.18857960596938,-70.83781418453265,0,0.0,0.0,2,120,2100,16.299901017149736,52.643041203564735,-100.13836495070706,-3.4289869773508057
23,25.815624986413155,74.51204003497341,0,0.0,0.0,2,120,2100,15.952079926582343,246.88060284732228,-99.950652832156,-3.3119873323037248
24,-8.989056302782217,-48.78863315128157,0,0.0,0.0,2,120,2100,15.520146030061458,67.79182636939268,-99.71231994975267,-2.794557850634038
25,-83.3203027755437,-83.49068794021687,0,0.0,0.0,2,120,2100,16.111533179878624,66.46550179958305,-100.03743361675805,-3.703296435776185
26,-61.32435969402803,9.832420541609508,0,0.0,0.0,2,120,2100,15.743792778368572,161.1744053833333,-99.83648418376522,-2.8089791042792758
27,7.163436916486489,-22.917140673789888,0,0.0,0.0,2,120,2100,14.796243471284058,43.56603509507465,-99.29591745306163,-2.2857538323003923
28,-21.890937928926917,58.999586912756826,0,0.0,0.0,2,120,2100,15.738397333208765,227.3725727678504,-99.83337510359071,-2.987072915929992
29,-172.5979834975123,55.18019436877256,0,0.0,0.0,2,120,2100,16.44436627025984,234.8796527077434,-100.21479199834461,-3.3400583342769297
30,116.95699448951177,-32.656628463597436,0,0.0,0.0,2,120,2100,16.342543093752038,5.717899010471626,-100.15997443542513,-3.176084356885818
31,143.23054516771788,81.72857801204776,0,0.0,0.0,2,120,2100,16.190914229894172,244.97340187867894,-100.07995158912168,-3.6595152511145894
0,48.51033918527679,-16.46264499243742,0,90.0,180.0,3,240,2100,16.28794809704071,71.48966081472321,-100.1330564275008,-3.315920125788432
1,19.286612697537294,63.617111261272214,0,90.0,180.0,3,240,2100,14.892869826951868,100.7133873024627,-99.35350912735062,-2.2743542690322567
2,21.3157018051144,-47.88995159399691,0,90.0,180.0,3,240,2100,16.54660982023789,98.68429819488557,-100.26887404162925,-3.601897632891909
3,-70.55936397352436,-79.51170923753952,0,90.0,180.0,3,240,2100,16.75307589876117,190.5593639735244,-100.37536131699306,-4.016002295668379
4,-168.91601110239426,-39.338640015374274,0,90.0,180.0,3,240,2100,16.482587990899663,288.91601110239424,-100.23712120756575,-3.25390375930944
5,-22.782611582365462,-37.15388188752735,0,90.0,180.0,3,240,2100,16.4655519323195,142.78261158236546,-100.22597444862176,-3.5467811318593965
6,-102.76898044281651,29.14357444552911,0,90.0,180.0,3,240,2100,15.72867139837867,222.76898044281654,-99.82657540355676,-2.6886687853940954
7,166.30799436013405,39.080475004530456,0,90.0,180.0,3,240,2100,15.550400461902775,313.69200563986595,-99.72910354235219,-2.486699888123264
8,147.06581115853743,-9.083255941889192,0,90.0,180.0,3,240,2100,16.216114396776007,332.93418884146257,-100.09502027829267,-2.96646156124921
9,71.81025840602075,-41.01942524793117,0,90.0,180.0,3,240,2100,16.495499505392004,48.18974159397925,-100.24154382488244,-3.423812546472202
10,-84.24844052743063,-72.61091071466358,0,90.0,180.0,3,240,2100,16.711514191956873,204.24844052743066,-100.35423855222878,-3.819324788313543
11,168.93981193739694,72.44550612911789,0,90.0,180.0,3,240,2100,14.485464330169759,311.06018806260306,-99.11217815683166,-1.8813175797660704
12,100.35545769761558,-8.008160484069052,0,90.0,180.0,3,240,2100,16.205204677391745,19.644542302384423,-100.08705669662459,-3.051457612372884
13,31.732047686747137,-59.339037859821964,0,90.0,180.0,3,240,2100,16.626373043409153,88.26795231325286,-100.31019793625572,-3.676141108787783
14,32.548561456360915,-64.41091378393062,0,90.0,180.0,3,240,2100,16.659771218683574,87.45143854363909,-100.32737684176703,-3.7316736032730895
15,-172.49221445229355,9.693218042811537,0,90.0,180.0,3,240,2100,16.006008027280377,292.4922144522935,-99.98121630849462,-2.7595069269917687
16,165.05384529364312,-70.09005419373449,0,90.0,180.0,3,240,2100,16.695890392008437,314.9461547063569,-100.34757899680707,-3.7139428411166344
17,-5.731990240317572,30.86748534686646,0,90.0,180.0,3,240,2100,15.6999349286644,125.7319902403176,-99.81205785978725,-3.0114639056159453
18,102.14167318305368,-39.077789567009845,0,90.0,180.0,3,240,2100,16.480569152397432,17.858326816946317,-100.23078048246057,-3.3329687348467973
19,-149.5597429626567,28.79137854985224,0,90.0,180.0,3,240,2100,15.734442040013318,269.55974296265674,-99.83054796779,-2.6089187145183415
20,-5.482922973713755,41.00589876652407,0,90.0,180.0,3,240,2100,15.511853931511117,125.48292297371376,-99.707080671421,-2.8020070858033312
21,-2.6144524155497777,48.33902487895071,0,90.0,180.0,3,240,2100,15.349718898120114,122.6144524155498,-99.6157096437008,-2.649787766148835
22,158.18857960596938,-70.83781418453265,0,90.0,180.0,3,240,2100,16.700550388074742,321.8114203940306,-100.3494683996153,-3.7326556239650315
23,25.815624986413155,74.51204003497341,0,90.0,180.0,3,240,2100,14.36021736592476,94.18437501358687,-99.03793887644093,-1.8976100697481866
24,-8.989056302782217,-48.78863315128157,0,90.0,180.0,3,240,2100,16.553106056006893,128.98905630278222,-100.27194137380624,-3.6216735777131035
25,-83.3203027755437,-83.49068794021687,0,90.0,180.0,3,240,2100,16.776277818196018,203.32030277554372,-100.38747686902104,-4.194377793346796
26,-61.32435969402803,9.832420541609508,0,90.0,180.0,3,240,2100,16.004273139328184,181.32435969402803,-99.97839706936135,-3.023405160434451
27,7.163436916486489,-22.917140673789888,0,90.0,180.0,3,240,2100,16.346808201206397,112.83656308351351,-100.16374410176087,-3.595076496608289
28,-21.890937928926917,58.999586912756826,0,90.0,180.0,3,240,2100,15.054154659852829,141.89093792892692,-99.4468044139265,-2.3923605504151677
29,-172.5979834975123,55.18019436877256,0,90.0,180.0,3,240,2100,15.170340450498845,292.59798349751225,-99.51231635513851,-2.269012023600575
30,116.95699448951177,-32.656628463597436,0,90.0,180.0,3,240,2100,16.429542726498372,3.0430055104882285,-100.20163877642341,-3.2376590358740636
31,143.23054516771788,81.72857801204776,0,90.0,180.0,3,240,2100,13.732961365930848,336.7694548322821,-98.65185996739721,-1.4345314772501203
0,49.14188576958276,-16.14763375902716,1,-90.0,-180.0,1,0,2100,15.922222011563727,229.14188576958273,-99.93472704334116,-3.0186060431912827
1,18.8735995414294,64.98386924385431,1,-90.0,-180.0,1,0,2100,16.66347494035598,198.8735995414294,-100.32960639783082,-3.7494238036812764
2,20.50519504127695,-48.27628509126979,1,-90.0,-180.0,1,0,2100,15.351223725588559,200.50519504127692,-99.61637685841467,-2.6323989621217025
3,-69.67344011134568,-79.84096906537341,1,-90.0,-180.0,1,0,2100,13.938517781693482,110.32655988865429,-98.78412334007913,-1.5996854125757245
4,-168.91735329243576,-39.33947391310202,1,-90.0,-180.0,1,0,2100,15.545301046786246,11.082646707564209,-99.7301906423695,-2.4850473762425067
5,-21.6850714018575,-37.086057515622265,1,-90.0,-180.0,1,0,2100,15.588820877224036,158.3149285981425,-99.74997209367551,-2.8462346063913158
6,-101.99963492794484,28.817046605706196,1,-90.0,-180.0,1,0,2100,16.397738802471842,78.00036507205516,-100.19158768829185,-3.2390015078673313
7,166.09955800969823,38.5222580571473,1,-90.0,-180.0,1,0,2100,16.476256013968616,346.0995580096982,-100.23054957289112,-3.2443556357335854
8,146.78049114014686,-8.817324427084216,1,-90.0,-180.0,1,0,2100,16.01685582032969,326.78049114014686,-99.98848476559415,-2.805272927362694
9,71.78073937799621,-41.091070847450595,1,-90.0,-180.0,1,0,2100,15.510114004024754,251.7807393779962,-99.70581602296285,-2.621167353116418
10,-84.52907488986787,-70.72767206065777,1,-90.0,-180.0,1,0,2100,14.578824587934372,95.47092511013216,-99.1688983651015,-1.9925130915194853
11,168.55417280431573,72.59906119842154,1,-90.0,-180.0,1,0,2100,16.7114413189418,348.5541728043157,-100.34986399811042,-3.76965081621322
12,98.46413259552929,-7.387574389128787,1,-90.0,-180.0,1,0,2100,16.03431404936142,278.46413259552924,-99.9965422490895,-2.9199076259168595
13,31.580641989843286,-58.99928016281595,1,-90.0,-180.0,1,0,2100,15.054164554828535,211.58064198984326,-99.44646714514349,-2.3802144373242355
14,29.911812367563584,-62.74414772082506,1,-90.0,-180.0,1,0,2100,14.925422430462293,209.91181236756356,-99.37207355632736,-2.288057289390307
15,-172.88212069255542,10.221883421601163,1,-90.0,-180.0,1,0,2100,16.227540492144477,7.117879307444582,-100.10122001037537,-2.942518994738305
16,165.06699982321567,-71.13405196170653,1,-90.0,-180.0,1,0,2100,14.55751292241674,345.06699982321567,-99.16230912195698,-1.928124973922457
17,-7.178779335330404,31.861144442229588,1,-90.0,-180.0,1,0,2100,16.423036150228686,172.82122066466957,-100.204085569708,-3.578026979735769
18,106.4991037120704,-38.511665498147416,1,-90.0,-180.0,1,0,2100,15.561509282239559,286.4991037120704,-99.73551930283276,-2.575859759815351
19,-145.08499607741032,28.148409943934354,1,-90.0,-180.0,1,0,2100,16.39209546191636,34.915003922589676,-100.18899333960964,-3.155409311939061
20,-5.748787625766113,41.101129094069705,1,-90.0,-180.0,1,0,2100,16.496122912002676,174.2512123742339,-100.24252465096741,-3.5934930148838657
21,-2.744095523040727,48.30032103149489,1,-90.0,-180.0,1,0,2100,16.549581465175915,177.25590447695924,-100.27048479564198,-3.622811782433046
22,158.35791359540076,-72.88703562973552,1,-90.0,-180.0,1,0,2100,14.459990691785839,338.3579135954007,-99.10210211965833,-1.8714054120802917
23,25.79596767276618,75.4171970548579,1,-90.0,-180.0,1,0,2100,16.7286246442961,205.79596767276618,-100.36311749730214,-3.9206300149047446
24,-9.71991843075412,-48.2244353976885,1,-90.0,-180.0,1,0,2100,15.352465645025296,170.2800815692459,-99.6171590051436,-2.6480634568427046
25,-81.91264766053408,-84.34070639185494,1,-90.0,-180.0,1,0,2100,13.353454507831898,98.08735233946595,-98.41440120912081,-1.2147301001287443
26,-61.16848185472213,9.906535625192078,1,-90.0,-180.0,1,0,2100,16.224389035388906,118.83151814527787,-100.09847563588785,-3.2028399669650702
27,6.6953355246668025,-22.670216086066745,1,-90.0,-180.0,1,0,2100,15.829756666899732,186.69533552466677,-99.8838234705552,-3.191450075349751
28,-21.592861662957034,58.90267435772776,1,-90.0,-180.0,1,0,2100,16.62344680090645,158.40713833704297,-100.30884017347952,-3.683092362591468
29,-173.50783031448836,54.58663110305443,1,-90.0,-180.0,1,0,2100,16.594032753529657,6.492169685511669,-100.29057819084808,-3.444986600651842
30,115.66548421224599,-30.780906147295298,1,-90.0,-180.0,1,0,2100,15.701398013162622,295.665484212246,-99.81409211659762,-2.6489170455069995
31,144.08386145043517,81.93482576886112,1,-90.0,-180.0,1,0,2100,16.76726937758902,324.08386145043517,-100.38107165259522,-4.093402607683354
0,49.14188576958276,-16.14763375902716,1,0.0,0.0,2,120,2100,15.553338612091428,350.94764913782694,-99.73065301292812,-2.708987088477071
1,18.8735995414294,64.98386924385431,1,0.0,0.0,2,120,2100,15.816050278152856,248.58414640879488,-99.87616551586461,-3.0895746383181244
2,20.50519504127695,-48.27628509126979,1,0.0,0.0,2,120,2100,15.560517091907297,42.653323115371904,-99.7347824672984,-2.8140543803737197
3,-69.67344011134568,-79.84096906537341,1,0.0,0.0,2,120,2100,16.080151701411115,69.53840569677789,-100.02047091612752,-3.523121847933699
4,-168.91735329243576,-39.33947391310202,1,0.0,0.0,2,120,2100,16.557317701320912,73.19864405075748,-100.27388084764759,-3.3079348574779797
5,-21.6850714018575,-37.086057515622265,1,0.0,0.0,2,120,2100,15.361623871043102,86.05030637172953,-99.62328924004895,-2.6522846175504986
6,-101.99963492794484,28.817046605706196,1,0.0,0.0,2,120,2100,16.230267363817024,179.35478925365567,-100.1004866198116,-3.1040090776001303
7,166.09955800969823,38.5222580571473,1,0.0,0.0,2,120,2100,16.557617039889816,256.792593061582,-100.27452368339092,-3.3090087821470746
8,146.78049114014686,-8.817324427084216,1,0.0,0.0,2,120,2100,16.60211760400199,345.80894870207356,-100.29586429950841,-3.2654813547249075
9,71.78073937799621,-41.091070847450595,1,0.0,0.0,2,120,2100,15.955754851441185,12.55531281355195,-99.95291398137383,-2.997675809787317
10,-84.52907488986787,-70.72767206065777,1,0.0,0.0,2,120,2100,16.099723710799193,79.19097018396513,-100.03097260735042,-3.3226347926264808
11,168.55417280431573,72.59906119842154,1,0.0,0.0,2,120,2100,16.29339557713526,243.55871650354703,-100.13480588551221,-3.4610397993802993
12,98.46413259552929,-7.387574389128787,1,0.0,0.0,2,120,2100,16.20912728734774,337.46801110173044,-100.09003084542752,-3.0603587634596616
13,31.580641989843286,-58.99928016281595,1,0.0,0.0,2,120,2100,15.778637541142007,42.53233066591429,-99.855944760427,-3.0099028610109233
14,29.911812367563584,-62.74414772082506,1,0.0,0.0,2,120,2100,15.819033671205778,45.59257232868981,-99.87819504014001,-3.0674863439173086
15,-172.88212069255542,10.221883421601163,1,0.0,0.0,2,120,2100,16.741529389511648,205.50458553811995,-100.36926440709419,-3.3406111671268808
16,165.06699982321567,-71.13405196170653,1,0.0,0.0,2,120,2100,16.304190897691445,54.96775868805844,-100.14064803797011,-3.43489498778286
17,-7.178779335330404,31.861144442229588,1,0.0,0.0,2,120,2100,15.103749529610957,228.63114620037192,-99.47627984816724,-2.4878935252309557
18,106.4991037120704,-38.511665498147416,1,0.0,0.0,2,120,2100,16.253325887566096,9.690703274454052,-100.11294947023876,-3.1485951827922536
19,-145.08499607741032,28.148409943934354,1,0.0,0.0,2,120,2100,16.535043932139473,193.06961584811512,-100.2620006308862,-3.2632852789042306
20,-5.748787625766113,41.101129094069705,1,0.0,0.0,2,120,2100,15.344167976183433,233.45003731498542,-99.6132099837431,-2.6575550514033974
21,-2.744095523040727,48.30032103149489,1,0.0,0.0,2,120,2100,15.498802857623964,237.55754278923655,-99.70016219121004,-2.779435058137765
22,158.35791359540076,-72.88703562973552,1,0.0,0.0,2,120,2100,16.282398257705303,53.521736245993225,-100.12904995467386,-3.4554362894508395
23,25.79596767276618,75.4171970548579,1,0.0,0.0,2,120,2100,15.962631017747864,246.4591384322169,-99.95640570187176,-3.337514235423131
24,-9.71991843075412,-48.2244353976885,1,0.0,0.0,2,120,2100,15.511056637693926,68.57691898525655,-99.70723134363836,-2.786317035031229
25,-81.91264766053408,-84.34070639185494,1,0.0,0.0,2,120,2100,16.111092196664917,65.60337041015887,-100.03720097144141,-3.756720791555232
26,-61.16848185472213,9.906535625192078,1,0.0,0.0,2,120,2100,15.741427606122441,161.27453352265076,-99.8351862677882,-2.8077388205268723
27,6.6953355246668025,-22.670216086066745,1,0.0,0.0,2,120,2100,14.780897991395582,44.404276749950895,-99.28688612105485,-2.27624801354842
28,-21.592861662957034,58.90267435772776,1,0.0,0.0,2,120,2100,15.73590871416875,227.48476655561558,-99.8320037206716,-2.98487394596733
29,-173.50783031448836,54.58663110305443,1,0.0,0.0,2,120,2100,16.449687301119024,235.40373098804525,-100.21760925149913,-3.3386010282982626
30,115.66548421224599,-30.780906147295298,1,0.0,0.0,2,120,2100,16.3372714186947,3.4595525872436497,-100.15709493944466,-3.1675335889947753
31,144.08386145043517,81.93482576886112,1,0.0,0.0,2,120,2100,16.189949096124312,244.75160927021443,-100.07943119828184,-3.6683163563182686
0,49.14188576958276,-16.14763375902716,1,90.0,180.0,3,240,2100,16.28498482133128,70.85811423041724,-100.13147662840831,-3.310306009192949
1,18.8735995414294,64.98386924385431,1,90.0,180.0,3,240,2100,14.839675046423547,101.12640045857063,-99.32247494297164,-2.23582635387406
2,20.50519504127695,-48.27628509126979,1,90.0,180.0,3,240,2100,16.549407654823252,99.49480495872308,-100.27031544170974,-3.6054593976244256
3,-69.67344011134568,-79.84096906537341,1,90.0,180.0,3,240,2100,16.75501641630988,189.6734401113457,-100.37633831149998,-4.028207467177555
4,-168.91735329243576,-39.33947391310202,1,90.0,180.0,3,240,2100,16.48259443827673,288.9173532924358,-100.23712940898868,-3.2539177771788053
5,-21.6850714018575,-37.086057515622265,1,90.0,180.0,3,240,2100,16.465018386182884,141.6850714018575,-100.22570175130923,-3.549853139854058
6,-101.99963492794484,28.817046605706196,1,90.0,180.0,3,240,2100,15.73402259851998,221.99963492794484,-99.82955354525936,-2.6940776755687166
7,166.09955800969823,38.5222580571473,1,90.0,180.0,3,240,2100,15.561303533753168,313.9004419903018,-99.73523820670617,-2.4930802064567503
8,146.78049114014686,-8.817324427084216,1,90.0,180.0,3,240,2100,16.213426869026154,333.21950885985314,-100.09356042501057,-2.9644271206238253
9,71.78073937799621,-41.091070847450595,1,90.0,180.0,3,240,2100,16.49604618778329,48.21926062200379,-100.24183189986297,-3.4245448602104096
10,-84.52907488986787,-70.72767206065777,1,90.0,180.0,3,240,2100,16.699865351111885,204.5290748898679,-100.34823613581959,-3.7799754968004047
11,168.55417280431573,72.59906119842154,1,90.0,180.0,3,240,2100,14.4766785154115,311.4458271956843,-99.10693642239953,-1.8762554367567374
12,98.46413259552929,-7.387574389128787,1,90.0,180.0,3,240,2100,16.198852562029888,21.535867404470707,-100.0838847963052,-3.0511716925503456
13,31.580641989843286,-58.99928016281595,1,90.0,180.0,3,240,2100,16.624095375386627,88.41935801015671,-100.30901590617547,-3.6729541258784684
14,29.911812367563584,-62.74414772082506,1,90.0,180.0,3,240,2100,16.648918183621188,90.08818763243642,-100.32180500006183,-3.7143592226696858
15,-172.88212069255542,10.221883421601163,1,90.0,180.0,3,240,2100,15.999403191394416,292.8821206925554,-99.97760973275977,-2.754758010800363
16,165.06699982321567,-71.13405196170653,1,90.0,180.0,3,240,2100,16.702390535462655,314.93300017678433,-100.35091082487367,-3.7372429667723503
17,-7.178779335330404,31.861144442229588,1,90.0,180.0,3,240,2100,15.682988205485659,127.17877933533038,-99.80260571985681,-2.98797204238642
18,106.4991037120704,-38.511665498147416,1,90.0,180.0,3,240,2100,16.476173592488063,13.500896287929606,-100.22777363577771,-3.3179593774443643
19,-145.08499607741032,28.148409943934354,1,90.0,180.0,3,240,2100,15.744891792293704,265.0849960774103,-99.83624180566133,-2.62122105796256
20,-5.748787625766113,41.101129094069705,1,90.0,180.0,3,240,2100,15.509908330350447,125.74878762576611,-99.70598885699302,-2.799831698194122
21,-2.744095523040727,48.30032103149489,1,90.0,180.0,3,240,2100,15.35064748588896,122.7440955230407,-99.61622940887919,-2.650582709504559
22,158.35791359540076,-72.88703562973552,1,90.0,180.0,3,240,2100,16.71321082303654,321.64208640459924,-100.35595264962181,-3.7809803061829412
23,25.79596767276618,75.4171970548579,1,90.0,180.0,3,240,2100,14.299997410296193,94.20403232723385,-99.00158299375622,-1.8569031273034822
24,-9.71991843075412,-48.2244353976885,1,90.0,180.0,3,240,2100,16.549032612828942,129.7199184307541,-100.26980900384363,-3.618167382162227
25,-81.91264766053408,-84.34070639185494,1,90.0,180.0,3,240,2100,16.781165359192546,201.9126476605341,-100.38994754767965,-4.249824986315107
26,-61.16848185472213,9.906535625192078,1,90.0,180.0,3,240,2100,16.00334820986579,181.16848185472213,-99.97789985809602,-3.023385324136819
27,6.6953355246668025,-22.670216086066745,1,90.0,180.0,3,240,2100,16.34461903005586,113.3046644753332,-100.16256822274782,-3.597781133775211
28,-21.592861662957034,58.90267435772776,1,90.0,180.0,3,240,2100,15.057275952436207,141.59286166295703,-99.44859129894805,-2.395032381486824
29,-173.50783031448836,54.58663110305443,1,90.0,180.0,3,240,2100,15.187243495254723,293.5078303144883,-99.52203709167,-2.2784195980079356
30,115.66548421224599,-30.780906147295298,1,90.0,180.0,3,240,2100,16.41413212597373,4.334515787754015,-100.19397864740387,-3.222092088328456
31,144.08386145043517,81.93482576886112,1,90.0,180.0,3,240,2100,13.707710268819365,335.91613854956483,-98.635941005484,-1.418630708982186
0,49.1234705780096,-16.148258767748658,2,-90.0,-180.0,1,0,2100,15.92221354858113,229.12347057800957,-99.93472063980069,-3.018696421483246
1,18.88459250730429,65.61166048738974,2,-90.0,-180.0,1,0,2100,16.66751744581446,198.8845925073043,-100.33169806858605,-3.7571626863986674
2,22.32855836106569,-48.33721848908568,2,-90.0,-180.0,1,0,2100,15.34976225645029,202.3285583610657,-99.61552884669803,-2.627894081366666
3,-69.42217941930662,-80.03527901985201,2,-90.0,-180.0,1,0,2100,13.919205695072721,110.57782058069341,-98.77225117604614,-1.587447992258165
4,-168.93991419575602,-39.59745955672621,2,-90.0,-180.0,1,0,2100,15.54019559794133,11.060085804243954,-99.72733832248547,-2.4821197247876468
5,-19.74042992932567,-34.004257390156404,2,-90.0,-180.0,1,0,2100,15.645429663732076,160.25957007067427,-99.7815699067333,-2.9097125011639404
6,-98.68462080978247,26.998014795292278,2,-90.0,-180.0,1,0,2100,16.382310884157654,81.31537919021753,-100.18336554232724,-3.229667772969751
7,165.4817167982248,37.49004495879379,2,-90.0,-180.0,1,0,2100,16.46819219354225,345.4817167982248,-100.22645679573874,-3.2329792874874643
8,143.88294346768419,-10.57670318398965,2,-90.0,-180.0,1,0,2100,15.994945689387583,323.8829434676842,-99.97655131053092,-2.794228836356493
9,72.02854988144392,-41.08104116248376,2,-90.0,-180.0,1,0,2100,15.510319051549873,252.02854988144395,-99.70593403106582,-2.620648523685766
10,-84.39078177622436,-70.75271646057283,2,-90.0,-180.0,1,0,2100,14.57752424295158,95.60921822377566,-99.16813542899398,-1.9918511381722206
11,168.57959109379323,73.34506457875699,2,-90.0,-180.0,1,0,2100,16.716018819088806,348.5795910937932,-100.3521573803905,-3.7881976521580585
12,98.75263298760916,-5.724193710394033,2,-90.0,-180.0,1,0,2100,16.054248775315962,278.75263298760916,-100.00737338040024,-2.934460775882719
13,34.121765197650575,-57.52311952964657,2,-90.0,-180.0,1,0,2100,15.100682582936578,214.12176519765055,-99.47319003431994,-2.411043990674867
14,29.821410957477042,-62.693587717252115,2,-90.0,-180.0,1,0,2100,14.927275726024781,209.821410957477,-99.37316124341592,-2.2895071924430996
15,-172.968808845995,10.2554286126704,2,-90.0,-180.0,1,0,2100,16.227875145358205,7.0311911540050005,-100.1013919911766,-2.9427718512192924
16,165.0702494043917,-71.22034782906898,2,-90.0,-180.0,1,0,2100,14.552928270991206,345.0702494043917,-99.15957206580143,-1.9254634183321395
17,-6.136872158753704,30.56941981680444,2,-90.0,-180.0,1,0,2100,16.412379599905808,173.8631278412463,-100.19845731502984,-3.580223490122111
18,107.007200640924,-38.265916744522315,2,-90.0,-180.0,1,0,2100,15.5662708288202,287.007200640924,-99.738211534205,-2.5779428671511138
19,-142.59998292708394,28.002001610421203,2,-90.0,-180.0,1,0,2100,16.390855503534162,37.40001707291606,-100.1883868328479,-3.1574057571890584
20,-7.33391381579608,40.27929546824711,2,-90.0,-180.0,1,0,2100,16.489834481804074,172.6660861842039,-100.23922362585466,-3.5897574303511877
21,-2.434552291793807,48.88200887171163,2,-90.0,-180.0,1,0,2100,16.5537786205764,177.5654477082062,-100.27267068992128,-3.6257821142469053
22,159.4670871861748,-73.65120546559461,2,-90.0,-180.0,1,0,2100,14.414308555599096,339.4670871861748,-99.07489896494656,-1.844517463789059
23,26.3084260643071,75.90301567228536,2,-90.0,-180.0,1,0,2100,16.73155726911404,206.3084260643071,-100.36462004233405,-3.932005826083327
24,-9.67109952273725,-46.380802660756665,2,-90.0,-180.0,1,0,2100,15.395651405625452,170.32890047726278,-99.6415656422526,-2.6869572887092024
25,-80.84769539953247,-84.35827888099367,2,-90.0,-180.0,1,0,2100,13.350344614465898,99.15230460046757,-98.41254967113323,-1.2131827301994984
26,-60.8043473484461,10.051286331318792,2,-90.0,-180.0,1,0,2100,16.22583684790246,119.19565265155393,-100.09924589032735,-3.2056557928926654
27,5.718625546400176,-22.304618860847157,2,-90.0,-180.0,1,0,2100,15.835171925157079,185.71862554640015,-99.8868111795806,-3.2035615666397543
28,-21.246330632837783,59.2483249479304,2,-90.0,-180.0,1,0,2100,16.625765429554562,158.75366936716227,-100.31004632606678,-3.6866274680553883
29,-173.55510518552833,53.45137378691854,2,-90.0,-180.0,1,0,2100,16.586150022052944,6.444894814471638,-100.28657917982403,-3.4290522103352887
30,112.07412960170421,-29.038841465629098,2,-90.0,-180.0,1,0,2100,15.730390903670818,292.0741296017042,-99.83001863654017,-2.674655592835537
31,145.28115310804696,81.8115498055657,2,-90.0,-180.0,1,0,2100,16.766552128064973,325.28115310804696,-100.38060007757912,-4.086903817140266
0,49.1234705780096,-16.148258767748658,2,0.0,0.0,2,120,2100,15.553004667138742,350.95375093713994,-99.73046424370189,-2.7087995896110106
1,18.88459250730429,65.61166048738974,2,0.0,0.0,2,120,2100,15.82488233659708,248.3480400048797,-99.88101331366873,-3.10179595744297
2,22.32855836106569,-48.33721848908568,2,0.0,0.0,2,120,2100,15.572457420371924,41.32209846195428,-99.74145673491294,-2.821070771727285
3,-69.42217941930662,-80.03527901985201,2,0.0,0.0,2,120,2100,16.080449614767662,69.34050394099737,-100.02063621674723,-3.530065267644902
4,-168.93991419575602,-39.59745955672621,2,0.0,0.0,2,120,2100,16.555583861385575,73.05685494315856,-100.27297883685853,-3.308050700656722
5,-19.74042992932567,-34.004257390156404,2,0.0,0.0,2,120,2100,15.27635455752421,86.59569910857334,-99.57494799215003,-2.5934304824185723
6,-98.68462080978247,26.998014795292278,2,0.0,0.0,2,120,2100,16.20238338744228,177.26617320472604,-100.0855473212113,-3.0845654510635843
7,165.4817167982248,37.49004495879379,2,0.0,0.0,2,120,2100,16.56312084336192,258.09851698796854,-100.27740624049397,-3.3079223817294796
8,143.88294346768419,-10.57670318398965,2,0.0,0.0,2,120,2100,16.579982542151814,347.5773624766056,-100.28437080456723,-3.2554674988332017
9,72.02854988144392,-41.08104116248376,2,0.0,0.0,2,120,2100,15.95811567932534,12.50488934930479,-99.95419761211211,-2.998922293739387
10,-84.39078177622436,-70.75271646057283,2,0.0,0.0,2,120,2100,16.099234428198884,79.16185585037798,-100.03070628968531,-3.3227681832304294
11,168.57959109379323,73.34506457875699,2,0.0,0.0,2,120,2100,16.286568444636252,243.38995906781406,-100.13116212925911,-3.4713855645473473
12,98.75263298760916,-5.724193710394033,2,0.0,0.0,2,120,2100,16.212326495467348,335.7911843614297,-100.0917767056765,-3.0611876670366476
13,34.121765197650575,-57.52311952964657,2,0.0,0.0,2,120,2100,15.772883019916438,40.35096242278087,-99.85277037630395,-2.994389721259739
14,29.821410957477042,-62.693587717252115,2,0.0,0.0,2,120,2100,15.818058080924416,45.60059837240169,-99.87766036406143,-3.0664249224305937
15,-172.968808845995,10.2554286126704,2,0.0,0.0,2,120,2100,16.741656686352275,205.91896902685346,-100.36933736384918,-3.3407116562227435
16,165.0702494043917,-71.22034782906898,2,0.0,0.0,2,120,2100,16.30342560110125,54.99344954870355,-100.1402388679176,-3.4359220166361704
17,-6.136872158753704,30.56941981680444,2,0.0,0.0,2,120,2100,15.058030835393296,229.74136530098247,-99.44993684755498,-2.457847812970071
18,107.007200640924,-38.265916744522315,2,0.0,0.0,2,120,2100,16.257562616882367,9.517849223735766,-100.11519531384366,-3.1499242038385296
19,-142.59998292708394,28.002001610421203,2,0.0,0.0,2,120,2100,16.52201919480285,191.20195899745698,-100.25516004227775,-3.2560892602736136
20,-7.33391381579608,40.27929546824711,2,0.0,0.0,2,120,2100,15.329554152182308,231.43382204595707,-99.60497658435742,-2.645934016430172
21,-2.434552291793807,48.88200887171163,2,0.0,0.0,2,120,2100,15.510486199449177,237.87647036539363,-99.70669768793397,-2.7892377894831313
22,159.4670871861748,-73.65120546559461,2,0.0,0.0,2,120,2100,16.276814191089336,54.12553980792188,-100.12608066576416,-3.466979764591832
23,26.3084260643071,75.90301567228536,2,0.0,0.0,2,120,2100,15.968994575140622,246.3508881121412,-99.95987089264061,-3.3522309547821108
24,-9.67109952273725,-46.380802660756665,2,0.0,0.0,2,120,2100,15.473526648895216,69.09497727323878,-99.68617796285699,-2.7554113383211334
25,-80.84769539953247,-84.35827888099367,2,0.0,0.0,2,120,2100,16.109958663012435,65.57035106632506,-100.03659180804654,-3.757234144173821
26,-60.8043473484461,10.051286331318792,2,0.0,0.0,2,120,2100,15.735845128096177,161.47759514430203,-99.83211085996214,-2.804781075923021
27,5.718625546400176,-22.304618860847157,2,0.0,0.0,2,120,2100,14.755202799144923,46.34729001414564,-99.27173254387344,-2.2603932760561114
28,-21.246330632837783,59.2483249479304,2,0.0,0.0,2,120,2100,15.739820864253135,227.83289262615403,-99.83415977134726,-2.990020994980596
29,-173.55510518552833,53.45137378691854,2,0.0,0.0,2,120,2100,16.45866094807978,235.24358358179495,-100.22233664514815,-3.335324279407717
30,112.07412960170421,-29.038841465629098,2,0.0,0.0,2,120,2100,16.31316663197366,0.9263061743713479,-100.14427801917157,-3.1496617770068975
31,145.28115310804696,81.8115498055657,2,0.0,0.0,2,120,2100,16.192005991958666,244.68527342884994,-100.08053218203908,-3.6638792044369426
0,49.1234705780096,-16.148258767748658,2,90.0,180.0,3,240,2100,16.28499070942135,70.87652942199037,-100.13148072911977,-3.3104098387016414
1,18.88459250730429,65.61166048738974,2,90.0,180.0,3,240,2100,14.814259337871167,101.11540749269574,-99.30760986390533,-2.2174199011126015
2,22.32855836106569,-48.33721848908568,2,90.0,180.0,3,240,2100,16.549848221853097,97.67144163893431,-100.27056148439775,-3.6028452224511547
3,-69.42217941930662,-80.03527901985201,2,90.0,180.0,3,240,2100,16.756159832282435,189.42217941930664,-100.37692061252824,-4.035498223390532
4,-168.93991419575602,-39.59745955672621,2,90.0,180.0,3,240,2100,16.484587091141126,288.93991419575605,-100.23817406523479,-3.2569006579986253
5,-19.74042992932567,-34.004257390156404,2,90.0,180.0,3,240,2100,16.440469811534562,139.74042992932567,-100.21280911445834,-3.5460989564482266
6,-98.68462080978247,26.998014795292278,2,90.0,180.0,3,240,2100,15.763320219951577,218.68462080978247,-99.84579953891203,-2.721940854820934
7,165.4817167982248,37.49004495879379,2,90.0,180.0,3,240,2100,15.581156782815343,314.5182832017752,-99.74641264545257,-2.5048788091767564
8,143.88294346768419,-10.57670318398965,2,90.0,180.0,3,240,2100,16.231074581760755,336.1170565323158,-100.10281675596848,-2.985404653200528
9,72.02854988144392,-41.08104116248376,2,90.0,180.0,3,240,2100,16.49596967556994,47.97145011855605,-100.24177756543604,-3.423806324188952
10,-84.39078177622436,-70.75271646057283,2,90.0,180.0,3,240,2100,16.700021157807786,204.39078177622434,-100.3483130241596,-3.7805915806871044
11,168.57959109379323,73.34506457875699,2,90.0,180.0,3,240,2100,14.432860973854924,311.4204089062068,-99.08075645521909,-1.850825151749437
12,98.75263298760916,-5.724193710394033,2,90.0,180.0,3,240,2100,16.181625008478782,21.24736701239084,-100.07470945439876,-3.035661370638256
13,34.121765197650575,-57.52311952964657,2,90.0,180.0,3,240,2100,16.614138807249077,85.87823480234943,-100.30387463917427,-3.655360136673746
14,29.821410957477042,-62.693587717252115,2,90.0,180.0,3,240,2100,16.64858711777572,90.17858904252296,-100.32163379535811,-3.7138643758113394
15,-172.968808845995,10.2554286126704,2,90.0,180.0,3,240,2100,15.998982621904101,292.968808845995,-99.97738829434057,-2.7544125770953123
16,165.0702494043917,-71.22034782906898,2,90.0,180.0,3,240,2100,16.702925945338684,314.9297505956083,-100.35118557254192,-3.7392215233510435
17,-6.136872158753704,30.56941981680444,2,90.0,180.0,3,240,2100,15.704962903233445,126.1368721587537,-99.81483301627225,-3.017062984964258
18,107.007200640924,-38.265916744522315,2,90.0,180.0,3,240,2100,16.474259493840396,12.992799359076002,-100.226702837496,-3.314409867168815
19,-142.59998292708394,28.002001610421203,2,90.0,180.0,3,240,2100,15.747256085664592,262.59998292708394,-99.83748432123569,-2.6261620212987404
20,-7.33391381579608,40.27929546824711,2,90.0,180.0,3,240,2100,15.526575457487032,127.33391381579605,-99.71529644684426,-2.8150855371868766
21,-2.434552291793807,48.88200887171163,2,90.0,180.0,3,240,2100,15.33659982482791,122.4345522917938,-99.60827710416766,-2.6381276795389357
22,159.4670871861748,-73.65120546559461,2,90.0,180.0,3,240,2100,16.71789126221741,320.5329128138252,-100.35843563041482,-3.7999920671417184
23,26.3084260643071,75.90301567228536,2,90.0,180.0,3,240,2100,14.266115374569475,93.69157393569287,-98.98103330341938,-1.8338237764776355
24,-9.67109952273725,-46.380802660756665,2,90.0,180.0,3,240,2100,16.535604898700978,129.67109952273722,-100.26280806419233,-3.6093135994519674
25,-80.84769539953247,-84.35827888099367,2,90.0,180.0,3,240,2100,16.781266148061974,200.84769539953248,-100.38997420230419,-4.251196754726298
26,-60.8043473484461,10.051286331318792,2,90.0,180.0,3,240,2100,16.00153930260001,180.80434734844607,-99.97691876287766,-3.0236154924813006
27,5.718625546400176,-22.304618860847157,2,90.0,180.0,3,240,2100,16.341368910833108,114.28137445359982,-100.1608325966196,-3.6027602381689943
28,-21.246330632837783,59.2483249479304,2,90.0,180.0,3,240,2100,15.046098598412364,141.24633063283778,-99.4421603581906,-2.3868943261462476
29,-173.55510518552833,53.45137378691854,2,90.0,180.0,3,240,2100,15.21879768505235,293.5551051855284,-99.5401232795933,-2.2961071345786213
30,112.07412960170421,-29.038841465629098,2,90.0,180.0,3,240,2100,16.399603754474946,7.925870398295785,-100.18719914617176,-3.213214302714451
31,145.28115310804696,81.8115498055657,2,90.0,180.0,3,240,2100,13.722879585851684,334.71884689195304,-98.6455048898019,-1.4278526671663314
0,49.588546864769825,-15.660706866644517,3,-90.0,-180.0,1,0,2100,15.92879361738516,229.58854686476982,-99.93833040704327,-3.0216304288640243
1,19.03409231741375,65.61226428447219,3,-90.0,-180.0,1,0,2100,16.66752132595991,199.03409231741375,-100.33169806858605,-3.7570786167392507
2,23.281189374221015,-48.230035414219124,3,-90.0,-180.0,1,0,2100,15.35233158601845,203.281189374221,-99.61698336517641,-2.628296973138387
3,-68.7008854100024,-80.35185858406781,3,-90.0,-180.0,1,0,2100,13.886920068781569,111.2991145899976,-98.75242124079084,-1.567170973131179
4,-168.92055631953298,-39.62626878943919,3,-90.0,-180.0,1,0,2100,15.53962385167827,11.079443680467023,-99.72701814546191,-2.4818034140659133
5,-17.79807654650594,-32.6724499018608,3,-90.0,-180.0,1,0,2100,15.668935309660515,162.20192345349403,-99.79466606178772,-2.9415595084816526
6,-98.66985015796556,25.349650184652006,3,-90.0,-180.0,1,0,2100,16.368121870135017,81.33014984203442,-100.17585327456341,-3.2145588522800184
7,165.06690266543092,37.347314372967475,3,-90.0,-180.0,1,0,2100,16.46707202347721,345.0669026654309,-100.22592210010941,-3.2316270475900573
8,144.47786349037955,-10.0146267925942,3,-90.0,-180.0,1,0,2100,16.00199773564533,324.47786349037955,-99.98038428689848,-2.7983090723072275
9,73.74776527692984,-39.474108911806745,3,-90.0,-180.0,1,0,2100,15.54263991779264,253.74776527692984,-99.72412786173082,-2.638452827576577
10,-85.93485065278865,-70.16829787035725,3,-90.0,-180.0,1,0,2100,14.60743606819337,94.06514934721133,-99.18574882445486,-2.0088748906496274
11,166.98463487007638,73.51036676956574,3,-90.0,-180.0,1,0,2100,16.717030288870006,346.9846348700763,-100.35293358097472,-3.792886470121371
12,97.35883052722284,-4.93448910469202,3,-90.0,-180.0,1,0,2100,16.063575621944313,277.35883052722284,-100.01240564841885,-2.9453856901693025
13,34.555494478688104,-55.82207567420989,3,-90.0,-180.0,1,0,2100,15.15173405122284,214.5554944786881,-99.50248989114017,-2.4485540917089104
14,28.702023964191397,-62.292119757027436,3,-90.0,-180.0,1,0,2100,14.941871022536656,208.70202396419137,-99.38165599724628,-2.3013270818391356
15,-174.53258146256331,11.068026207897532,3,-90.0,-180.0,1,0,2100,16.235947746102116,5.467418537436686,-100.10551861561433,-2.949649407582297
16,164.78244045323908,-71.42086201249764,3,-90.0,-180.0,1,0,2100,14.542193661459601,344.7824404532391,-99.15309396982364,-1.9192347825792986
17,-4.752892780334378,29.778156591126333,3,-90.0,-180.0,1,0,2100,16.405795252045667,175.24710721966562,-100.19499254223935,-3.5830926186791205
18,106.10803661243608,-38.30938312228343,3,-90.0,-180.0,1,0,2100,15.565430287388345,286.1080366124361,-99.73769742138434,-2.579103461953412
19,-138.84479159661947,27.23671220706865,3,-90.0,-180.0,1,0,2100,16.384348989088966,41.15520840338053,-100.18500942264527,-3.1552458401686794
20,-6.423353352355264,40.53917625321546,3,-90.0,-180.0,1,0,2100,16.491827291986237,173.5766466476448,-100.24026648815993,-3.5913478947082456
21,-2.254039650255095,50.28791179787072,3,-90.0,-180.0,1,0,2100,16.563850728042087,177.7459603497449,-100.27792113571165,-3.633261407278297
22,160.35712244780314,-73.86531805995025,3,-90.0,-180.0,1,0,2100,14.401125509934465,340.35712244780314,-99.06718910221963,-1.8367396821953397
23,24.01506130124497,76.12393965525305,3,-90.0,-180.0,1,0,2100,16.732888028560357,204.01506130124497,-100.36529515845798,-3.9380671762695183
24,-9.771851273667721,-46.29689648618572,3,-90.0,-180.0,1,0,2100,15.397573164037928,170.22814872633228,-99.64265515892414,-2.6886106682797823
25,-75.87231421126268,-84.97098841445445,3,-90.0,-180.0,1,0,2100,13.235379087494026,104.12768578873738,-98.33863909222691,-1.1394957712745861
26,-62.07423290600535,9.499643840351766,3,-90.0,-180.0,1,0,2100,16.2203079952326,117.92576709399464,-100.09629294337878,-3.195466329786548
27,8.286500076948215,-22.062775679793745,3,-90.0,-180.0,1,0,2100,15.838738079541583,188.2865000769482,-99.88877615171367,-3.199007102736131
28,-20.92106237088464,59.252692321133935,3,-90.0,-180.0,1,0,2100,16.625794691585096,159.07893762911533,-100.31005501658599,-3.6869474092209966
29,-172.95086616646296,53.88105817771833,3,-90.0,-180.0,1,0,2100,16.589140876105134,7.0491338335370415,-100.28819698858442,-3.4352527433115405
30,110.14298909254205,-28.62889699999979,3,-90.0,-180.0,1,0,2100,15.737093075850222,290.14298909254205,-99.83366362325535,-2.682914188404981
31,148.09702197964964,80.04948023453318,3,-90.0,-180.0,1,0,2100,16.75624334801522,328.0970219796497,-100.37514563328519,-4.006974414652012
0,49.588546864769825,-15.660706866644517,3,0.0,0.0,2,120,2100,15.559325911960507,350.21349417654415,-99.7339865754257,-2.711671551238239
1,19.03409231741375,65.61226428447219,3,0.0,0.0,2,120,2100,15.825215864487284,248.41054871840174,-99.88119800139816,-3.1019829361458306
2,23.281189374221015,-48.230035414219124,3,0.0,0.0,2,120,2100,15.576631259822992,40.55614175453593,-99.74378828995029,-2.822802445155766
3,-68.7008854100024,-80.35185858406781,3,0.0,0.0,2,120,2100,16.080411884245212,69.0003147083358,-100.02061785001172,-3.5413957987877853
4,-168.92055631953298,-39.62626878943919,3,0.0,0.0,2,120,2100,16.555354439382338,73.0657249697991,-100.27285843270343,-3.30804720407674
5,-17.79807654650594,-32.6724499018608,3,0.0,0.0,2,120,2100,15.223694704015115,85.48356813646424,-99.54492858331041,-2.5592393632967445
6,-98.66985015796556,25.349650184652006,3,0.0,0.0,2,120,2100,16.203380362258148,175.60534840607988,-100.08608097691568,-3.0812999682872833
7,165.06690266543092,37.347314372967475,3,0.0,0.0,2,120,2100,16.563122348068372,258.65925529695676,-100.27741236273916,-3.3073709646642047
8,144.47786349037955,-10.0146267925942,3,0.0,0.0,2,120,2100,16.584903282136786,346.90574312924053,-100.28694929015994,-3.2575592800611903
9,73.74776527692984,-39.474108911806745,3,0.0,0.0,2,120,2100,15.970740298920912,10.624928639762402,-99.96104432296575,-2.999178459927405
10,-85.93485065278865,-70.16829787035725,3,0.0,0.0,2,120,2100,16.104532807028463,79.78568467732,-100.03356231705928,-3.3164379253663445
11,166.98463487007638,73.51036676956574,3,0.0,0.0,2,120,2100,16.284106075507932,243.81407184260155,-100.12985502991432,-3.4731596027393588
12,97.35883052722284,-4.93448910469202,3,0.0,0.0,2,120,2100,16.198275648402316,334.97526494988523,-100.0842667515956,-3.0532685491313254
13,34.555494478688104,-55.82207567420989,3,0.0,0.0,2,120,2100,15.754381465741409,38.93570120261609,-99.84255438985588,-2.9708692901157514
14,28.702023964191397,-62.292119757027436,3,0.0,0.0,2,120,2100,15.808765735284013,45.84391591858491,-99.8725482893406,-3.0572056490795414
15,-174.53258146256331,11.068026207897532,3,0.0,0.0,2,120,2100,16.7421535925689,214.03005911416653,-100.36965674097246,-3.3418167217250794
16,164.78244045323908,-71.42086201249764,3,0.0,0.0,2,120,2100,16.301406628738107,54.95787555486231,-100.13916696482494,-3.4382669826384555
17,-4.752892780334378,29.778156591126333,3,0.0,0.0,2,120,2100,15.025366550567073,231.7604366801188,-99.43103951744928,-2.436761070618405
18,106.10803661243608,-38.30938312228343,3,0.0,0.0,2,120,2100,16.25074254857957,9.430519653502415,-100.11157247526157,-3.1464195209213495
19,-138.84479159661947,27.23671220706865,3,0.0,0.0,2,120,2100,16.503140807242687,188.03110251620313,-100.24523282172709,-3.2442956699288406
20,-6.423353352355264,40.53917625321546,3,0.0,0.0,2,120,2100,15.332699722950062,232.54765815810146,-99.6067418317161,-2.648756952302903
21,-2.254039650255095,50.28791179787072,3,0.0,0.0,2,120,2100,15.538650479606153,238.12900495339312,-99.7224492043941,-2.813202950672019
22,160.35712244780314,-73.86531805995025,3,0.0,0.0,2,120,2100,16.2757548559376,54.445619773255885,-100.12551435808551,-3.4705214386398
23,24.01506130124497,76.12393965525305,3,0.0,0.0,2,120,2100,15.968442728544991,245.7410052431834,-99.95957090262705,-3.3571162279009235
24,-9.771851273667721,-46.29689648618572,3,0.0,0.0,2,120,2100,15.47213402738215,69.21373440489134,-99.6854004377198,-2.7541987260026755
25,-75.87231421126268,-84.97098841445445,3,0.0,0.0,2,120,2100,16.1062475590964,64.87765022905009,-100.0345949357454,-3.7999592344127917
26,-62.07423290600535,9.499643840351766,3,0.0,0.0,2,120,2100,15.755159028797296,160.7242129821475,-99.8427390775853,-2.814973644044728
27,8.286500076948215,-22.062775679793745,3,0.0,0.0,2,120,2100,14.776927924591016,40.42487571863819,-99.28446579346247,-2.272643009524185
28,-20.92106237088464,59.252692321133935,3,0.0,0.0,2,120,2100,15.73877893859607,228.00757471415687,-99.83358530067504,-2.989481502717825
29,-172.95086616646296,53.88105817771833,3,0.0,0.0,2,120,2100,16.454875434121686,234.8827297761444,-100.22033773209863,-3.3362737251552943
30,110.14298909254205,-28.62889699999979,3,0.0,0.0,2,120,2100,16.29851470602395,0.1752160905390383,-100.13651144098044,-3.1406827473586985
31,148.09702197964964,80.04948023453318,3,0.0,0.0,2,120,2100,16.209555214644094,245.29704655658645,-100.08996758222739,-3.6030336300479417
0,49.588546864769825,-15.660706866644517,3,90.0,180.0,3,240,2100,16.280387007029542,70.41145313523015,-100.12903670508571,-3.3044008104299856
1,19.03409231741375,65.61226428447219,3,90.0,180.0,3,240,2100,14.814234579960358,100.96590768258625,-99.30760576319386,-2.217318670861772
2,23.281189374221015,-48.230035414219124,3,90.0,180.0,3,240,2100,16.54907312594599,96.71881062577899,-100.27016781609696,-3.6005649054736626
3,-68.7008854100024,-80.35185858406781,3,90.0,180.0,3,240,2100,16.75801994745022,188.70088541000246,-100.37787300276634,-4.047799772470252
4,-168.92055631953298,-39.62626878943919,3,90.0,180.0,3,240,2100,16.484809364241038,288.92055631953303,-100.23828580962225,-3.2572389595325246
5,-17.79807654650594,-32.6724499018608,3,90.0,180.0,3,240,2100,16.429671707842385,137.7980765465059,-100.20714603192302,-3.5494636538876407
6,-98.66985015796556,25.349650184652006,3,90.0,180.0,3,240,2100,15.789147495348697,218.66985015796558,-99.86009051837301,-2.7396776819731543
7,165.06690266543092,37.347314372967475,3,90.0,180.0,3,240,2100,15.583871257236595,314.9330973345691,-99.7479483618968,-2.506680405461277
8,144.47786349037955,-10.0146267925942,3,90.0,180.0,3,240,2100,16.225470373321453,335.52213650962045,-100.09986116817895,-2.979221176631502
9,73.74776527692984,-39.474108911806745,3,90.0,180.0,3,240,2100,16.4836348396346,46.25223472307016,-100.23527845035046,-3.4046285825431095
10,-85.93485065278865,-70.16829787035725,3,90.0,180.0,3,240,2100,16.696379020475337,205.93485065278867,-100.3464656536439,-3.7677853993430355
11,166.98463487007638,73.51036676956574,3,90.0,180.0,3,240,2100,14.422886279449077,313.0153651299236,-99.07479914663604,-1.8451599128432297
12,97.35883052722284,-4.93448910469202,3,90.0,180.0,3,240,2100,16.173341000263378,22.641169472777165,-100.07042831162765,-3.032562655902896
13,34.555494478688104,-55.82207567420989,3,90.0,180.0,3,240,2100,16.602541120661492,85.44450552131184,-100.29789067596668,-3.6390162621400375
14,28.702023964191397,-62.292119757027436,3,90.0,180.0,3,240,2100,16.64595441625154,91.29797603580857,-100.32028876199708,-3.7104386074598876
15,-174.53258146256331,11.068026207897532,3,90.0,180.0,3,240,2100,15.988740344369859,294.53258146256326,-99.9718338806591,-2.7465768864524174
16,164.78244045323908,-71.42086201249764,3,90.0,180.0,3,240,2100,16.704168900001395,315.2175595467609,-100.35179965408405,-3.743915314977882
17,-4.752892780334378,29.778156591126333,3,90.0,180.0,3,240,2100,15.718189123278247,124.75289278033438,-99.82220507031127,-3.036286158854844
18,106.10803661243608,-38.30938312228343,3,90.0,180.0,3,240,2100,16.474598313478577,13.89196338756392,-100.22702781887973,-3.31673617214875
19,-138.84479159661947,27.23671220706865,3,90.0,180.0,3,240,2100,15.759524296663631,258.84479159661953,-99.844193085195,-2.6394991249768958
20,-6.423353352355264,40.53917625321546,3,90.0,180.0,3,240,2100,15.521334938669431,126.42335335235526,-99.71237776545793,-2.8107364952730283
21,-2.254039650255095,50.28791179787072,3,90.0,180.0,3,240,2100,15.301809696557408,122.2540396502551,-99.5885424302348,-2.607553597363327
22,160.35712244780314,-73.86531805995025,3,90.0,180.0,3,240,2100,16.719198754192522,319.64287755219686,-100.35917273330092,-3.805298846693426
23,24.01506130124497,76.12393965525305,3,90.0,180.0,3,240,2100,14.2503195656287,95.98493869875506,-98.9715914152676,-1.8242170562290068
24,-9.771851273667721,-46.29689648618572,3,90.0,180.0,3,240,2100,16.53498947490979,129.77185127366772,-100.26248820869793,-3.608833054569858
25,-75.87231421126268,-84.97098841445445,3,90.0,180.0,3,240,2100,16.78477407131731,195.87231421126273,-100.39167497238495,-4.297640444229501
26,-62.07423290600535,9.499643840351766,3,90.0,180.0,3,240,2100,16.00841556063492,182.07423290600536,-99.9806514354901,-3.0233070748704316
27,8.286500076948215,-22.062775679793745,3,90.0,180.0,3,240,2100,16.339213131863133,111.71349992305176,-100.15973873183589,-3.593939984596771
28,-20.92106237088464,59.252692321133935,3,90.0,180.0,3,240,2100,15.04595656770743,140.9210623708846,-99.44208962091781,-2.3871224464793768
29,-172.95086616646296,53.88105817771833,3,90.0,180.0,3,240,2100,15.206971520944373,292.9508661664629,-99.53333352658252,-2.28952168384632
30,110.14298909254205,-28.62889699999979,3,90.0,180.0,3,240,2100,16.39615402382293,9.857010907457948,-100.1857720985814,-3.2136454372267735
31,148.09702197964964,80.04948023453318,3,90.0,180.0,3,240,2100,13.917779530613242,331.90297802035036,-98.76732780087282,-1.547434391565601
0,48.03276135602343,-16.792913832620584,4,-90.0,-180.0,1,0,2100,15.913446184841318,228.0327613560234,-99.92990563476233,-3.017304069076239
1,18.559532988273304,65.31849090001316,4,-90.0,-180.0,1,0,2100,16.66563168686824,198.55953298827328,-100.33072473043448,-3.7536999963384696
2,21.917439199512273,-48.22541710964768,4,-90.0,-180.0,1,0,2100,15.35244214508478,201.91743919951224,-99.61706203724505,-2.630933687607244
3,-67.32605902943493,-81.00776155286216,4,-90.0,-180.0,1,0,2100,13.816516649776997,112.67394097056513,-98.70898419619391,-1.5226816070562534
4,-168.43603768077722,-40.54523433619727,4,-90.0,-180.0,1,0,2100,15.521212448737861,11.563962319222753,-99.71667459801847,-2.471447156831599
5,-16.312123504978047,-30.580988742353675,4,-90.0,-180.0,1,0,2100,15.704768221473136,163.687876495022,-99.81458473181813,-2.986888655619771
6,-96.23664540451543,25.048287956811578,4,-90.0,-180.0,1,0,2100,16.36550585387518,83.76335459548454,-100.17441339274896,-3.217697088596763
7,164.63517531859554,36.01098471607341,4,-90.0,-180.0,1,0,2100,16.45652299501148,344.6351753185955,-100.22051293799453,-3.216884899087476
8,144.54996502407795,-9.766183656503486,4,-90.0,-180.0,1,0,2100,16.005099028418748,324.5499650240779,-99.98206567366785,-2.800429909229331
9,73.90744981759013,-40.101433293951466,4,-90.0,-180.0,1,0,2100,15.530146299333195,253.90744981759013,-99.71710180564702,-2.629362137164492
10,-85.5243755813749,-70.32522398964744,4,-90.0,-180.0,1,0,2100,14.599491706627873,94.4756244186251,-99.1810797286601,-2.0043688447527024
11,164.14067878123763,73.43098762429119,4,-90.0,-180.0,1,0,2100,16.716544702440483,344.1406787812376,-100.35314489781025,-3.791746742104558
12,96.80887077426445,-4.6726530760510485,4,-90.0,-180.0,1,0,2100,16.066648945679564,276.80887077426445,-100.01405318790285,-2.9492449779847494
13,40.962810388579214,-53.87154550463956,4,-90.0,-180.0,1,0,2100,15.207234856960701,220.9628103885792,-99.53413984731321,-2.4783686851571076
14,31.117689658819756,-63.56178782996487,4,-90.0,-180.0,1,0,2100,14.89496457438302,211.11768965881973,-99.35434306755502,-2.264797255098241
15,-179.85930499917248,10.957342956457978,4,-90.0,-180.0,1,0,2100,16.23485200992672,0.1406950008275203,-100.10442635456829,-2.9459754321559273
16,164.56013442197815,-71.93777317687534,4,-90.0,-180.0,1,0,2100,14.513977179411112,344.56013442197815,-99.13618084725282,-1.9028339688947569
17,-3.0634165643302538,29.486133909719356,4,-90.0,-180.0,1,0,2100,16.40335424587739,176.93658343566972,-100.19369948445998,-3.585494102107125
18,108.86200354151259,-38.28109177699876,4,-90.0,-180.0,1,0,2100,15.565977458280923,288.8620035415126,-99.7381237142214,-2.5743127774273478
19,-139.8025987984729,27.351017700333813,4,-90.0,-180.0,1,0,2100,16.38532351144444,40.1974012015271,-100.18551347275947,-3.15494243079053
20,-3.326760238411481,40.97440150108753,4,-90.0,-180.0,1,0,2100,16.495155804589906,176.67323976158855,-100.24202471741494,-3.5946654039044756
21,-2.5272048505762257,49.445897281767714,4,-90.0,-180.0,1,0,2100,16.557830597634442,177.47279514942375,-100.27478431567242,-3.6286752540533556
22,159.69549703847298,-73.52923337210804,4,-90.0,-180.0,1,0,2100,14.421741475720973,339.695497038473,-99.0794399899319,-1.8488759757739135
23,22.2144434054824,75.11106300594545,4,-90.0,-180.0,1,0,2100,16.726772251282846,202.2144434054824,-100.36215788102301,-3.9147081964706247
24,-9.101823636755512,-46.89845304467852,4,-90.0,-180.0,1,0,2100,15.383712937404578,170.8981763632445,-99.63482179934527,-2.6766478229992785
25,-72.33822803252282,-85.9087896234303,4,-90.0,-180.0,1,0,2100,13.02899689788107,107.66177196747725,-98.20322067751485,-1.0028391905746556
26,-61.023296061752035,10.331626713740206,4,-90.0,-180.0,1,0,2100,16.228634896258242,118.97670393824797,-100.10074706317202,-3.2069957149050077
27,7.918485657223783,-25.36435129351264,4,-90.0,-180.0,1,0,2100,15.788920075410743,187.91848565722378,-99.86129947434465,-3.125806781473849
28,-21.142031529120544,59.26713587616322,4,-90.0,-180.0,1,0,2100,16.62589145938949,158.85796847087943,-100.310107617097,-3.686886151046729
29,-171.5214966537676,53.90428521791989,4,-90.0,-180.0,1,0,2100,16.58930229529715,8.4785033462324,-100.28851716560796,-3.4361150100470814
30,111.34954956965277,-27.4733517178013,4,-90.0,-180.0,1,0,2100,15.755746822341239,291.34954956965277,-99.84405245287785,-2.6927011861106545
31,151.52496663076192,78.50117412788683,4,-90.0,-180.0,1,0,2100,16.7470966114832,331.5249666307619,-100.37018014504577,-3.947053267186802
0,48.03276135602343,-16.792913832620584,4,0.0,0.0,2,120,2100,15.5360515519803,352.0912490535078,-99.72099823228771,-2.7002263874260013
1,18.559532988273304,65.31849090001316,4,0.0,0.0,2,120,2100,15.820067267684662,248.3217838068224,-99.87837054450168,-3.0956784323086244
2,21.917439199512273,-48.22541710964768,4,0.0,0.0,2,120,2100,15.56804778110665,41.55933392170232,-99.73899355160435,-2.817980116276032
3,-67.32605902943493,-81.00776155286216,4,0.0,0.0,2,120,2100,16.0808269456991,68.30735547555733,-100.02084743420576,-3.5666256344104585
4,-168.43603768077722,-40.54523433619727,4,0.0,0.0,2,120,2100,16.548229375302547,73.18847511731744,-100.26914427063082,-3.3080670930764375
5,-16.312123504978047,-30.580988742353675,4,0.0,0.0,2,120,2100,15.154832732683868,85.42102774712751,-99.5055186707471,-2.513731074251912
6,-96.23664540451543,25.048287956811578,4,0.0,0.0,2,120,2100,16.180829654666915,175.17898680049007,-100.073985461199,-3.068566941651812
7,164.63517531859554,36.01098471607341,4,0.0,0.0,2,120,2100,16.570755369538865,260.02906992539647,-100.2814055971543,-3.30651167661261
8,144.54996502407795,-9.766183656503486,4,0.0,0.0,2,120,2100,16.58579102208182,346.5291074502953,-100.28743192715454,-3.2578420658501623
9,73.90744981759013,-40.101433293951466,4,0.0,0.0,2,120,2100,15.9737684660112,11.233432603927668,-99.96270039028548,-3.003380167554666
10,-85.5243755813749,-70.32522398964744,4,0.0,0.0,2,120,2100,16.103094369236263,79.61936740239517,-100.0327878530447,-3.3180946323788083
11,164.14067878123763,73.43098762429119,4,0.0,0.0,2,120,2100,16.282849426740057,244.64828338685112,-100.12919382743546,-3.470729385447433
12,96.80887077426445,-4.6726530760510485,4,0.0,0.0,2,120,2100,16.192657674274923,334.70569408419874,-100.08126174958906,-3.050140248662796
13,40.962810388579214,-53.87154550463956,4,0.0,0.0,2,120,2100,15.772173051619141,34.42664607533129,-99.85236936924501,-2.9666414481704173
14,31.117689658819756,-63.56178782996487,4,0.0,0.0,2,120,2100,15.83367348622354,45.58849910349181,-99.88624273142207,-3.084154811478835
15,-179.85930499917248,10.957342956457978,4,0.0,0.0,2,120,2100,16.750299707045798,239.2733385386211,-100.37405404356915,-3.3462818755874824
16,164.56013442197815,-71.93777317687534,4,0.0,0.0,2,120,2100,16.2966131130157,55.037901836358856,-100.13661858027099,-3.444642606069949
17,-3.0634165643302538,29.486133909719356,4,0.0,0.0,2,120,2100,15.008962052358473,234.60098858321038,-99.42148575385427,-2.4264051375869675
18,108.86200354151259,-38.28109177699876,4,0.0,0.0,2,120,2100,16.271263493114198,9.8281971193353,-100.1224726226079,-3.1573831094226996
19,-139.8025987984729,27.351017700333813,4,0.0,0.0,2,120,2100,16.508407279897316,188.71001645961064,-100.24800721916539,-3.2473399051401715
20,-3.326760238411481,40.97440150108753,4,0.0,0.0,2,120,2100,15.33580810609862,236.1773788777416,-99.60844279550045,-2.652230697125802
21,-2.5272048505762257,49.445897281767714,4,0.0,0.0,2,120,2100,15.52199670099928,237.83915891915706,-99.71314033060607,-2.7989200537516052
22,159.69549703847298,-73.52923337210804,4,0.0,0.0,2,120,2100,16.278115106980554,54.1421608987182,-100.1267724794689,-3.465219990272619
23,22.2144434054824,75.11106300594545,4,0.0,0.0,2,120,2100,15.954025499082276,245.7400674079235,-99.95170483795184,-3.3258670832872133
24,-9.101823636755512,-46.89845304467852,4,0.0,0.0,2,120,2100,15.482354652093274,68.42085638023485,-99.69113289995165,-2.76306198733743
25,-72.33822803252282,-85.9087896234303,4,0.0,0.0,2,120,2100,16.106086605406748,63.89897701022926,-100.03451228543555,-3.8827897601334076
26,-61.023296061752035,10.331626713740206,4,0.0,0.0,2,120,2100,15.73978415837628,161.77127594932705,-99.83428323662494,-2.8071858113262396
27,7.918485657223783,-25.36435129351264,4,0.0,0.0,2,120,2100,14.897047605791505,43.79629195107452,-99.35516548073916,-2.3501191172520417
28,-21.142031529120544,59.26713587616322,4,0.0,0.0,2,120,2100,15.73974320647124,227.8969728118151,-99.83411997675363,-2.9901413016174274
29,-171.5214966537676,53.90428521791989,4,0.0,0.0,2,120,2100,16.45357847303805,233.86443698735184,-100.21963979614873,-3.335651846204739
30,111.34954956965277,-27.4733517178013,4,0.0,0.0,2,120,2100,16.310073993542737,359.17408010419194,-100.14295051234286,-3.144263793725547
31,151.52496663076192,78.50117412788683,4,0.0,0.0,2,120,2100,16.226245132260694,245.53984401830394,-100.0989183046727,-3.5614985472876337
0,48.03276135602343,-16.792913832620584,4,90.0,180.0,3,240,2100,16.29104549884562,71.9672386439766,-100.13469568690957,-3.3208205685942325
1,18.559532988273304,65.31849090001316,4,90.0,180.0,3,240,2100,14.82620854809428,101.4404670117267,-99.31460157695582,-2.2262630104081325
2,21.917439199512273,-48.22541710964768,4,90.0,180.0,3,240,2100,16.549039715107252,98.08256080048773,-100.27013603558308,-3.602856259926382
3,-67.32605902943493,-81.00776155286216,4,90.0,180.0,3,240,2100,16.761862837486223,187.326059029435,-100.37981879035723,-4.074568231013483
4,-168.43603768077722,-40.54523433619727,4,90.0,180.0,3,240,2100,16.49187369906625,288.4360376807772,-100.24199900385523,-3.2681902611184803
5,-16.312123504978047,-30.580988742353675,4,90.0,180.0,3,240,2100,16.412475547698435,136.31212350497805,-100.19809781207204,-3.5511148937897277
6,-96.23664540451543,25.048287956811578,4,90.0,180.0,3,240,2100,15.793798080762157,216.2366454045154,-99.86266063928468,-2.7490737973974126
7,164.63517531859554,36.01098471607341,4,90.0,180.0,3,240,2100,15.608934611877562,315.36482468140446,-99.76201380222713,-2.521484218675167
8,144.54996502407795,-9.766183656503486,4,90.0,180.0,3,240,2100,16.2229832151078,335.45003497592205,-100.09853868873097,-2.976795586378273
9,73.90744981759013,-40.101433293951466,4,90.0,180.0,3,240,2100,16.488468311653673,46.092550182409866,-100.23777834657827,-3.409934005081923
10,-85.5243755813749,-70.32522398964744,4,90.0,180.0,3,240,2100,16.697358298447153,205.5243755813749,-100.34695978937563,-3.7711912067005016
11,164.14067878123763,73.43098762429119,4,90.0,180.0,3,240,2100,14.427688608959839,315.8593212187624,-99.0777291049789,-1.8483260365931151
12,96.80887077426445,-4.6726530760510485,4,90.0,180.0,3,240,2100,16.170579119384218,23.19112922573555,-100.0690074151045,-3.031801864757005
13,40.962810388579214,-53.87154550463956,4,90.0,180.0,3,240,2100,16.58907475908401,79.03718961142079,-100.29088153489245,-3.610861237413518
14,31.117689658819756,-63.56178782996487,4,90.0,180.0,3,240,2100,16.65425691139832,88.88231034118024,-100.3245473508551,-3.722712196335063
15,-179.85930499917248,10.957342956457978,4,90.0,180.0,3,240,2100,15.99014162325087,299.85930499917254,-99.97275961627268,-2.7459344192862662
16,164.56013442197815,-71.93777317687534,4,90.0,180.0,3,240,2100,16.707366041006548,315.43986557802185,-100.3534266113584,-3.756090739631568
17,-3.0634165643302538,29.486133909719356,4,90.0,180.0,3,240,2100,15.723026519084621,123.06341656433023,-99.82493101825867,-3.0447997832395983
18,108.86200354151259,-38.28109177699876,4,90.0,180.0,3,240,2100,16.474377795991092,11.137996458487407,-100.22641630028228,-3.3106898906260107
19,-139.8025987984729,27.351017700333813,4,90.0,180.0,3,240,2100,15.757701420665015,259.8025987984729,-99.84320788926516,-2.636882732764954
20,-3.326760238411481,40.97440150108753,4,90.0,180.0,3,240,2100,15.512496603562417,123.32676023841145,-99.70748049078898,-2.804111717340879
21,-2.5272048505762257,49.445897281767714,4,90.0,180.0,3,240,2100,15.322791014014763,122.5272048505762,-99.60044884597798,-2.625881006053712
22,159.69549703847298,-73.52923337210804,4,90.0,180.0,3,240,2100,16.717145666955833,320.304502961527,-100.35808091887296,-3.796789580769216
23,22.2144434054824,75.11106300594545,4,90.0,180.0,3,240,2100,14.320772897185513,97.78555659451757,-99.01431672803777,-1.872555015472811
24,-9.101823636755512,-46.89845304467852,4,90.0,180.0,3,240,2100,16.53939333824188,129.1018236367555,-100.26478768265281,-3.612221648863466
25,-72.33822803252282,-85.9087896234303,4,90.0,180.0,3,240,2100,16.79011951128105,192.33822803252286,-100.39434761108328,-4.381616876119757
26,-61.023296061752035,10.331626713740206,4,90.0,180.0,3,240,2100,15.99802663807931,181.02329606175203,-99.97500168026703,-3.0198513390290334
27,7.918485657223783,-25.36435129351264,4,90.0,180.0,3,240,2100,16.368249310235242,112.08151434277619,-100.17510409770112,-3.5845604278222583
28,-21.142031529120544,59.26713587616322,4,90.0,180.0,3,240,2100,15.045486707241832,141.14203152912052,-99.44181897396102,-2.3865449604276816
29,-171.5214966537676,53.90428521791989,4,90.0,180.0,3,240,2100,15.206328243351818,291.5214966537676,-99.53292448061374,-2.2893055231172608
30,111.34954956965277,-27.4733517178013,4,90.0,180.0,3,240,2100,16.386365430726308,8.650450430347234,-100.18047808007806,-3.1998691294757404
31,151.52496663076192,78.50117412788683,4,90.0,180.0,3,240,2100,14.062399553592062,328.4750333692381,-98.85652545151572,-1.6344166361825168
0,45.645419942421654,-17.982260584525847,5,-90.0,-180.0,1,0,2100,15.89706643446039,225.64541994242163,-99.92091643612848,-3.0166815256268737
1,18.71614898772833,65.38612732271395,5,-90.0,-180.0,1,0,2100,16.666067061277833,198.71614898772833,-100.33094839695521,-3.754448596488258
2,20.64485523123804,-48.24354681397224,5,-90.0,-180.0,1,0,2100,15.352008062100506,200.64485523123804,-99.61681961749865,-2.632824826144895
3,-67.23200427885233,-80.32915971735403,5,-90.0,-180.0,1,0,2100,13.889269970697065,112.76799572114766,-98.75398096029124,-1.5695494114993822
4,-169.48391885086295,-42.57302214546937,5,-90.0,-180.0,1,0,2100,15.479345249539927,10.516081149137051,-99.6932751463464,-2.447247954368575
5,-14.811871448359483,-29.578947458059965,5,-90.0,-180.0,1,0,2100,15.721491585190849,165.1881285516405,-99.8238689507094,-3.012152795224527
6,-92.03364699035336,26.001123085452406,5,-90.0,-180.0,1,0,2100,16.37375379055593,87.96635300964664,-100.17868455424303,-3.2368426169467277
7,166.96940985085809,36.22722745964191,5,-90.0,-180.0,1,0,2100,16.458237586779926,346.9694098508581,-100.2211674713098,-3.2178365533654407
8,146.27465540041402,-10.904593159184898,5,-90.0,-180.0,1,0,2100,15.9908087591945,326.274655400414,-99.97438096770705,-2.787328401814136
9,72.75901667555283,-40.72972188357615,5,-90.0,-180.0,1,0,2100,15.517475043891283,252.75901667555286,-99.70996643197948,-2.623656330104293
10,-85.45737120096344,-71.6612409023472,5,-90.0,-180.0,1,0,2100,14.529171133693158,94.5426287990366,-99.13948232976131,-1.9604566392044505
11,163.82663074396112,73.68186477392157,5,-90.0,-180.0,1,0,2100,16.718078590107694,343.8266307439611,-100.35396638057351,-3.7982776078545246
12,96.74522643519884,-4.3144164412453705,5,-90.0,-180.0,1,0,2100,16.070838536725798,276.74522643519884,-100.01632370039552,-2.952685451362532
13,46.52933900108664,-53.81913460308528,5,-90.0,-180.0,1,0,2100,15.208684487458905,226.5293390010866,-99.53486619176091,-2.468169286259524
14,31.665450638866986,-64.01605640274232,5,-90.0,-180.0,1,0,2100,14.877632979310818,211.66545063886696,-99.34424285464945,-2.251800492763619
15,-175.9752353586183,10.395112249341508,5,-90.0,-180.0,1,0,2100,16.229267453060228,4.024764641381694,-100.10187225671191,-2.9417916325506956
16,166.18529367948912,-70.85871858016233,5,-90.0,-180.0,1,0,2100,14.572001643213591,346.18529367948906,-99.17125486799479,-1.936562267421149
17,-2.955913425183695,29.211141454099746,5,-90.0,-180.0,1,0,2100,16.40105013447803,177.04408657481633,-100.19248326916626,-3.5859959117087836
18,107.94864997286015,-37.704803551917344,5,-90.0,-180.0,1,0,2100,15.577058532799185,287.94864997286015,-99.7443013011928,-2.5830765827529234
19,-138.22499495844636,26.626663998390455,5,-90.0,-180.0,1,0,2100,16.379131844314692,41.77500504155364,-100.18226504815775,-3.1501064041115283
20,-1.0309691093334834,40.629034716823696,5,-90.0,-180.0,1,0,2100,16.492515419079798,178.96903089066655,-100.24064155267322,-3.594457490590232
21,-1.0527482084333712,49.99386578176802,5,-90.0,-180.0,1,0,2100,16.56175251025803,178.9472517915666,-100.27683070424861,-3.6318082420187583
22,160.23441522136835,-73.38495237662976,5,-90.0,-180.0,1,0,2100,14.430463149041453,340.23441522136835,-99.08484320590208,-1.8539902840857472
23,22.644026006153553,74.32998621853872,5,-90.0,-180.0,1,0,2100,16.722030412278915,202.64402600615355,-100.35972499303982,-3.8974132174088045
24,-9.01944745462356,-47.85589724313858,5,-90.0,-180.0,1,0,2100,15.361248817229278,170.98055254537644,-99.622129982132,-2.656503368738148
25,-65.55914694245877,-87.10023282861602,5,-90.0,-180.0,1,0,2100,12.684787386225118,114.44085305754129,-97.97145367808653,-0.7693352574590877
26,-64.61193843158983,9.5912261713584,5,-90.0,-180.0,1,0,2100,16.221228000546716,115.38806156841014,-100.0968171189059,-3.185371157537613
27,7.743051521931449,-27.127814330234656,5,-90.0,-180.0,1,0,2100,15.761257849863718,187.74305152193142,-99.8460059901172,-3.0877179197482336
28,-21.73795955610936,59.003549648562824,5,-90.0,-180.0,1,0,2100,16.624124029379562,158.26204044389067,-100.30919328299692,-3.6838900724936217
29,-172.82080684104577,53.205157000178446,5,-90.0,-180.0,1,0,2100,16.584432169463426,7.179193158954206,-100.28583774131664,-3.4259081787945327
30,111.33128059589058,-27.51959269666213,5,-90.0,-180.0,1,0,2100,15.755007008510612,291.3312805958906,-99.8436426262877,-2.6922494949296194
31,154.9307850418379,79.38230137967057,5,-90.0,-180.0,1,0,2100,16.752312191801213,334.9307850418379,-100.37240583275515,-3.978491040281416
0,45.645419942421654,-17.982260584525847,5,0.0,0.0,2,120,2100,15.498035022986612,354.41506756557953,-99.69972955255103,-2.6806992047073868
1,18.71614898772833,65.38612732271395,5,0.0,0.0,2,120,2100,15.821358178830529,248.3628283022511,-99.87907970456774,-3.0971867851167363
2,20.64485523123804,-48.24354681397224,5,0.0,0.0,2,120,2100,15.560760844299548,42.52829206959325,-99.73492123818903,-2.8140110863086476
3,-67.23200427885233,-80.32915971735403,5,0.0,0.0,2,120,2100,16.07766478685911,68.92992618043445,-100.01913014443429,-3.5390216519037443
4,-169.48391885086295,-42.57302214546937,5,0.0,0.0,2,120,2100,16.53566940026016,71.23649878557572,-100.26259193773267,-3.3101356767154
5,-14.811871448359483,-29.578947458059965,5,0.0,0.0,2,120,2100,15.109902445279442,84.24697908913544,-99.47967871461336,-2.4851461447069
6,-92.03364699035336,26.001123085452406,5,0.0,0.0,2,120,2100,16.140068352903885,176.01534930077582,-100.05208516983514,-3.0488445580913193
7,166.96940985085809,36.22722745964191,5,0.0,0.0,2,120,2100,16.574604532532266,257.1062932558344,-100.28339175552638,-3.3094103204909446
8,146.27465540041402,-10.904593159184898,5,0.0,0.0,2,120,2100,16.59519586450529,349.1362297815829,-100.29206595656464,-3.2633336050202026
9,72.75901667555283,-40.72972188357615,5,0.0,0.0,2,120,2100,15.964224281789114,12.036185012784188,-99.95751995049355,-3.000775593203539
10,-85.45737120096344,-71.6612409023472,5,0.0,0.0,2,120,2100,16.103970633374942,78.28498916835761,-100.03327151041348,-3.340355174546672
11,163.82663074396112,73.68186477392157,5,0.0,0.0,2,120,2100,16.280336558254554,244.66203414376616,-100.1278540761164,-3.47427574128192
12,96.74522643519884,-4.3144164412453705,5,0.0,0.0,2,120,2100,16.192036416676494,334.34437318766936,-100.08093369928511,-3.0496686055224527
13,46.52933900108664,-53.81913460308528,5,0.0,0.0,2,120,2100,15.810374255052592,32.04154968260639,-99.873420709278,-2.987411350062652
14,31.665450638866986,-64.01605640274232,5,0.0,0.0,2,120,2100,15.841214875886113,45.64833735887214,-99.89038749140529,-3.0932414583374412
15,-175.9752353586183,10.395112249341508,5,0.0,0.0,2,120,2100,16.749229363769615,219.06283979755955,-100.37333570013533,-3.3449079799581662
16,166.18529367948912,-70.85871858016233,5,0.0,0.0,2,120,2100,16.307521499803695,55.26223114541574,-100.14241583626428,-3.4319355407656316
17,-2.955913425183695,29.211141454099746,5,0.0,0.0,2,120,2100,14.999350969072335,234.73068091247194,-99.41591961261632,-2.420114177932061
18,107.94864997286015,-37.704803551917344,5,0.0,0.0,2,120,2100,16.265617239406048,9.096167091438588,-100.11945231498842,-3.1521132108114007
19,-138.22499495844636,26.626663998390455,5,0.0,0.0,2,120,2100,16.50152263883846,186.9627782599938,-100.24437774815102,-3.241975420562469
20,-1.0309691093334834,40.629034716823696,5,0.0,0.0,2,120,2100,15.324903028217225,238.7986215255794,-99.60222667589981,-2.6445479583189084
21,-1.0527482084333712,49.99386578176802,5,0.0,0.0,2,120,2100,15.532216669293812,239.11656701174837,-99.71884524273463,-2.807828791719608
22,160.23441522136835,-73.38495237662976,5,0.0,0.0,2,120,2100,16.279910198416285,54.23776711691971,-100.12772908027743,-3.4632583544377034
23,22.644026006153553,74.32998621853872,5,0.0,0.0,2,120,2100,15.945151420972534,246.16419570867117,-99.94687132538647,-3.3043234990530412
24,-9.01944745462356,-47.85589724313858,5,0.0,0.0,2,120,2100,15.501590455499395,68.07475879484875,-99.70192437744615,-2.7789756401994605
25,-65.55914694245877,-87.10023282861602,5,0.0,0.0,2,120,2100,16.10654774521983,62.640301547202284,-100.03476941973288,-4.027785930578197
26,-64.61193843158983,9.5912261713584,5,0.0,0.0,2,120,2100,15.794409518577389,160.59439348501314,-99.86429856396778,-2.836601281578065
27,7.743051521931449,-27.127814330234656,5,0.0,0.0,2,120,2100,14.957005016767589,45.26639225707004,-99.39022659036678,-2.3892500907932486
28,-21.73795955610936,59.003549648562824,5,0.0,0.0,2,120,2100,15.737913194036988,227.45576135777304,-99.8331098062998,-2.9868449217001034
29,-172.82080684104577,53.205157000178446,5,0.0,0.0,2,120,2100,16.460076804318437,234.6598420009484,-100.2230743756917,-3.3343245747714523
30,111.33128059589058,-27.51959269666213,5,0.0,0.0,2,120,2100,16.309852033063596,359.21912113588724,-100.14283010818777,-3.144257450620332
31,154.9307850418379,79.38230137967057,5,0.0,0.0,2,120,2100,16.221391225171843,244.54153557969812,-100.09630308560894,-3.5868127727123
0,45.645419942421654,-17.982260584525847,5,90.0,180.0,3,240,2100,16.302120883262205,74.35458005757835,-100.14056483019608,-3.3419705557758745
1,18.71614898772833,65.38612732271395,5,90.0,180.0,3,240,2100,14.823464419210218,101.28385101227167,-99.31299307288307,-2.2241754716173627
2,20.64485523123804,-48.24354681397224,5,90.0,180.0,3,240,2100,16.549170866922015,99.35514476876199,-100.27019447072148,-3.605045593819281
3,-67.23200427885233,-80.32915971735403,5,90.0,180.0,3,240,2100,16.757886691622442,187.23200427885234,-100.37778073675834,-4.047450857822322
4,-169.48391885086295,-42.57302214546937,5,90.0,180.0,3,240,2100,16.507287512197536,289.4839188508629,-100.25011738738117,-3.2918276579557766
5,-14.811871448359483,-29.578947458059965,5,90.0,180.0,3,240,2100,16.404130716832476,134.81187144835945,-100.19371107598067,-3.555666085780289
6,-92.03364699035336,26.001123085452406,5,90.0,180.0,3,240,2100,15.77901951564516,212.03364699035336,-99.85448894650969,-2.749887627506075
7,166.96940985085809,36.22722745964191,5,90.0,180.0,3,240,2100,15.604921259795468,313.0305901491419,-99.75969177435918,-2.517846570588704
8,146.27465540041402,-10.904593159184898,5,90.0,180.0,3,240,2100,16.23432937752961,333.725344599586,-100.10470513359883,-2.9847081759232257
9,72.75901667555283,-40.72972188357615,5,90.0,180.0,3,240,2100,16.49328590916111,47.24098332444714,-100.24034846748994,-3.4186897439418313
10,-85.45737120096344,-71.6612409023472,5,90.0,180.0,3,240,2100,16.705656936130097,205.4573712009634,-100.35124400768032,-3.7981392319614695
11,163.82663074396112,73.68186477392157,5,90.0,180.0,3,240,2100,14.412431470688349,316.1733692560389,-99.06859271983139,-1.8394767742792033
12,96.74522643519884,-4.3144164412453705,5,90.0,180.0,3,240,2100,16.166787991972893,23.254773564801155,-100.06699806648587,-3.028811431133888
13,46.52933900108664,-53.81913460308528,5,90.0,180.0,3,240,2100,16.58871040318036,73.47066099891333,-100.29063344184873,-3.6001083868833117
14,31.665450638866986,-64.01605640274232,5,90.0,180.0,3,240,2100,16.657210757945197,88.33454936113299,-100.32606358891987,-3.7276475803055975
15,-175.9752353586183,10.395112249341508,5,90.0,180.0,3,240,2100,15.997229447999961,295.9752353586183,-99.97653124564407,-2.751370841043655
16,166.18529367948912,-70.85871858016233,5,90.0,180.0,3,240,2100,16.700680351517693,313.8147063205109,-100.35009785882542,-3.7306721746335163
17,-2.955913425183695,29.211141454099746,5,90.0,180.0,3,240,2100,15.727560512641677,122.95591342518367,-99.82743962849834,-3.05089295090641
18,107.94864997286015,-37.704803551917344,5,90.0,180.0,3,240,2100,16.469875288870817,12.051350027139847,-100.22427470371886,-3.306768723674913
19,-138.22499495844636,26.626663998390455,5,90.0,180.0,3,240,2100,15.76919718721694,258.22499495844636,-99.84955374025967,-2.646666146922705
20,-1.0309691093334834,40.629034716823696,5,90.0,180.0,3,240,2100,15.519516526336401,121.03096910933345,-99.71146843269021,-2.812075905749029
21,-1.0527482084333712,49.99386578176802,5,90.0,180.0,3,240,2100,15.309186862642276,121.05274820843334,-99.59275488608883,-2.61419368085099
22,160.23441522136835,-73.38495237662976,5,90.0,180.0,3,240,2100,16.71626298273345,319.76558477863165,-100.35766572183697,-3.7929282602776886
23,22.644026006153553,74.32998621853872,5,90.0,180.0,3,240,2100,14.371903349406203,97.35597399384648,-99.04511614668529,-1.9070444595544878
24,-9.01944745462356,-47.85589724313858,5,90.0,180.0,3,240,2100,16.546362822149206,129.01944745462356,-100.26843321514659,-3.6169093386456734
25,-65.55914694245877,-87.10023282861602,5,90.0,180.0,3,240,2100,16.796869750469547,185.55914694245882,-100.39769276646213,-4.5262967283532705
26,-64.61193843158983,9.5912261713584,5,90.0,180.0,3,240,2100,16.00727724945672,184.6119384315898,-99.98000659861198,-3.01132625021585
27,7.743051521931449,-27.127814330234656,5,90.0,180.0,3,240,2100,16.38341968568344,112.25694847806852,-100.18313124039693,-3.581311114320322
28,-21.73795955610936,59.003549648562824,5,90.0,180.0,3,240,2100,15.054026823235194,141.7379595561094,-99.4467275255865,-2.392418382991981
29,-172.82080684104577,53.205157000178446,5,90.0,180.0,3,240,2100,15.225511783908159,292.82080684104574,-99.54394924339161,-2.299929545336575
30,111.33128059589058,-27.51959269666213,5,90.0,180.0,3,240,2100,16.38675898276284,8.668719404109424,-100.18068362824032,-3.200344771895911
31,154.9307850418379,79.38230137967057,5,90.0,180.0,3,240,2100,13.982676976257022,325.0692149581621,-98.80743993526092,-1.5856021246192813
0,46.159950369340095,-17.814755835342353,6,-90.0,-180.0,1,0,2100,15.899389615291922,226.15995036934007,-99.92219439984817,-3.0157948981869853
1,18.774290535298178,65.4347460429793,6,-90.0,-180.0,1,0,2100,16.666379902029647,198.77429053529818,-100.33111443161171,-3.755017176856828
2,13.912801796667651,-48.011554991935164,6,-90.0,-180.0,1,0,2100,15.357548515804927,193.91280179666762,-99.62000949544465,-2.6478893701595982
3,-68.00715596927043,-79.79413773524934,6,-90.0,-180.0,1,0,2100,13.943117007518161,111.9928440307296,-98.78706988348723,-1.603660213819524
4,-172.44736706506382,-45.06865967580338,6,-90.0,-180.0,1,0,2100,15.425289594240077,7.5526329349361845,-99.66308153823474,-2.4159110163611213
5,-14.525136624165498,-28.734930405658844,6,-90.0,-180.0,1,0,2100,15.73536384026982,165.4748633758345,-99.83156600635539,-3.029874996563408
6,-89.84332758412584,27.73357373431901,6,-90.0,-180.0,1,0,2100,16.38857813855634,90.15667241587414,-100.18648315174505,-3.2581098437466323
7,169.08684786013202,36.67950523838242,6,-90.0,-180.0,1,0,2100,16.46181422725863,349.08684786013197,-100.22278619486168,-3.2217640066095927
8,144.68476110150021,-11.767350231911962,6,-90.0,-180.0,1,0,2100,15.979841031743,324.6847611015002,-99.96839365736678,-2.782125766607888
9,70.72383137735463,-40.459523635502215,6,-90.0,-180.0,1,0,2100,15.522944061385102,250.7238313773546,-99.71302732432456,-2.6329691047547406
10,-83.98159011126329,-72.53043849139385,6,-90.0,-180.0,1,0,2100,14.480614378656758,96.01840988873676,-99.11071854075763,-1.9315651444823074
11,165.51036950902238,73.33149273136448,6,-90.0,-180.0,1,0,2100,16.715935728665876,345.5103695090224,-100.35262666842786,-3.7887899682143127
12,98.48142715912309,-2.177641505569568,6,-90.0,-180.0,1,0,2100,16.095470063351744,278.4814271591231,-100.02969978164768,-2.967451853650822
13,46.54886748215611,-53.801404768969235,6,-90.0,-180.0,1,0,2100,15.209174400755186,226.54886748215608,-99.53514977712463,-2.4684935400242
14,32.14850737326583,-64.78081606263001,6,-90.0,-180.0,1,0,2100,14.84775916874609,212.1485073732658,-99.32682888373466,-2.230032246762433
15,-169.52750359373098,13.123814961061058,6,-90.0,-180.0,1,0,2100,16.256084280697625,10.472496406269045,-100.11650160231336,-2.974861361938457
16,167.9628695899229,-69.70282697153088,6,-90.0,-180.0,1,0,2100,14.630635899537458,347.9628695899229,-99.20656444754694,-1.970481231689676
17,-3.630242132296445,29.230099779561314,6,-90.0,-180.0,1,0,2100,16.401209153311978,176.36975786770358,-100.1925637708179,-3.5852487761848852
18,108.41677150337654,-37.714769304559304,6,-90.0,-180.0,1,0,2100,15.576867947405105,288.4167715033765,-99.7442162255837,-2.5820872187567847
19,-140.2339756102536,26.79656952345256,6,-90.0,-180.0,1,0,2100,16.3805876166423,39.766024389746406,-100.18301883635031,-3.148750477343405
20,0.4092272945473212,41.191315871841425,6,-90.0,-180.0,1,0,2100,16.496810593076827,180.4092272945473,-100.24290017287645,-3.5960184933159347
21,0.5571773588560802,50.10141181440645,6,-90.0,-180.0,1,0,2100,16.562520434886736,180.55717735885605,-100.27723915865151,-3.632431884401861
22,160.62122883893932,-73.51155645388688,6,-90.0,-180.0,1,0,2100,14.422814129476137,340.62122883893926,-99.08034105955531,-1.8494897041249834
23,22.24477041737572,72.79784234697206,6,-90.0,-180.0,1,0,2100,16.71266309554838,202.24477041737572,-100.35492370987392,-3.8666101757520277
24,-7.635610992923574,-48.73079725012192,6,-90.0,-180.0,1,0,2100,15.340270583626406,172.3643890070764,-99.61026330684797,-2.638930171340175
25,-64.95763935127235,-89.84392414091208,6,-90.0,-180.0,1,0,2100,9.762798281565045,115.04236064872885,-95.66169777373175,1.547732290070564
26,-65.39918820884438,9.26622864037492,6,-90.0,-180.0,1,0,2100,16.21795934973062,114.60081179115559,-100.09507444110633,-3.179354857541225
27,7.790072066636725,-27.016932756627128,6,-90.0,-180.0,1,0,2100,15.763019899264137,187.7900720666367,-99.84698207264327,-3.0899872016100636
28,-20.479233215103648,56.83123021505122,6,-90.0,-180.0,1,0,2100,16.60943773490414,159.5207667848963,-100.30158221775153,-3.6659408634092894
29,-172.17343934144844,52.96776812775806,6,-90.0,-180.0,1,0,2100,16.58277311026444,7.826560658551557,-100.28510407853699,-3.4228797780450826
30,110.77916570143844,-28.382476238618786,6,-90.0,-180.0,1,0,2100,15.741100292803852,290.77916570143844,-99.83591080856488,-2.6842949185605116
31,159.75194755922092,77.88630806424763,6,-90.0,-180.0,1,0,2100,16.74344090639241,339.7519475592209,-100.36731776245529,-3.923159542596008
0,46.159950369340095,-17.814755835342353,6,0.0,0.0,2,120,2100,15.506719000806164,354.0143254514926,-99.70459163559389,-2.685305482439573
1,18.774290535298178,65.4347460429793,6,0.0,0.0,2,120,2100,15.822166776203657,248.36899412944575,-99.8795256080913,-3.0981999058889507
2,13.912801796667651,-48.011554991935164,6,0.0,0.0,2,120,2100,15.522268787294834,47.788935724132784,-99.71338828153564,-2.791191098730529
3,-68.00715596927043,-79.79413773524934,6,0.0,0.0,2,120,2100,16.076770552736356,69.47717266441268,-100.01864750743968,-3.5196259291880594
4,-172.44736706506382,-45.06865967580338,6,0.0,0.0,2,120,2100,16.52125390374571,67.47013525591962,-100.25505494373559,-3.314113999739992
5,-14.525136624165498,-28.734930405658844,6,0.0,0.0,2,120,2100,15.083251723855847,84.58134241985513,-99.46432820521215,-2.4675774585053927
6,-89.84332758412584,27.73357373431901,6,0.0,0.0,2,120,2100,16.118421599828274,177.7336619662782,-100.04042943539683,-3.0413338734646853
7,169.08684786013202,36.67950523838242,6,0.0,0.0,2,120,2100,16.57563692252517,254.261595992622,-100.28390092225007,-3.3116842892729474
8,144.68476110150021,-11.767350231911962,6,0.0,0.0,2,120,2100,16.58313133939958,349.8172439331295,-100.2858233072349,-3.2579413949029505
9,70.72383137735463,-40.459523635502215,6,0.0,0.0,2,120,2100,15.943660853465264,12.098192582663842,-99.94632287425624,-2.988409578595366
10,-83.98159011126329,-72.53043849139385,6,0.0,0.0,2,120,2100,16.09971897141693,77.37908652585165,-100.03098485184077,-3.353297322644017
11,165.51036950902238,73.33149273136448,6,0.0,0.0,2,120,2100,16.284758539477046,244.2843191080642,-100.13021012013445,-3.4699306663913925
12,98.48142715912309,-2.177641505569568,6,0.0,0.0,2,120,2100,16.209959249756547,332.2016965555609,-100.09057368449967,-3.0587432943447137
13,46.54886748215611,-53.801404768969235,6,0.0,0.0,2,120,2100,15.810349843292107,32.018472434806654,-99.87340642403925,-2.987274800655549
14,32.14850737326583,-64.78081606263001,6,0.0,0.0,2,120,2100,15.852136886107191,45.93074639336032,-99.89638321017965,-3.1078082441402435
15,-169.52750359373098,13.123814961061058,6,0.0,0.0,2,120,2100,16.715543464457518,202.05951809022633,-100.3558663837166,-3.330065464720546
16,167.9628695899229,-69.70282697153088,6,0.0,0.0,2,120,2100,16.319105207865736,55.58941546041228,-100.14857175378738,-3.419656332971253
17,-3.630242132296445,29.230099779561314,6,0.0,0.0,2,120,2100,15.00233525264274,233.54425062214028,-99.41767465623306,-2.421930543420544
18,108.41677150337654,-37.714769304559304,6,0.0,0.0,2,120,2100,16.269079840254495,9.181523778129701,-100.12129358022469,-3.1540255135299553
19,-140.2339756102536,26.79656952345256,6,0.0,0.0,2,120,2100,16.51293336901615,188.29409160202943,-100.25037652804797,-3.2483585685184284
20,0.4092272945473212,41.191315871841425,6,0.0,0.0,2,120,2100,15.338422050706956,240.46758519861697,-99.60985397301322,-2.654509979157045
21,0.5571773588560802,50.10141181440645,6,0.0,0.0,2,120,2100,15.534248415257732,240.46583165006035,-99.71996561360159,-2.809576580665658
22,160.62122883893932,-73.51155645388688,6,0.0,0.0,2,120,2100,16.27914880783562,54.39072532681962,-100.1273245019088,-3.4652521535905176
23,22.24477041737572,72.79784234697206,6,0.0,0.0,2,120,2100,15.925751111479162,246.6846157319012,-99.93627780048595,-3.263688824657407
24,-7.635610992923574,-48.73079725012192,6,0.0,0.0,2,120,2100,15.515541914034221,66.65092803282866,-99.70973432154058,-2.791633474871535
25,-64.95763935127235,-89.84392414091208,6,0.0,0.0,2,120,2100,16.11922928535271,60.14140402370438,-100.0416191917091,-5.636187900515513
26,-65.39918820884438,9.26622864037492,6,0.0,0.0,2,120,2100,15.805877418477348,160.17282130537654,-99.87059325238151,-2.8426417511251074
27,7.790072066636725,-27.016932756627128,6,0.0,0.0,2,120,2100,14.953650866794726,45.11358043268967,-99.38826948077259,-2.3870245393930363
28,-20.479233215103648,56.83123021505122,6,0.0,0.0,2,120,2100,15.700527123833496,227.1193673416406,-99.81246151407416,-2.9483222109681155
29,-172.17343934144844,52.96776812775806,6,0.0,0.0,2,120,2100,16.461428352498015,234.13428216294386,-100.22377945426096,-3.333382703654444
30,110.77916570143844,-28.382476238618786,6,0.0,0.0,2,120,2100,16.304016538876542,0.02327002827820479,-100.13941032407062,-3.14298287719168
31,159.75194755922092,77.88630806424763,6,0.0,0.0,2,120,2100,16.238781188288215,244.24817109395502,-100.10561808164213,-3.5507563635623995
0,46.159950369340095,-17.814755835342353,6,90.0,180.0,3,240,2100,16.30056845430227,73.8400496306599,-100.13974571308064,-3.3380361746055547
1,18.774290535298178,65.4347460429793,6,90.0,180.0,3,240,2100,14.821487209704072,101.22570946470182,-99.3118458988503,-2.222715059053824
2,13.912801796667651,-48.011554991935164,6,90.0,180.0,3,240,2100,16.547491318852366,106.08719820333232,-100.26927078546365,-3.6131429283280996
3,-68.00715596927043,-79.79413773524934,6,90.0,180.0,3,240,2100,16.75474064194494,188.00715596927046,-100.37617325786346,-4.027144289152677
4,-172.44736706506382,-45.06865967580338,6,90.0,180.0,3,240,2100,16.525937146134464,292.4473670650639,-100.25993346545427,-3.321265102113997
5,-14.525136624165498,-28.734930405658844,6,90.0,180.0,3,240,2100,16.39704744895721,134.5251366241655,-100.18997122712317,-3.5562246145555
6,-89.84332758412584,27.73357373431901,6,90.0,180.0,3,240,2100,15.751576360844702,209.84332758412586,-99.83928863428099,-2.736768530027997
7,169.08684786013202,36.67950523838242,6,90.0,180.0,3,240,2100,15.59647478312782,310.913152139868,-99.75488676569823,-2.5119736836085482
8,144.68476110150021,-11.767350231911962,6,90.0,180.0,3,240,2100,16.24284325659246,335.3152388984998,-100.10915440554005,-2.9952677307037705
9,70.72383137735463,-40.459523635502215,6,90.0,180.0,3,240,2100,16.491216924082206,49.27616862264534,-100.23938069958383,-3.4215927702419844
10,-83.98159011126329,-72.53043849139385,6,90.0,180.0,3,240,2100,16.711019193577478,203.98159011126324,-100.35397098080558,-3.8177687911756717
11,165.51036950902238,73.33149273136448,6,90.0,180.0,3,240,2100,14.433675525997806,314.4896304909776,-99.08128442182041,-1.8516126127726102
12,98.48142715912309,-2.177641505569568,6,90.0,180.0,3,240,2100,16.143871538955064,21.518572840876914,-100.05464057248138,-3.0049324687410084
13,46.54886748215611,-53.801404768969235,6,90.0,180.0,3,240,2100,16.588587116901365,73.45113251784386,-100.29056372975379,-3.5998982257392513
14,32.14850737326583,-64.78081606263001,6,90.0,180.0,3,240,2100,16.66216392455487,87.85149262673417,-100.3286039796734,-3.736647776545622
15,-169.52750359373098,13.123814961061058,6,90.0,180.0,3,240,2100,15.962350098286052,289.527503593731,-99.95720459250214,-2.732992364031071
16,167.9628695899229,-69.70282697153088,6,90.0,180.0,3,240,2100,16.693468653361293,312.0371304100771,-100.34649538380204,-3.7047381560393324
17,-3.630242132296445,29.230099779561314,6,90.0,180.0,3,240,2100,15.727248592332426,123.63024213229642,-99.82724792023728,-3.0497088972417026
18,108.41677150337654,-37.714769304559304,6,90.0,180.0,3,240,2100,16.469953323234705,11.583228496623462,-100.22421934411406,-3.3058769542827027
19,-140.2339756102536,26.79656952345256,6,90.0,180.0,3,240,2100,15.766512561788145,260.23397561025365,-99.84811541571277,-2.6418711008418083
20,0.4092272945473212,41.191315871841425,6,90.0,180.0,3,240,2100,15.50806227480706,119.59077270545265,-99.70507132280237,-2.800539742559696
21,0.5571773588560802,50.10141181440645,6,90.0,180.0,3,240,2100,15.306495004885631,119.44282264114389,-99.59124274873552,-2.6118943138038597
22,160.62122883893932,-73.51155645388688,6,90.0,180.0,3,240,2100,16.71703756473851,319.3787711610607,-100.35808912029589,-3.7960503005884854
23,22.24477041737572,72.79784234697206,6,90.0,180.0,3,240,2100,14.465189183393669,97.75522958262428,-99.10108060642527,-1.9708447997696545
24,-7.635610992923574,-48.73079725012192,6,90.0,180.0,3,240,2100,16.55268924988871,127.63561099292355,-100.27174453965584,-3.6223505401803298
25,-64.95763935127235,-89.84392414091208,6,90.0,180.0,3,240,2100,16.81224327688045,184.95763935127354,-100.40550667216168,-6.094385209916902
26,-65.39918820884438,9.26622864037492,6,90.0,180.0,3,240,2100,16.011310919584297,185.39918820884435,-99.98220560513593,-3.011143568099243
27,7.790072066636725,-27.016932756627128,6,90.0,180.0,3,240,2100,16.382472565794842,112.20992793336325,-100.18263505430947,-3.5813825730548796
28,-20.479233215103648,56.83123021505122,6,90.0,180.0,3,240,2100,15.121762875205354,140.47923321510365,-99.48560944653462,-2.44579172166604
29,-172.17343934144844,52.96776812775806,6,90.0,180.0,3,240,2100,15.231942747974049,292.17343934144844,-99.54760400248618,-2.303593458053747
30,110.77916570143844,-28.382476238618786,6,90.0,180.0,3,240,2100,16.394074622922243,9.220834298561556,-100.18458391743395,-3.2098956035045516
31,159.75194755922092,77.88630806424763,6,90.0,180.0,3,240,2100,14.114490959662701,320.2480524407791,-98.88835414874136,-1.664180010891245
0,47.49922289394402,-16.893988554412758,7,-90.0,-180.0,1,0,2100,15.912064562456063,227.499222893944,-99.92915459094426,-3.0190653754877665
1,18.866536151644,65.18958949987936,7,-90.0,-180.0,1,0,2100,16.664801425704574,198.866536151644,-100.33030072457616,-3.751943974256924
2,10.950349977027344,-49.06477613823321,7,-90.0,-180.0,1,0,2100,15.332144971260329,190.95034997702732,-99.60563263229604,-2.6289322579673873
3,-68.18769575762751,-79.75104134279457,7,-90.0,-180.0,1,0,2100,13.9473308227879,111.81230424237253,-98.78964410675653,-1.6062527714931027
4,-172.3569118333569,-46.62070874360895,7,-90.0,-180.0,1,0,2100,15.390136214608019,7.6430881666431105,-99.64324336985597,-2.3960910738349686
5,-15.777502887808907,-28.326486205297087,7,-90.0,-180.0,1,0,2100,15.742008550697069,164.22249711219115,-99.83523797941969,-3.032536277788479
6,-89.73812406166347,27.769993616225364,7,-90.0,-180.0,1,0,2100,16.388887432210172,90.26187593833652,-100.18663866629934,-3.25869900316543
7,169.48995493011734,36.97034472361693,7,-90.0,-180.0,1,0,2100,16.46410746411358,349.4899549301173,-100.22392190850377,-3.224849536202947
8,143.8433398558871,-13.267951504390567,7,-90.0,-180.0,1,0,2100,15.960473420643748,323.8433398558871,-99.95785251496022,-2.7698725426543054
9,71.69478982480919,-40.69198342267324,7,-90.0,-180.0,1,0,2100,15.518240698358845,251.69478982480916,-99.71039821356551,-2.6270593714375674
10,-80.92621009251049,-73.9719832534651,7,-90.0,-180.0,1,0,2100,14.394492638356699,99.07378990748953,-99.05953504177394,-1.880418368993302
11,164.58733468681396,73.38890871628834,7,-90.0,-180.0,1,0,2100,16.716287197273918,344.58733468681396,-100.3529495898259,-3.7905365015943406
12,99.37003482416094,-0.8015198220531232,7,-90.0,-180.0,1,0,2100,16.111017942071893,279.37003482416094,-100.03813278705208,-2.9775394881509505
13,45.86865716226029,-53.16235723877508,7,-90.0,-180.0,1,0,2100,15.226674307632246,225.86865716226026,-99.54516308483808,-2.482716352097023
14,32.08810317925841,-64.89929798224055,7,-90.0,-180.0,1,0,2100,14.843050012752817,212.08810317925838,-99.32408633883014,-2.226753865547143
15,-167.79437507290055,13.636552525510368,7,-90.0,-180.0,1,0,2100,16.261044018167592,12.20562492709945,-100.11923499930293,-2.9818111853463893
16,166.81707374083697,-68.95358983353182,7,-90.0,-180.0,1,0,2100,14.666884274287902,346.817073740837,-99.22770482162002,-1.991267881018996
17,-3.3637538620060354,29.0328224605079,7,-90.0,-180.0,1,0,2100,16.39955318982925,176.63624613799402,-100.19168923014787,-3.5858434209937173
18,107.12547539594726,-38.10845208784182,7,-90.0,-180.0,1,0,2100,15.569309936979115,287.1254753959472,-99.73992127951072,-2.579662851137074
19,-140.42970230009098,26.560392888413418,7,-90.0,-180.0,1,0,2100,16.378563449931743,39.57029769990902,-100.18195401904916,-3.1461019014220906
20,3.234279222379854,39.66995827161949,7,-90.0,-180.0,1,0,2100,16.485146349318388,183.23427922237983,-100.23678753610125,-3.591416033691755
21,3.709138972653278,48.605448341193124,7,-90.0,-180.0,1,0,2100,16.55178530090017,183.70913897265328,-100.27164932521619,-3.6240316705170574
22,162.7875604579296,-74.8518830112944,7,-90.0,-180.0,1,0,2100,14.338030666365018,342.78756045792954,-99.02973022004801,-1.7995734346153682
23,21.613250772286364,72.0800235072602,7,-90.0,-180.0,1,0,2100,16.70824408124441,201.61325077228636,-100.35265045300675,-3.853431341456708
24,-5.279540568668551,-49.08927436979566,7,-90.0,-180.0,1,0,2100,15.33154632888234,174.7204594313314,-99.60532434756193,-2.6326055414569565
25,-65.37044152030138,-89.39467999766745,7,-90.0,-180.0,1,0,2100,11.118170649287729,114.62955847969891,-96.79885564289006,0.40938616862061383
26,-64.01358118066909,8.712297643940175,7,-90.0,-180.0,1,0,2100,16.212363466156372,115.98641881933088,-100.0920492256296,-3.180501889158505
27,7.885570177518048,-27.13996820502817,7,-90.0,-180.0,1,0,2100,15.76106452036807,187.88557017751802,-99.8458980447207,-3.08704463773759
28,-20.556827730585383,56.56573099704735,7,-90.0,-180.0,1,0,2100,16.607627905155947,159.44317226941462,-100.30065096000877,-3.6636549163149494
29,-173.13977334803116,52.426262230625326,7,-90.0,-180.0,1,0,2100,16.57897831110769,6.860226651968844,-100.2830128651775,-3.4150929476845033
30,111.81830648742391,-26.552562987043757,7,-90.0,-180.0,1,0,2100,15.770365781407316,291.8183064874239,-99.85216436646719,-2.7014713886774167
31,160.61848124663317,77.64777144079457,7,-90.0,-180.0,1,0,2100,16.742019073765345,340.61848124663317,-100.36648118563234,-3.91489064217149
0,47.49922289394402,-16.893988554412758,7,0.0,0.0,2,120,2100,15.526681301889663,352.38861432276167,-99.71575248854725,-2.695122817032398
1,18.866536151644,65.18958949987936,7,0.0,0.0,2,120,2100,15.818928907280872,248.50200730162288,-99.87774505511968,-3.0935369228607277
2,10.950349977027344,-49.06477613823321,7,0.0,0.0,2,120,2100,15.531446743654548,50.64447342713197,-99.71854933421785,-2.802272570520139
3,-68.18769575762751,-79.75104134279457,7,0.0,0.0,2,120,2100,16.07693240319048,69.52915409313806,-100.01873219849793,-3.5182441513059555
4,-172.3569118333569,-46.62070874360895,7,0.0,0.0,2,120,2100,16.509752107695217,67.1635158300927,-100.249042388787,-3.315930067628587
5,-15.777502887808907,-28.326486205297087,7,0.0,0.0,2,120,2100,15.08910316073397,86.7672371163311,-99.46775258101317,-2.469973163534449
6,-89.73812406166347,27.769993616225364,7,0.0,0.0,2,120,2100,16.11738568814616,177.77024034127078,-100.03987231108594,-3.040866289035371
7,169.48995493011734,36.97034472361693,7,0.0,0.0,2,120,2100,16.574366412856513,253.62158741528788,-100.28322645490667,-3.312095174792897
8,143.8433398558871,-13.267951504390567,7,0.0,0.0,2,120,2100,16.574570307502643,351.78478247211797,-100.28127345869596,-3.254953319034688
9,71.69478982480919,-40.69198342267324,7,0.0,0.0,2,120,2100,15.95381801048293,12.167915368417198,-99.95185483295862,-2.994925709419926
10,-80.92621009251049,-73.9719832534651,7,0.0,0.0,2,120,2100,16.091842220837833,75.83756343398628,-100.02674315630894,-3.376443846861394
11,164.58733468681396,73.38890871628834,7,0.0,0.0,2,120,2100,16.283568020937523,244.53322836915015,-100.12957544738468,-3.470328211083036
12,99.37003482416094,-0.8015198220531232,7,0.0,0.0,2,120,2100,16.21899522881381,330.8123573209466,-100.09542862492316,-3.0634163411055866
13,45.86865716226029,-53.16235723877508,7,0.0,0.0,2,120,2100,15.799529715037815,31.73405601529555,-99.86744947948434,-2.9769246509952922
14,32.08810317925841,-64.89929798224055,7,0.0,0.0,2,120,2100,15.853337600113191,46.02574327401635,-99.89704033116173,-3.109816505699985
15,-167.79437507290055,13.636552525510368,7,0.0,0.0,2,120,2100,16.706368833987295,198.9286418210138,-100.35111297052559,-3.3258690416782604
16,166.81707374083697,-68.95358983353182,7,0.0,0.0,2,120,2100,16.32486642249889,54.98478046366495,-100.15162675412951,-3.411852244153581
17,-3.3637538620060354,29.0328224605079,7,0.0,0.0,2,120,2100,14.994671067859626,233.96570811781976,-99.41322684511368,-2.416960685812813
18,107.12547539594726,-38.10845208784182,7,0.0,0.0,2,120,2100,16.258730592596397,9.376673508927638,-100.1158141707934,-3.1499497091523825
19,-140.42970230009098,26.560392888413418,7,0.0,0.0,2,120,2100,16.514928334531724,188.12268401360427,-100.25142037085024,-3.248836593469523
20,3.234279222379854,39.66995827161949,7,0.0,0.0,2,120,2100,15.30351515788602,243.89179979639664,-99.59002810238935,-2.6283866570006897
21,3.709138972653278,48.605448341193124,7,0.0,0.0,2,120,2100,15.506062005670618,243.2636017771717,-99.70417532292201,-2.785083559585297
22,162.7875604579296,-74.8518830112944,7,0.0,0.0,2,120,2100,16.268906004847313,55.41977209054835,-100.12186652033562,-3.4870297206775787
23,21.613250772286364,72.0800235072602,7,0.0,0.0,2,120,2100,15.915779022365665,246.79262742134904,-99.93082900228053,-3.245258977190738
24,-5.279540568668551,-49.08927436979566,7,0.0,0.0,2,120,2100,15.518069469880237,64.55889495274837,-99.71114039718236,-2.7950684079276398
25,-65.37044152030138,-89.39467999766745,7,0.0,0.0,2,120,2100,16.117156751659962,60.55025228972056,-100.04049780046795,-4.813123620836444
26,-64.01358118066909,8.712297643940175,7,0.0,0.0,2,120,2100,15.784263923504882,159.6745900317885,-99.85873242272984,-2.830385641614809
27,7.885570177518048,-27.13996820502817,7,0.0,0.0,2,120,2100,14.95871647375715,45.016414929201005,-99.39121941445927,-2.3902738540621242
28,-20.556827730585383,56.56573099704735,7,0.0,0.0,2,120,2100,15.696718720489164,226.94752182642605,-99.81035750248247,-2.9441447273750616
29,-173.13977334803116,52.426262230625326,7,0.0,0.0,2,120,2100,16.46637670297723,234.74927266744032,-100.22639467332473,-3.3324383004737057
30,111.81830648742391,-26.552562987043757,7,0.0,0.0,2,120,2100,16.315332439320354,358.2929847362112,-100.14577286736836,-3.1448800330305673
31,160.61848124663317,77.64777144079457,7,0.0,0.0,2,120,2100,16.241611942741635,244.15657473409038,-100.10713741881965,-3.5456714281752637
0,47.49922289394402,-16.893988554412758,7,90.0,180.0,3,240,2100,16.29199150648299,72.50077710605598,-100.13519187299703,-3.324369756323792
1,18.866536151644,65.18958949987936,7,90.0,180.0,3,240,2100,14.831417545677947,101.13346384835597,-99.31765353146483,-2.2298449528041293
2,10.950349977027344,-49.06477613823321,7,90.0,180.0,3,240,2100,16.55509374484411,109.04965002297263,-100.27319106562568,-3.621787095889494
3,-68.18769575762751,-79.75104134279457,7,90.0,180.0,3,240,2100,16.754486794191763,188.18769575762752,-100.37604306027438,-4.025509492952428
4,-172.3569118333569,-46.62070874360895,7,90.0,180.0,3,240,2100,16.537362443028,292.3569118333569,-100.26592460490691,-3.340657416480673
5,-15.777502887808907,-28.326486205297087,7,90.0,180.0,3,240,2100,16.393601552282767,135.7775028878089,-100.18813103285254,-3.5508414950074356
6,-89.73812406166347,27.769993616225364,7,90.0,180.0,3,240,2100,15.750991285804167,209.73812406166348,-99.83897287949806,-2.7366595846415978
7,169.48995493011734,36.97034472361693,7,90.0,180.0,3,240,2100,15.59100530027253,310.51004506988266,-99.7518081565647,-2.5086581786935307
8,143.8433398558871,-13.267951504390567,7,90.0,180.0,3,240,2100,16.257481008451673,336.1566601441129,-100.11688732218813,-3.010656563751714
9,71.69478982480919,-40.69198342267324,7,90.0,180.0,3,240,2100,16.492997192059157,48.30521017519078,-100.24025415112621,-3.4211262931455586
10,-80.92621009251049,-73.9719832534651,7,90.0,180.0,3,240,2100,16.719849474479727,200.92621009251053,-100.35846843610655,-3.8525188687853533
11,164.58733468681396,73.38890871628834,7,90.0,180.0,3,240,2100,14.430225002951168,315.41266531318604,-99.0792412423322,-1.8497375921581296
12,99.37003482416094,-0.8015198220531232,7,90.0,180.0,3,240,2100,16.128829962812443,20.62996517583906,-100.04653961697917,-2.9901754045729763
13,45.86865716226029,-53.16235723877508,7,90.0,180.0,3,240,2100,16.584133254559266,74.13134283773968,-100.28827860828905,-3.5952814541611704
14,32.08810317925841,-64.89929798224055,7,90.0,180.0,3,240,2100,16.66292911362026,87.91189682074162,-100.32900584939712,-3.738203986779064
15,-167.79437507290055,13.636552525510368,7,90.0,180.0,3,240,2100,15.955658103409695,287.7943750729006,-99.95347807095689,-2.7301743236741554
16,166.81707374083697,-68.95358983353182,7,90.0,180.0,3,240,2100,16.688766168572524,313.182926259163,-100.34402367996556,-3.6892012551467785
17,-3.3637538620060354,29.0328224605079,7,90.0,180.0,3,240,2100,15.730489633866489,123.36375386200604,-99.8290542836383,-3.05433575620869
18,107.12547539594726,-38.10845208784182,7,90.0,180.0,3,240,2100,16.47303109752166,12.874524604052738,-100.22604723625028,-3.312566346379292
19,-140.42970230009098,26.560392888413418,7,90.0,180.0,3,240,2100,15.770242366123668,260.429702300091,-99.85019140089273,-2.6439658771414845
20,3.234279222379854,39.66995827161949,7,90.0,180.0,3,240,2100,15.538756168654054,116.76572077762012,-99.72236299787902,-2.8313048308667845
21,3.709138972653278,48.605448341193124,7,90.0,180.0,3,240,2100,15.343303327025415,116.2908610273467,-99.61218713255101,-2.643858461825357
22,162.7875604579296,-74.8518830112944,7,90.0,180.0,3,240,2100,16.72520128680353,317.2124395420704,-100.36242357231605,-3.8311850596510344
23,21.613250772286364,72.0800235072602,7,90.0,180.0,3,240,2100,14.506070437336925,98.38674922771361,-99.12552597265534,-1.999227931561818
24,-5.279540568668551,-49.08927436979566,7,90.0,180.0,3,240,2100,16.555269893492664,125.27954056866855,-100.27310700104061,-3.625516923808462
25,-65.37044152030138,-89.39467999766745,7,90.0,180.0,3,240,2100,16.809742185128144,185.3704415203017,-100.4042457033857,-5.290563722208928
26,-64.01358118066909,8.712297643940175,7,90.0,180.0,3,240,2100,16.018148693375203,184.01358118066906,-99.98593622739264,-3.022433570705246
27,7.885570177518048,-27.13996820502817,7,90.0,180.0,3,240,2100,16.383523446206894,112.11442982248195,-100.18318352446812,-3.5808921418191075
28,-20.556827730585383,56.56573099704735,7,90.0,180.0,3,240,2100,15.129735501005511,140.55682773058538,-99.49017456357478,-2.4519074902504414
29,-173.13977334803116,52.426262230625326,7,90.0,180.0,3,240,2100,15.246459422142669,293.1397733480312,-99.55593767336411,-2.311649151027739
30,111.81830648742391,-26.552562987043757,7,90.0,180.0,3,240,2100,16.378496273049706,8.18169351257609,-100.17631175722802,-3.1901455284345417
31,160.61848124663317,77.64777144079457,7,90.0,180.0,3,240,2100,14.133991064471052,319.38151875336683,-98.90025953930666,-1.6757087026028952
0,47.62114744611057,-16.906514319654903,8,-90.0,-180.0,1,0,2100,15.91189321078961,227.62114744611054,-99.92906311179468,-3.0182583584051734
1,19.819157206487716,64.28006102395477,8,-90.0,-180.0,1,0,2100,16.658923427391464,199.81915720648772,-100.32726590378871,-3.740469782898535
2,7.8521484616621535,-49.48950679925438,8,-90.0,-180.0,1,0,2100,15.32171509396523,187.85214846166213,-99.59973771589685,-2.6223988419230038
3,-67.2639256203909,-81.57987868145261,8,-90.0,-180.0,1,0,2100,13.750779143686618,112.73607437960914,-98.66812320444926,-1.4803217151793353
4,-170.52211468129224,-47.86523273720905,8,-90.0,-180.0,1,0,2100,15.361027279087716,9.477885318707763,-99.62663167108302,-2.3800345191409376
5,-15.011049646195232,-28.963381426289153,8,-90.0,-180.0,1,0,2100,15.731627976011628,164.98895035380474,-99.82949125924283,-3.0234019209190732
6,-89.12736855310224,27.77839013384029,8,-90.0,-180.0,1,0,2100,16.388958725562684,90.87263144689774,-100.18666976921021,-3.2603543911641215
7,172.28191826118768,38.260581898738934,8,-90.0,-180.0,1,0,2100,16.474217900902133,352.2819182611877,-100.22878219572117,-3.238310015581664
8,143.03467948946894,-14.638778986317945,8,-90.0,-180.0,1,0,2100,15.942446792034277,323.03467948946894,-99.94802490992042,-2.7586545177819715
9,72.0652769804652,-40.50000393122428,8,-90.0,-180.0,1,0,2100,15.522126611919479,252.0652769804652,-99.7125781617001,-2.628752567766546
10,-81.58609167279579,-74.84490753931283,8,-90.0,-180.0,1,0,2100,14.338491044529302,98.41390832720424,-99.02600793345144,-1.8445958362108403
11,165.36599028580105,74.28956491181526,8,-90.0,-180.0,1,0,2100,16.72178440558468,345.36599028580105,-100.35559379464462,-3.8137410580964133
12,98.90467659430186,-0.6032324688622737,8,-90.0,-180.0,1,0,2100,16.11323846492748,278.90467659430186,-100.03931424026895,-2.980532702691658
13,48.190939450659414,-55.42463817047067,8,-90.0,-180.0,1,0,2100,15.163295442658173,228.19093945065939,-99.50883214058084,-2.4319618512366827
14,31.406020207633702,-67.03445296099522,8,-90.0,-180.0,1,0,2100,14.754149369491891,211.40602020763367,-99.2721426481134,-2.1648250389719723
15,-167.62481846540624,14.014572723534272,8,-90.0,-180.0,1,0,2100,16.264684938316318,12.375181534593764,-100.1211551466527,-2.985750326911668
16,167.04311849360795,-68.58785454819818,8,-90.0,-180.0,1,0,2100,14.68411256533443,347.04311849360795,-99.23794225324995,-2.001159141595342
17,-3.2465926172585284,29.01003708128529,8,-90.0,-180.0,1,0,2100,16.399361750542926,176.75340738274144,-100.19158951787483,-3.5860106630664874
18,105.25928674118404,-39.40409229364671,8,-90.0,-180.0,1,0,2100,15.54402471548698,285.25928674118404,-99.72564229905218,-2.567018885333594
19,-139.17229950980567,26.729974580697544,8,-90.0,-180.0,1,0,2100,16.380017275144787,40.82770049019433,-100.18272427348866,-3.1496862795198273
20,4.0788186556166295,39.41507134472002,8,-90.0,-180.0,1,0,2100,16.483178755962392,184.0788186556166,-100.23576845837489,-3.5903814803366596
21,3.190735575245469,48.52491669711455,8,-90.0,-180.0,1,0,2100,16.551204118530542,183.19073557524544,-100.27134515704381,-3.623789852516219
22,164.88659296062326,-76.53839098411466,8,-90.0,-180.0,1,0,2100,14.219996365232996,344.88659296062326,-98.95855212333976,-1.7296817262517141
23,15.811839118698316,71.38309003200513,8,-90.0,-180.0,1,0,2100,16.703934875737918,195.8118391186983,-100.35041561738242,-3.8430443549746856
24,-3.346313344035366,-49.57173533940274,8,-90.0,-180.0,1,0,2100,15.319683223144414,176.65368665596463,-99.59860245965051,-2.622896248126877
25,-65.28704069485205,-88.67895956768675,8,-90.0,-180.0,1,0,2100,11.898580272784672,114.71295930514805,-97.40674556937309,-0.2004171040511206
26,-63.07957475670628,8.408741159779282,8,-90.0,-180.0,1,0,2100,16.209283564606626,116.92042524329372,-100.09038339031567,-3.181950744586625
27,7.3796832648529005,-26.41477576881146,8,-90.0,-180.0,1,0,2100,15.772535101508623,187.37968326485287,-99.85224029416135,-3.104327147047041
28,-17.516204185393093,57.295332392263504,8,-90.0,-180.0,1,0,2100,16.612593536474172,162.48379581460688,-100.30322198150783,-3.6725810706804918
29,-174.66507890132513,52.52004872561318,8,-90.0,-180.0,1,0,2100,16.579636585939507,5.33492109867484,-100.28308376151843,-3.4158417122994384
30,111.0856393129813,-25.800575649201534,8,-90.0,-180.0,1,0,2100,15.782148224368429,291.08563931298124,-99.85865069556844,-2.7108033872425312
31,165.36059023156344,76.64787536422128,8,-90.0,-180.0,1,0,2100,16.736036949772824,345.36059023156344,-100.36274837893357,-3.8814074512549164
0,47.62114744611057,-16.906514319654903,8,0.0,0.0,2,120,2100,15.529010596648927,352.3652198209628,-99.71705448602106,-2.6964376101602197
1,19.819157206487716,64.28006102395477,8,0.0,0.0,2,120,2100,15.808352543166688,249.27567018660488,-99.87192994257796,-3.077356513729277
2,7.8521484616621535,-49.48950679925438,8,0.0,0.0,2,120,2100,15.531115319257939,53.34225278945405,-99.71838301322394,-2.8045643606432553
3,-67.2639256203909,-81.57987868145261,8,0.0,0.0,2,120,2100,16.08325008736746,67.77416606508629,-100.02215861504733,-3.5916100969028397
4,-170.52211468129224,-47.86523273720905,8,0.0,0.0,2,120,2100,16.498636563979932,68.4730168873036,-100.24323492905177,-3.3168429066440437
5,-15.011049646195232,-28.963381426289153,8,0.0,0.0,2,120,2100,15.09584719102669,85.07785784850034,-99.47159837135703,-2.475445444928076
6,-89.12736855310224,27.77839013384029,8,0.0,0.0,2,120,2100,16.111348158665642,177.78113044152337,-100.03661935814982,-3.0376341243373943
7,172.28191826118768,38.260581898738934,8,0.0,0.0,2,120,2100,16.569523303117474,249.66434213955648,-100.2806612341785,-3.314586765463703
8,143.03467948946894,-14.638778986317945,8,0.0,0.0,2,120,2100,16.566284280536873,353.47891984121884,-100.27688176815735,-3.252154723234239
9,72.0652769804652,-40.50000393122428,8,0.0,0.0,2,120,2100,15.956898467701125,11.914384980107911,-99.95353079757517,-2.995813546365
10,-81.58609167279579,-74.84490753931283,8,0.0,0.0,2,120,2100,16.09530304215532,74.99936403739608,-100.02862268557755,-3.396443740174645
11,165.36599028580105,74.28956491181526,8,0.0,0.0,2,120,2100,16.275905734939304,244.0648680993035,-100.12547558386606,-3.4842904884862773
12,98.90467659430186,-0.6032324688622737,8,0.0,0.0,2,120,2100,16.214305424240248,330.61059123455556,-100.09292462664673,-3.060884244066751
13,48.190939450659414,-55.42463817047067,8,0.0,0.0,2,120,2100,15.836281166559324,32.809355004524605,-99.88767023492196,-3.013237937686091
14,31.406020207633702,-67.03445296099522,8,0.0,0.0,2,120,2100,15.87644905923019,47.54756665400885,-99.90971133792483,-3.1484435218479305
15,-167.62481846540624,14.014572723534272,8,0.0,0.0,2,120,2100,16.70395349007359,199.34965268582948,-100.34987219550354,-3.3250776801247213
16,167.04311849360795,-68.58785454819818,8,0.0,0.0,2,120,2100,16.328252431435466,54.975202165907604,-100.15342363308827,-3.4083899605276224
17,-3.2465926172585284,29.01003708128529,8,0.0,0.0,2,120,2100,14.993481197498744,234.16876044376875,-99.41253197028637,-2.416207328354654
18,105.25928674118404,-39.40409229364671,8,0.0,0.0,2,120,2100,16.242511817325095,10.416074034687426,-100.10722517100048,-3.1463099275563824
19,-139.17229950980567,26.729974580697544,8,0.0,0.0,2,120,2100,16.50686985137991,187.6065939703783,-100.24718989943457,-3.245026101507413
20,4.0788186556166295,39.41507134472002,8,0.0,0.0,2,120,2100,15.298764001392353,244.9464562656952,-99.58730880515762,-2.6246449510056733
21,3.190735575245469,48.52491669711455,8,0.0,0.0,2,120,2100,15.503847158026389,242.81672267829407,-99.70293964977094,-2.7834039857337767
22,164.88659296062326,-76.53839098411466,8,0.0,0.0,2,120,2100,16.254763460813308,56.42873979617923,-100.11432187353208,-3.518393734323107
23,15.811839118698316,71.38309003200513,8,0.0,0.0,2,120,2100,15.898372554727947,245.24441947406478,-99.92130176841461,-3.2236565257956245
24,-3.346313344035366,-49.57173533940274,8,0.0,0.0,2,120,2100,15.5252512813776,62.84681812352025,-99.71515046777174,-2.8018574584038225
25,-65.28704069485205,-88.67895956768675,8,0.0,0.0,2,120,2100,16.11380859257118,61.20008831385593,-100.03868969739304,-4.397820804506154
26,-63.07957475670628,8.408741159779282,8,0.0,0.0,2,120,2100,15.769490045373715,159.41336106984966,-99.85062350899605,-2.8220704655659317
27,7.3796832648529005,-26.41477576881146,8,0.0,0.0,2,120,2100,14.929044025501588,45.501954189015805,-99.37391587696067,-2.3712608321115853
28,-17.516204185393093,57.295332392263504,8,0.0,0.0,2,120,2100,15.69744476486018,229.06200455383407,-99.81075544841883,-2.9502798081078674
29,-174.66507890132513,52.52004872561318,8,0.0,0.0,2,120,2100,16.46662095831981,235.92214389542278,-100.22653854608633,-3.3332984168748347
30,111.0856393129813,-25.800575649201534,8,0.0,0.0,2,120,2100,16.310574140004174,357.38970620326995,-100.14330866368557,-3.1406090850596717
31,165.36059023156344,76.64787536422128,8,0.0,0.0,2,120,2100,16.25401878472175,243.43287838342843,-100.11376474922119,-3.5262947530387074
0,47.62114744611057,-16.906514319654903,8,90.0,180.0,3,240,2100,16.292108678931466,72.37885255388943,-100.13526158509195,-3.3238171534999483
1,19.819157206487716,64.28006102395477,8,90.0,180.0,3,240,2100,14.867420716294692,100.18084279351228,-99.33866147630805,-2.2553504276673335
2,7.8521484616621535,-49.48950679925438,8,90.0,180.0,3,240,2100,16.55814328304042,112.14785153833782,-100.27474421009364,-3.626409023061095
3,-67.2639256203909,-81.57987868145261,8,90.0,180.0,3,240,2100,16.76520281571806,187.26392562039092,-100.38152161079373,-4.099256589216632
4,-170.52211468129224,-47.86523273720905,8,90.0,180.0,3,240,2100,16.54643053907367,290.52211468129224,-100.27064862451641,-3.356970463762898
5,-15.011049646195232,-28.963381426289153,8,90.0,180.0,3,240,2100,16.39896964244645,135.0110496461952,-100.1909779517882,-3.5544387186753057
6,-89.12736855310224,27.77839013384029,8,90.0,180.0,3,240,2100,15.7508563495668,209.12736855310226,-99.838904192581,-2.7382298675280965
7,172.28191826118768,38.260581898738934,8,90.0,180.0,3,240,2100,15.566373944009921,307.7180817388123,-99.73787496417918,-2.4935536970760324
8,143.03467948946894,-14.638778986317945,8,90.0,180.0,3,240,2100,16.270668145066367,336.96532051053106,-100.1238523806141,-3.0248332392299764
9,72.0652769804652,-40.50000393122428,8,90.0,180.0,3,240,2100,16.49152716600851,47.93472301953477,-100.23947040264716,-3.418407601655562
10,-81.58609167279579,-74.84490753931283,8,90.0,180.0,3,240,2100,16.72515897233883,201.58609167279582,-100.36121283725555,-3.8730858343914
11,165.36599028580105,74.28956491181526,8,90.0,180.0,3,240,2100,14.374479558950217,314.63400971419895,-99.04579994032234,-1.8171121225435896
12,98.90467659430186,-0.6032324688622737,8,90.0,180.0,3,240,2100,16.12664383031019,21.09532340569814,-100.04541243391479,-2.9896977264320745
13,48.190939450659414,-55.42463817047067,8,90.0,180.0,3,240,2100,16.59981190376718,71.80906054934059,-100.29632420418645,-3.612522690751141
14,31.406020207633702,-67.03445296099522,8,90.0,180.0,3,240,2100,16.676619124375012,88.59397979236627,-100.33602626742788,-3.7671082823296502
15,-167.62481846540624,14.014572723534272,8,90.0,180.0,3,240,2100,15.950695534045703,287.6248184654063,-99.95074904747588,-2.7270637215425286
16,167.04311849360795,-68.58785454819818,8,90.0,180.0,3,240,2100,16.686462624056762,312.95688150639205,-100.34285395201972,-3.6815692022974
17,-3.2465926172585284,29.01003708128529,8,90.0,180.0,3,240,2100,15.730863295893089,123.2465926172585,-99.82925829403376,-3.054963667433595
18,105.25928674118404,-39.40409229364671,8,90.0,180.0,3,240,2100,16.48309391641525,14.740713258815958,-100.23155654210562,-3.3296335595047397
19,-139.17229950980567,26.729974580697544,8,90.0,180.0,3,240,2100,15.767565667184494,259.17229950980567,-99.84866901176076,-2.6441543107313437
20,4.0788186556166295,39.41507134472002,8,90.0,180.0,3,240,2100,15.543807697135252,115.92118134438334,-99.72519966503602,-2.836073942037144
21,3.190735575245469,48.52491669711455,8,90.0,180.0,3,240,2100,15.345246901460293,116.80926442475453,-99.61327382108966,-2.6457454776334632
22,164.88659296062326,-76.53839098411466,8,90.0,180.0,3,240,2100,16.73537975354836,315.11340703937674,-100.36776167346765,-3.8799785738426227
23,15.811839118698316,71.38309003200513,8,90.0,180.0,3,240,2100,14.544224628581523,104.18816088130171,-99.14842024477319,-2.0281816690505035
24,-3.346313344035366,-49.57173533940274,8,90.0,180.0,3,240,2100,16.55873260556048,123.34631334403537,-100.27493079246537,-3.628765299718349
25,-65.28704069485205,-88.67895956768675,8,90.0,180.0,3,240,2100,16.805744564146618,185.28704069485218,-100.40221790156549,-4.8862161263680495
26,-63.07957475670628,8.408741159779282,8,90.0,180.0,3,240,2100,16.021876084560674,183.07957475670628,-99.98797018028006,-3.0294425822318956
27,7.3796832648529005,-26.41477576881146,8,90.0,180.0,3,240,2100,16.377313384285912,112.62031673514707,-100.17989167833834,-3.5837152851785654
28,-17.516204185393093,57.295332392263504,8,90.0,180.0,3,240,2100,15.107671922975658,137.51620418539306,-99.47755564921428,-2.4378655017245268
29,-174.66507890132513,52.52004872561318,8,90.0,180.0,3,240,2100,15.243960237291203,294.66507890132516,-99.55455573359988,-2.3101595895943565
30,111.0856393129813,-25.800575649201534,8,90.0,180.0,3,240,2100,16.372023454049863,8.9143606870187,-100.17308193435917,-3.1847557373653745
31,165.36059023156344,76.64787536422128,8,90.0,180.0,3,240,2100,14.21183003400748,314.6394097684365,-98.94760532872178,-1.7214557043785366
0,47.76595464784049,-13.912954712656898,9,-90.0,-180.0,1,0,2100,15.952031975970838,227.76595464784046,-99.95104921060567,-3.0508254386715565
1,21.641273138672943,63.06548549496293,9,-90.0,-180.0,1,0,2100,16.65101973856664,201.64127313867294,-100.32319919819396,-3.725343342179155
2,6.112722302732152,-50.42469126079167,9,-90.0,-180.0,1,0,2100,15.298359474381147,186.11272230273212,-99.58648604628813,-2.6031102097505143
3,-65.61444780384275,-83.35638333206755,9,-90.0,-180.0,1,0,2100,13.51381168654965,114.38555219615728,-98.51917868267974,-1.3272157309615948
4,-171.56237129187843,-47.577003535911956,9,-90.0,-180.0,1,0,2100,15.367844636682602,8.437628708121565,-99.63057442243009,-2.3836700501715895
5,-15.521107041993133,-28.514212434162225,9,-90.0,-180.0,1,0,2100,15.73896003800187,164.4788929580069,-99.83355567785884,-3.030015302410099
6,-88.38119816313261,28.224838892046506,9,-90.0,-180.0,1,0,2100,16.39274214207448,91.61880183686742,-100.18865852592216,-3.2663225923526817
7,173.1448008996802,38.61260207773802,9,-90.0,-180.0,1,0,2100,16.476958711517664,353.1448008996802,-100.23007479610479,-3.242027946621804
8,143.48880092278546,-15.965105946336138,9,-90.0,-180.0,1,0,2100,15.924690484951313,323.48880092278546,-99.93838666672026,-2.745736202505892
9,73.26513363193536,-40.15350230272704,9,-90.0,-180.0,1,0,2100,15.529102257616687,253.26513363193533,-99.71651816867268,-2.630369866556255
10,-81.7385549941103,-74.48451283520917,9,-90.0,-180.0,1,0,2100,14.361993116274745,98.2614450058897,-99.04007376749146,-1.8592420700382395
11,163.0945595970888,74.1146622217797,9,-90.0,-180.0,1,0,2100,16.720719238436676,343.09455959708873,-100.35540534759647,-3.8098126427700096
12,98.88896475532522,0.08954756014868792,9,-90.0,-180.0,1,0,2100,16.12095808856216,278.8889647553252,-100.04348340251124,-2.986803505829216
13,47.27463001834536,-55.90630780019683,9,-90.0,-180.0,1,0,2100,15.149266491471169,227.27463001834533,-99.50081033395382,-2.4236424296651373
14,28.2512492385016,-68.65998964749136,9,-90.0,-180.0,1,0,2100,14.680737992236246,208.25124923850157,-99.22918861342627,-2.1162926495709984
15,-168.9511897321103,14.168707863469564,9,-90.0,-180.0,1,0,2100,16.266165702327363,11.048810267889678,-100.12184672902356,-2.985904564572408
16,166.96483493420834,-68.44861579867342,9,-90.0,-180.0,1,0,2100,14.690594303678905,346.9648349342083,-99.2417386379577,-2.0048666627115783
17,-0.8519419294775048,28.176905144039722,9,-90.0,-180.0,1,0,2100,16.392336614228512,179.14805807052244,-100.18788049575495,-3.5892214724144584
18,103.17497718875296,-39.758075553549936,9,-90.0,-180.0,1,0,2100,15.537003845574603,283.1749771887529,-99.72160852595127,-2.566509838229255
19,-140.46324893761462,26.592803972158904,9,-90.0,-180.0,1,0,2100,16.37884147383957,39.53675106238535,-100.18210130047999,-3.1463764139198718
20,4.494127284753148,39.464343364950224,9,-90.0,-180.0,1,0,2100,16.48355941208726,184.49412728475312,-100.23596468115075,-3.5902145385733855
21,3.8329226951009616,47.3768041117537,9,-90.0,-180.0,1,0,2100,16.54288145106478,183.83292269510093,-100.26699944004284,-3.6180523565223304
22,164.77308756850937,-76.7452377153018,9,-90.0,-180.0,1,0,2100,14.204511423588764,344.7730875685093,-98.94904195094901,-1.7204195517719687
23,14.061170580274819,71.22773729352292,9,-90.0,-180.0,1,0,2100,16.702971778850397,194.06117058027482,-100.34991888560018,-3.8408743726107497
24,-0.6840627854235208,-49.0355583290411,9,-90.0,-180.0,1,0,2100,15.332858473661885,179.31593721457648,-99.60607447658853,-2.6350201691319244
25,-65.8112989288291,-88.20641417521708,9,-90.0,-180.0,1,0,2100,12.204375718872592,114.18870107117101,-97.63198095752112,-0.4268719058084097
26,-64.16024793580718,8.303338011079703,9,-90.0,-180.0,1,0,2100,16.208211915630066,115.8397520641928,-100.08981804917124,-3.1764226992863875
27,7.793711071132776,-25.869177121153896,9,-90.0,-180.0,1,0,2100,15.781079084857462,187.79371107113275,-99.85697434015232,-3.115075824256683
28,-17.405258558182226,57.3086492876603,9,-90.0,-180.0,1,0,2100,16.61268394186868,162.59474144181775,-100.3032608601464,-3.6727731407700266
29,-173.7079513776105,52.86132706304306,9,-90.0,-180.0,1,0,2100,16.582028322104414,6.292048622389473,-100.28446006532391,-3.420838900128275
30,110.35008946839679,-25.28549767764541,9,-90.0,-180.0,1,0,2100,15.79013930266414,290.3500894683968,-99.86303712079099,-2.717660616381345
31,168.08383347934023,77.14361853060416,9,-90.0,-180.0,1,0,2100,16.73900732806747,348.0838334793402,-100.36377477499191,-3.896229134831951
0,47.76595464784049,-13.912954712656898,9,0.0,0.0,2,120,2100,15.517552825372373,348.4985237051742,-99.71058429324566,-2.6861252662989816
1,21.641273138672943,63.06548549496293,9,0.0,0.0,2,120,2100,15.796072198116704,250.61298060421638,-99.86517506540196,-3.057470316561572
2,6.112722302732152,-50.42469126079167,9,0.0,0.0,2,120,2100,15.545950361017047,54.9700924391251,-99.72669294067433,-2.818428508307689
3,-65.61444780384275,-83.35638333206755,9,0.0,0.0,2,120,2100,16.089070393172204,66.05554168480825,-100.02531361206066,-3.682280944544102
4,-171.56237129187843,-47.577003535911956,9,0.0,0.0,2,120,2100,16.50188545718206,67.63742714366865,-100.24493181133933,-3.3169282758858625
5,-15.521107041993133,-28.514212434162225,9,0.0,0.0,2,120,2100,15.090578555860743,86.22274684986789,-99.4685913286021,-2.4712851261330355
6,-88.38119816313261,28.224838892046506,9,0.0,0.0,2,120,2100,16.103989125163388,178.2343704594275,-100.03265520439925,-3.0347933683508996
7,173.1448008996802,38.61260207773802,9,0.0,0.0,2,120,2100,16.568043606564423,248.50010852428613,-100.27987350529936,-3.3152342526894567
8,143.48880092278546,-15.965105946336138,9,0.0,0.0,2,120,2100,16.566076889094365,355.6798177932037,-100.27659504300834,-3.2534973289517155
9,73.26513363193536,-40.15350230272704,9,0.0,0.0,2,120,2100,15.967669697984709,11.379646667370139,-99.95938315377502,-3.000255621145327
10,-81.7385549941103,-74.48451283520917,9,0.0,0.0,2,120,2100,16.095183325250762,75.36212146159662,-100.02855023900965,-3.3887505144164916
11,163.0945595970888,74.1146622217797,9,0.0,0.0,2,120,2100,16.27584546258232,244.7306830864581,-100.12545517638215,-3.4805145841999376
12,98.88896475532522,0.08954756014868792,9,0.0,0.0,2,120,2100,16.214151473031848,329.9093638695205,-100.09284962914334,-3.0607763939562793
13,47.27463001834536,-55.90630780019683,9,0.0,0.0,2,120,2100,15.834446482387317,33.56098684482993,-99.88666312559073,-3.0158195944544497
14,28.2512492385016,-68.65998964749136,9,0.0,0.0,2,120,2100,15.887100398446455,49.52277056784021,-99.91554379682786,-3.176110194683077
15,-168.9511897321103,14.168707863469564,9,0.0,0.0,2,120,2100,16.708382189307994,202.79723146026828,-100.35218385324406,-3.327601285838365
16,166.96483493420834,-68.44861579867342,9,0.0,0.0,2,120,2100,16.32940875791243,54.90953559855541,-100.15403534741864,-3.4070635225576904
17,-0.8519419294775048,28.176905144039722,9,0.0,0.0,2,120,2100,14.959076293165083,238.4100628744245,-99.39248059696524,-2.393988729006638
18,103.17497718875296,-39.758075553549936,9,0.0,0.0,2,120,2100,16.226237282273303,10.511214598799484,-100.09856678576226,-3.138955887273602
19,-140.46324893761462,26.592803972158904,9,0.0,0.0,2,120,2100,16.515010242700765,188.1817656036481,-100.25146730806325,-3.2489611784530554
20,4.494127284753148,39.464343364950224,9,0.0,0.0,2,120,2100,15.300946788088812,245.43675802720855,-99.58854039681192,-2.626066402264558
21,3.8329226951009616,47.3768041117537,9,0.0,0.0,2,120,2100,15.480770802472874,243.5203510143255,-99.69000028459435,-2.7641612640738
22,164.77308756850937,-76.7452377153018,9,0.0,0.0,2,120,2100,16.252758358195265,56.4597870980416,-100.11325405193621,-3.5225879555362276
23,14.061170580274819,71.22773729352292,9,0.0,0.0,2,120,2100,15.894181137543407,244.72067779415653,-99.91900388572573,-3.2187300697315497
24,-0.6840627854235208,-49.0355583290411,9,0.0,0.0,2,120,2100,15.512772034592071,60.59386639115428,-99.70814355816937,-2.7917358994718744
25,-65.8112989288291,-88.20641417521708,9,0.0,0.0,2,120,2100,16.111765547305207,61.6362003857719,-100.0375876932616,-4.2485059290123335
26,-64.16024793580718,8.303338011079703,9,0.0,0.0,2,120,2100,15.786055392838872,159.210721768413,-99.85971708382877,-2.8310876430554
27,7.793711071132776,-25.869177121153896,9,0.0,0.0,2,120,2100,14.913768451988712,44.37613782063352,-99.36496311376696,-2.361044033451646
28,-17.405258558182226,57.3086492876603,9,0.0,0.0,2,120,2100,15.697300479785213,229.13295339367681,-99.81067483885737,-2.9503022542080224
29,-173.7079513776105,52.86132706304306,9,0.0,0.0,2,120,2100,16.463377766154682,235.25513056081252,-100.22482125631485,-3.333796980749088
30,110.35008946839679,-25.28549767764541,9,0.0,0.0,2,120,2100,16.305306910270147,356.740561147134,-100.14055569410539,-3.1366385806612285
31,168.08383347934023,77.14361853060416,9,0.0,0.0,2,120,2100,16.250745708018954,242.69806112689878,-100.11200766485607,-3.537466891794134
0,47.76595464784049,-13.912954712656898,9,90.0,180.0,3,240,2100,16.263707501500328,72.23404535215951,-100.12015866476058,-3.301326824503753
1,21.641273138672943,63.06548549496293,9,90.0,180.0,3,240,2100,14.91356270508714,98.35872686132706,-99.3655385644378,-2.28770888246202
2,6.112722302732152,-50.42469126079167,9,90.0,180.0,3,240,2100,16.56482524406667,113.88727769726785,-100.27819905950422,-3.632495361188532
3,-65.61444780384275,-83.35638333206755,9,90.0,180.0,3,240,2100,16.775503386932048,185.61444780384278,-100.38677667253813,-4.1898150037131385
4,-171.56237129187843,-47.577003535911956,9,90.0,180.0,3,240,2100,16.544337691646923,291.56237129187843,-100.2695578352663,-3.352980433950572
5,-15.521107041993133,-28.514212434162225,9,90.0,180.0,3,240,2100,16.395186805619854,135.5211070419931,-100.18896962834745,-3.5520487495152726
6,-88.38119816313261,28.224838892046506,9,90.0,180.0,3,240,2100,15.743655345553458,208.38119816313264,-99.83491009961256,-2.735275901116009
7,173.1448008996802,38.61260207773802,9,90.0,180.0,3,240,2100,15.559546980888724,306.8551991003198,-99.7340049177326,-2.4894251281905557
8,143.48880092278546,-15.965105946336138,9,90.0,180.0,3,240,2100,16.28326377579165,336.51119907721454,-100.13057857259713,-3.036701346986945
9,73.26513363193536,-40.15350230272704,9,90.0,180.0,3,240,2100,16.48886845012372,46.734866368064615,-100.23802643962199,-3.4120941038042423
10,-81.7385549941103,-74.48451283520917,9,90.0,180.0,3,240,2100,16.722970313773818,201.7385549941103,-100.36008411642437,-3.864153744681747
11,163.0945595970888,74.1146622217797,9,90.0,180.0,3,240,2100,14.38555093725637,316.9054404029112,-99.05247487341204,-1.8238892577277204
12,98.88896475532522,0.08954756014868792,9,90.0,180.0,3,240,2100,16.118968142323038,21.11103524467478,-100.04130710914782,-2.9835327506147413
13,47.27463001834536,-55.90630780019683,9,90.0,180.0,3,240,2100,16.603118590170197,72.72536998165464,-100.2980557296032,-3.6189229432431884
14,28.2512492385016,-68.65998964749136,9,90.0,180.0,3,240,2100,16.68691737952805,91.7487507614984,-100.3413243866427,-3.7928225395329953
15,-168.9511897321103,14.168707863469564,9,90.0,180.0,3,240,2100,15.948664991227362,288.95118973211027,-99.94966851000444,-2.724502972320983
16,166.96483493420834,-68.44861579867342,9,90.0,180.0,3,240,2100,16.685584247190945,313.03516506579166,-100.3423967226912,-3.67874101182431
17,-0.8519419294775048,28.176905144039722,9,90.0,180.0,3,240,2100,15.7444309834145,120.8519419294775,-99.83683845917972,-3.075162527597156
18,103.17497718875296,-39.758075553549936,9,90.0,180.0,3,240,2100,16.48582566895796,16.825022811247038,-100.23332087321411,-3.3376430361640774
19,-140.46324893761462,26.592803972158904,9,90.0,180.0,3,240,2100,15.769731338978197,260.4632489376146,-99.84990537626793,-2.6435823427486556
20,4.494127284753148,39.464343364950224,9,90.0,180.0,3,240,2100,15.542833177155291,115.50587271524688,-99.72466657254536,-2.83478839973578
21,3.8329226951009616,47.3768041117537,9,90.0,180.0,3,240,2100,15.37255266054871,116.16707730489901,-99.62874990616449,-2.6701469597832848
22,164.77308756850937,-76.7452377153018,9,90.0,180.0,3,240,2100,16.736621019117884,315.22691243149063,-100.36838293125484,-3.886449208120365
23,14.061170580274819,71.22773729352292,9,90.0,180.0,3,240,2100,14.552534711246624,105.93882941972521,-99.1534200372288,-2.034623309928964
24,-0.6840627854235208,-49.0355583290411,9,90.0,180.0,3,240,2100,16.55488362062784,120.68406278542352,-100.27295937542782,-3.626470229507317
25,-65.8112989288291,-88.20641417521708,9,90.0,180.0,3,240,2100,16.803096399331793,185.81129892882922,-100.40087081784871,-4.740877295553587
26,-64.16024793580718,8.303338011079703,9,90.0,180.0,3,240,2100,16.02316709434519,184.1602479358072,-99.98867345229657,-3.0257511669782367
27,7.793711071132776,-25.869177121153896,9,90.0,180.0,3,240,2100,16.372615689055227,112.20628892886725,-100.17741689896826,-3.583731708026639
28,-17.405258558182226,57.3086492876603,9,90.0,180.0,3,240,2100,15.107264653779021,137.4052585581822,-99.47733523597296,-2.4376693379361276
29,-173.7079513776105,52.86132706304306,9,90.0,180.0,3,240,2100,15.234812906084583,293.70795137761047,-99.54930477256694,-2.305089465547513
30,110.35008946839679,-25.28549767764541,9,90.0,180.0,3,240,2100,16.36756555853847,9.649910531603211,-100.17089522996962,-3.1816368294291326
31,168.08383347934023,77.14361853060416,9,90.0,180.0,3,240,2100,14.17399483949392,311.9161665206598,-98.9246290423746,-1.698884866584958
0,47.197000976021116,-11.917767100648831,10,-90.0,-180.0,1,0,2100,15.977916494612456,227.1970009760211,-99.96520194983779,-3.075595375002711
1,23.960129919787363,62.65624475501454,10,-90.0,-180.0,1,0,2100,16.648342526449603,203.96012991978736,-100.32182015001398,-3.7190014239976534
2,4.2770210848142085,-50.661757512100664,10,-90.0,-180.0,1,0,2100,15.29235120566661,184.27702108481418,-99.5830839367151,-2.5987172662331943
3,-65.90439788682154,-83.60018690600843,10,-90.0,-180.0,1,0,2100,13.476424029825766,114.09560211317847,-98.49534744942163,-1.3026189172326958
4,-170.6998122219735,-47.94594181520587,10,-90.0,-180.0,1,0,2100,15.35910994421414,9.300187778026498,-99.62556593899036,-2.378920933030903
5,-13.523006265729322,-29.70781456747318,10,-90.0,-180.0,1,0,2100,15.719356489796999,166.47699373427065,-99.82269527322023,-3.0145062771448834
6,-87.65939508912342,26.010358154513114,10,-90.0,-180.0,1,0,2100,16.37383339927444,92.34060491087655,-100.17862875196178,-3.2483554432605874
7,171.98569035401005,39.35992973653185,10,-90.0,-180.0,1,0,2100,16.482752581834568,351.98569035401,-100.23320749958228,-3.251102176719169
8,145.8908699212518,-16.191015326934405,10,-90.0,-180.0,1,0,2100,15.9216344297272,325.8908699212518,-99.9368159697219,-2.7398872292450465
9,74.18988784247088,-38.805203103892026,10,-90.0,-180.0,1,0,2100,15.555791919514252,254.18988784247085,-99.73152486576618,-2.646379485710958
10,-81.43482529632406,-74.28404384476998,10,-90.0,-180.0,1,0,2100,14.374830923757134,98.56517470367595,-99.04776441959697,-1.8675844446900536
11,163.06916491688855,73.75848085375833,10,-90.0,-180.0,1,0,2100,16.71854655978861,343.06916491688855,-100.35432269186114,-3.8005102099261667
12,97.56190563378613,1.5078819549996894,10,-90.0,-180.0,1,0,2100,16.136579048609462,277.5619056337861,-100.05189628250272,-3.0030313242035422
13,48.614496250673454,-56.578545742491,10,-90.0,-180.0,1,0,2100,15.129352145878025,228.61449625067343,-99.48933610422151,-2.4068405097946997
14,27.350162649494877,-68.83875090473306,10,-90.0,-180.0,1,0,2100,14.672325901011655,207.35016264949485,-99.22428624580007,-2.1111419224709698
15,-167.80645237900262,14.048131574887421,10,-90.0,-180.0,1,0,2100,16.265007522307133,12.193547620997379,-100.12131340558147,-2.985892936700316
16,166.71717987882926,-67.48945034835157,10,-90.0,-180.0,1,0,2100,14.734138312081168,346.71717987882926,-99.26733130224103,-2.029786560675376
17,1.4295495609498232,28.99984354404539,10,-90.0,-180.0,1,0,2100,16.39927609412858,181.42954956094982,-100.19155429840224,-3.587472544361944
18,101.22463417075119,-42.14173479927063,10,-90.0,-180.0,1,0,2100,15.488397862439262,281.2246341707512,-99.69416249409736,-2.5391712795310157
19,-140.77885752655786,26.553209213421624,10,-90.0,-180.0,1,0,2100,16.37850181753985,39.221142473442114,-100.18191651259782,-3.1455026336962155
20,5.723991018527869,39.548423008078174,10,-90.0,-180.0,1,0,2100,16.484208643717242,185.72399101852784,-100.23630452619145,-3.5894560849697137
21,2.9529545513137805,47.80320558085873,10,-90.0,-180.0,1,0,2100,16.54598052634292,182.95295455131375,-100.26861907838622,-3.6203419807516917
22,165.06297412284277,-78.9535880061773,10,-90.0,-180.0,1,0,2100,14.022260322301902,345.0629741228428,-98.83680755451175,-1.610637344515359
23,8.718414470455656,71.12763076514733,10,-90.0,-180.0,1,0,2100,16.70235068464237,188.71841447045563,-100.3495822423297,-3.840330309827648
24,4.405165531187322,-49.39776074856707,10,-90.0,-180.0,1,0,2100,15.323977280596544,184.4051655311873,-99.60103031628047,-2.62628555172374
25,-65.7686498289465,-88.31918323093056,10,-90.0,-180.0,1,0,2100,12.13943903215474,114.23135017105358,-97.58474295425897,-0.37933972976318786
26,-67.41553129382386,9.508158870705685,10,-90.0,-180.0,1,0,2100,16.22039357006408,112.58446870617615,-100.09640363314978,-3.173188618269812
27,7.520541810371924,-25.38563160887081,10,-90.0,-180.0,1,0,2100,15.788590786284596,187.5205418103719,-99.86111468646249,-3.1266338425107083
28,-17.73404087123231,57.004403105939076,10,-90.0,-180.0,1,0,2100,16.610616440824806,162.2659591287677,-100.30219421326225,-3.6699566169275766
29,-170.9644577772176,52.336360950113885,10,-90.0,-180.0,1,0,2100,16.57834689904369,9.035542222782396,-100.28305037162883,-3.414711644829636
30,109.23413827225875,-24.477404411815584,10,-90.0,-180.0,1,0,2100,15.802549031349917,289.23413827225875,-99.869850487852,-2.728337703940769
31,169.10032785957793,78.1042719487561,10,-90.0,-180.0,1,0,2100,16.74473834695411,349.10032785957793,-100.36644871053424,-3.9278706234484764
0,47.197000976021116,-11.917767100648831,10,0.0,0.0,2,120,2100,15.49821572343725,346.0485861306481,-99.69969792095097,-2.6731022951296515
1,23.960129919787363,62.65624475501454,10,0.0,0.0,2,120,2100,15.797327947103408,251.85962409650517,-99.86586789948089,-3.053912033548169
2,4.2770210848142085,-50.661757512100664,10,0.0,0.0,2,120,2100,15.547901013273679,56.502135729212455,-99.72779800592834,-2.820973963743645
3,-65.90439788682154,-83.60018690600843,10,0.0,0.0,2,120,2100,16.090554698142913,65.84621326832391,-100.02611766692694,-3.697255143399931
4,-170.6998122219735,-47.94594181520587,10,0.0,0.0,2,120,2100,16.498234233229667,68.29460006655074,-100.24302575234162,-3.317064163900689
5,-13.523006265729322,-29.70781456747318,10,0.0,0.0,2,120,2100,15.097797342375276,82.28518628792332,-99.47266466239162,-2.4784632668522186
6,-87.65939508912342,26.010358154513114,10,0.0,0.0,2,120,2100,16.0963147969872,176.02921029713895,-100.02850942404181,-3.0253291700921774
7,171.98569035401005,39.35992973653185,10,0.0,0.0,2,120,2100,16.56152990162753,249.64667636754655,-100.27648892409198,-3.3147077539920407
8,145.8908699212518,-16.191015326934405,10,0.0,0.0,2,120,2100,16.58067191380754,357.3742850363383,-100.28393765572112,-3.2609987991389437
9,74.18988784247088,-38.805203103892026,10,0.0,0.0,2,120,2100,15.973548809809111,9.888476092816177,-99.96256263976905,-2.9980591975226485
10,-81.43482529632406,-74.28404384476998,10,0.0,0.0,2,120,2100,16.09393863507276,75.54920187921442,-100.02787883278883,-3.383923525334083
11,163.06916491688855,73.75848085375833,10,0.0,0.0,2,120,2100,16.279048632201267,244.84909235344344,-100.12716838465685,-3.47504917538605
12,97.56190563378613,1.5078819549996894,10,0.0,0.0,2,120,2100,16.200614041071432,328.47889552097456,-100.08561874740501,-3.0535453588526176
13,48.614496250673454,-56.578545742491,10,0.0,0.0,2,120,2100,15.849105686961154,33.65903958731792,-99.89471081687277,-3.0290722720009624
14,27.350162649494877,-68.83875090473306,10,0.0,0.0,2,120,2100,15.88702708607967,49.91579332869844,-99.91549685961486,-3.178576927043081
15,-167.80645237900262,14.048131574887421,10,0.0,0.0,2,120,2100,16.704528194813115,199.83180321964932,-100.35016912439451,-3.3254198574645484
16,166.71717987882926,-67.48945034835157,10,0.0,0.0,2,120,2100,16.337551805195893,54.560785456420945,-100.15835050989256,-3.3983596717232456
17,1.4295495609498232,28.99984354404539,10,0.0,0.0,2,120,2100,14.988552784288718,242.5769856283756,-99.40948717368617,-2.413071549722523
18,101.22463417075119,-42.14173479927063,10,0.0,0.0,2,120,2100,16.208165482477817,12.692777628411704,-100.08899312487043,-3.1393976680265734
19,-140.77885752655786,26.553209213421624,10,0.0,0.0,2,120,2100,16.51700522532913,188.3205980476784,-100.25251625273651,-3.24991166556859
20,5.723991018527869,39.548423008078174,10,0.0,0.0,2,120,2100,15.30635829655094,246.8869271756676,-99.59158825453468,-2.62943739965594
21,2.9529545513137805,47.80320558085873,10,0.0,0.0,2,120,2100,15.488687827895818,242.67414613376297,-99.69444707533953,-2.770923152465536
22,165.06297412284277,-78.9535880061773,10,0.0,0.0,2,120,2100,16.23198881996247,57.119326239767815,-100.10216003349267,-3.574275614096736
23,8.718414470455656,71.12763076514733,10,0.0,0.0,2,120,2100,15.887804414631901,242.9661436119785,-99.91550706335681,-3.2134942803821485
24,4.405165531187322,-49.39776074856707,10,0.0,0.0,2,120,2100,15.522988739981935,56.23317328028338,-99.71384132767857,-2.7995012810041624
25,-65.7686498289465,-88.31918323093056,10,0.0,0.0,2,120,2100,16.112270069589293,61.53280361504653,-100.03786013317188,-4.27963037726113
26,-67.41553129382386,9.508158870705685,10,0.0,0.0,2,120,2100,15.835868357779548,160.28163793892054,-99.88701923618505,-2.8592469818012507
27,7.520541810371924,-25.38563160887081,10,0.0,0.0,2,120,2100,14.89371507256959,44.58036722225529,-99.35323289201236,-2.348233841476846
28,-17.73404087123231,57.004403105939076,10,0.0,0.0,2,120,2100,15.693532396217087,228.81266498092918,-99.80859225512378,-2.9458011600245584
29,-170.9644577772176,52.336360950113885,10,0.0,0.0,2,120,2100,16.465260727221935,233.08828900562054,-100.22578550992986,-3.3311077561778264
30,109.23413827225875,-24.477404411815584,10,0.0,0.0,2,120,2100,16.297150660338872,355.74170800532136,-100.13628950959286,-3.1305160157574625
31,169.10032785957793,78.1042719487561,10,0.0,0.0,2,120,2100,16.241965629263838,242.28104265364834,-100.10730067869098,-3.559265464321824
0,47.197000976021116,-11.917767100648831,10,90.0,180.0,3,240,2100,16.244320211657048,72.80299902397888,-100.10983717399924,-3.289736696546846
1,23.960129919787363,62.65624475501454,10,90.0,180.0,3,240,2100,14.928642344187626,96.03987008021261,-99.37431101144264,-2.2967699816096085
2,4.2770210848142085,-50.661757512100664,10,90.0,180.0,3,240,2100,16.56651202970433,115.72297891518576,-100.2790602089122,-3.634541985884904
3,-65.90439788682154,-83.60018690600843,10,90.0,180.0,3,240,2100,16.776908770904324,185.90439788682153,-100.38750044811198,-4.204183988493947
4,-170.6998122219735,-47.94594181520587,10,90.0,180.0,3,240,2100,16.54701578784159,290.6998122219735,-100.27095515269853,-3.357944816144243
5,-13.523006265729322,-29.70781456747318,10,90.0,180.0,3,240,2100,16.40520781036749,133.5230062657293,-100.19429747772038,-3.560462969058009
6,-87.65939508912342,26.010358154513114,10,90.0,180.0,3,240,2100,15.778875204766813,207.65939508912345,-99.8544243603041,-2.761826064895873
7,171.98569035401005,39.35992973653185,10,90.0,180.0,3,240,2100,15.544897183022027,308.01430964598995,-99.72580964586668,-2.4813383345751547
8,145.8908699212518,-16.191015326934405,10,90.0,180.0,3,240,2100,16.28539342866703,334.1091300787482,-100.13189592615576,-3.03530848386575
9,74.18988784247088,-38.805203103892026,10,90.0,180.0,3,240,2100,16.478455119650857,45.81011215752909,-100.23256839266,-3.3973817265668633
10,-81.43482529632406,-74.28404384476998,10,90.0,180.0,3,240,2100,16.721750799314446,201.4348252963241,-100.35945363203639,-3.859541873682919
11,163.06916491688855,73.75848085375833,10,90.0,180.0,3,240,2100,14.407725267232145,316.93083508311145,-99.06578373247679,-1.8368460670167845
12,97.56190563378613,1.5078819549996894,10,90.0,180.0,3,240,2100,16.103067428208046,22.438094366213875,-100.03291500313149,-2.9745122371410475
13,48.614496250673454,-56.578545742491,10,90.0,180.0,3,240,2100,16.60771533476439,71.38550374932652,-100.30039518549489,-3.6234199306603383
14,27.350162649494877,-68.83875090473306,10,90.0,180.0,3,240,2100,16.68804343921386,92.6498373505051,-100.34189848624801,-3.7960633925268867
15,-167.80645237900262,14.048131574887421,10,90.0,180.0,3,240,2100,15.950253788024417,287.8064523790026,-99.95050813067722,-2.7265970378869326
16,166.71717987882926,-67.48945034835157,10,90.0,180.0,3,240,2100,16.679512371431734,313.28282012117074,-100.33926890502008,-3.6595589267686632
17,1.4295495609498232,28.99984354404539,10,90.0,180.0,3,240,2100,15.731030416571626,118.57045043905015,-99.82946537996283,-3.056845619241724
18,101.22463417075119,-42.14173479927063,10,90.0,180.0,3,240,2100,16.504029003276326,18.775365829248813,-100.24299957745308,-3.3662282478465686
19,-140.77885752655786,26.553209213421624,10,90.0,180.0,3,240,2100,15.770355596132577,260.7788575265579,-99.85026623887698,-2.6435160992380355
20,5.723991018527869,39.548423008078174,10,90.0,180.0,3,240,2100,15.541168023163497,114.27600898147216,-99.72375416424406,-2.8320816210052446
21,2.9529545513137805,47.80320558085873,10,90.0,180.0,3,240,2100,15.362498309697939,117.04704544868622,-99.62304069062516,-2.6613110090180365
22,165.06297412284277,-78.9535880061773,10,90.0,180.0,3,240,2100,16.749777943478023,314.9370258771572,-100.37511424912721,-3.9618711910115083
23,8.718414470455656,71.12763076514733,10,90.0,180.0,3,240,2100,14.557853223417323,111.28158552954437,-99.15673546244952,-2.0399340698772543
24,4.405165531187322,-49.39776074856707,10,90.0,180.0,3,240,2100,16.55748533942834,115.59483446881268,-100.27436489428298,-3.6276153776783033
25,-65.7686498289465,-88.31918323093056,10,90.0,180.0,3,240,2100,16.80372899937292,185.7686498289466,-100.40118862298738,-4.771153875823174
26,-67.41553129382386,9.508158870705685,10,90.0,180.0,3,240,2100,16.00830977874542,187.41553129382385,-99.98055711912636,-3.0004290550526553
27,7.520541810371924,-25.38563160887081,10,90.0,180.0,3,240,2100,16.36843375500524,112.47945818962808,-100.17520456513205,-3.585770531467758
28,-17.73404087123231,57.004403105939076,10,90.0,180.0,3,240,2100,15.11652823765079,137.7340408712323,-99.48263745589922,-2.44457497125971
29,-170.9644577772176,52.336360950113885,10,90.0,180.0,3,240,2100,15.248849226403019,290.9644577772176,-99.55723759889902,-2.313237023143348
30,109.23413827225875,-24.477404411815584,10,90.0,180.0,3,240,2100,16.360531380894443,10.765861727741253,-100.1674367924365,-3.176731399124751
31,169.10032785957793,78.1042719487561,10,90.0,180.0,3,240,2100,14.096333943822296,310.89967214042207,-98.87729452991601,-1.6526753810232702
0,47.20399149900683,-11.925512956056721,11,-90.0,-180.0,1,0,2100,15.97781728844924,227.20399149900683,-99.96513791443309,-3.0754645139148455
1,27.791867161438745,62.574337951227506,11,-90.0,-180.0,1,0,2100,16.64780583841392,207.79186716143874,-100.32155669006318,-3.714757213172328
2,3.189256178077386,-50.944904973390614,11,-90.0,-180.0,1,0,2100,15.285127412505911,183.18925617807736,-99.5789929891457,-2.592828098319874
3,-67.42738439265565,-84.4594812422539,11,-90.0,-180.0,1,0,2100,13.332243596606329,112.5726156073444,-98.40267175256116,-1.207166930565465
4,-171.5343974271468,-47.1336403647321,11,-90.0,-180.0,1,0,2100,15.378241410483097,8.465602572853186,-99.63645561695684,-2.3895364314315772
5,-13.156055482604756,-30.212799947744834,11,-90.0,-180.0,1,0,2100,15.710945582634164,166.84394451739524,-99.81802983659145,-3.0057659018447467
6,-88.69615817911468,25.258526258084785,11,-90.0,-180.0,1,0,2100,16.367331577911937,91.30384182088528,-100.17521017614183,-3.2388821871744247
7,172.05394218714457,39.285964956275194,11,-90.0,-180.0,1,0,2100,16.48218064329889,352.0539421871445,-100.23290241661842,-3.250216442292799
8,146.67173586743752,-16.367430722083625,11,-90.0,-180.0,1,0,2100,15.919241407500936,326.6717358674375,-99.93554944089593,-2.737080336276093
9,76.95837731159918,-38.50418816359804,11,-90.0,-180.0,1,0,2100,15.561654495527698,256.9583773115992,-99.73483549618962,-2.6429599653426643
10,-82.29160859406029,-74.63744776534912,11,-90.0,-180.0,1,0,2100,14.352087300057743,97.70839140593972,-99.03412030443654,-1.8525196272818742
11,164.1437325182854,73.52875265262185,11,-90.0,-180.0,1,0,2100,16.717142727296935,344.1437325182854,-100.35344815119113,-3.794247776085766
12,98.78968723117515,2.7476489077708095,11,-90.0,-180.0,1,0,2100,16.150036289604017,278.78968723117515,-100.05917390624786,-3.0108442891109384
13,49.62954658888333,-54.82182850505235,11,-90.0,-180.0,1,0,2100,15.180579857908356,229.6295465888833,-99.51872195144234,-2.4415363731279998
14,27.20695517298637,-68.92862717452985,11,-90.0,-180.0,1,0,2100,14.668069647757404,207.20695517298637,-99.22178429105895,-2.1082816585978312
15,-166.75465015270333,14.00674145761245,11,-90.0,-180.0,1,0,2100,16.264609645404338,13.245349847296666,-100.12117527206561,-2.9866415915451467
16,166.33845034924377,-66.9291707105447,11,-90.0,-180.0,1,0,2100,14.758723247859573,346.3384503492438,-99.28169307132997,-2.0438375347432185
17,-1.5576260955098178,30.854791978714843,11,-90.0,-180.0,1,0,2100,16.414743673264148,178.44237390449018,-100.1997215568771,-3.585036527000753
18,102.09516698673838,-46.605241046058815,11,-90.0,-180.0,1,0,2100,15.390492719680074,282.0951669867384,-99.63879931276918,-2.475516387428336
19,-139.8063075142215,26.458541017227205,11,-90.0,-180.0,1,0,2100,16.377689255992973,40.19369248577851,-100.18150119725871,-3.146025561035677
20,3.0207291489710144,38.74083645229288,11,-90.0,-180.0,1,0,2100,16.47795527388689,183.020729148971,-100.23302042472139,-3.589515854440249
21,0.6519489716081921,48.79724512236527,11,-90.0,-180.0,1,0,2100,16.55316810506056,180.65194897160816,-100.27235828862545,-3.625578841563644
22,165.2328099443181,-79.9873845720891,11,-90.0,-180.0,1,0,2100,13.924000578181515,345.2328099443181,-98.77564459509996,-1.5506913936470412
23,8.125036242242857,70.29420173952926,11,-90.0,-180.0,1,0,2100,16.697164783981172,188.12503624224286,-100.34691836949382,-3.8267755415673967
24,5.640959622417654,-49.615922401436585,11,-90.0,-180.0,1,0,2100,15.318589651163245,185.64095962241763,-99.59797399789286,-2.6209892161113673
25,-65.96497796598683,-88.19030762835996,11,-90.0,-180.0,1,0,2100,12.213315674625592,114.03502203401325,-97.63842383402631,-0.43334583952051453
26,-73.09633634224716,10.468335010301573,11,-90.0,-180.0,1,0,2100,16.229996533026277,106.90366365775287,-100.1016527067529,-3.1596798421222267
27,4.864144509236354,-23.2011221147596,11,-90.0,-180.0,1,0,2100,15.821840257042355,184.86414450923633,-99.87945442637107,-3.184694073083322
28,-17.736030471519513,57.037474243062405,11,-90.0,-180.0,1,0,2100,16.610841382493252,162.26396952848052,-100.30231222136521,-3.6702368908309877
29,-172.40759957398453,53.602080520763565,11,-90.0,-180.0,1,0,2100,16.587200047656175,7.592400426015445,-100.28730689645897,-3.4315660705194926
30,107.85254665668674,-24.125792956292287,11,-90.0,-180.0,1,0,2100,15.8079009461556,287.85254665668674,-99.87275357866405,-2.7348957305656816
31,174.55189909543782,78.82772460754049,11,-90.0,-180.0,1,0,2100,16.749032707474328,354.55189909543776,-100.36749660419272,-3.9520865962122507
0,47.20399149900683,-11.925512956056721,11,0.0,0.0,2,120,2100,15.498384820553238,346.057050038251,-99.69979383612537,-2.6732136234678943
1,27.791867161438745,62.574337951227506,11,0.0,0.0,2,120,2100,15.809115107184176,253.6014250884234,-99.87235849974019,-3.0595552218953284
2,3.189256178077386,-50.944904973390614,11,0.0,0.0,2,120,2100,15.552310360366963,57.415400149013635,-99.73026731148211,-2.8251762427751803
3,-67.42738439265565,-84.4594812422539,11,0.0,0.0,2,120,2100,16.096081538469228,65.11842778469165,-100.02910634294635,-3.7557678377573285
4,-171.5343974271468,-47.1336403647321,11,0.0,0.0,2,120,2100,16.505147508380315,67.78072319301992,-100.24663889736885,-3.3162617674438666
5,-13.156055482604756,-30.212799947744834,11,0.0,0.0,2,120,2100,15.10762451786982,81.34864502483586,-99.47830120944907,-2.485465436064141
6,-88.69615817911468,25.258526258084785,11,0.0,0.0,2,120,2100,16.106775190797265,175.26425227994582,-100.03414801184766,-3.029268423074449
7,172.05394218714457,39.285964956275194,11,0.0,0.0,2,120,2100,16.562127191645207,249.59132512495228,-100.27679656691201,-3.31472453404319
8,146.67173586743752,-16.367430722083625,11,0.0,0.0,2,120,2100,16.585027402989535,358.1265630715635,-100.28610084901615,-3.263350628358934
9,76.95837731159918,-38.50418816359804,11,0.0,0.0,2,120,2100,16.000036716428298,9.235722398892506,-99.97693512050361,-3.0113354334016385
10,-82.29160859406029,-74.63744776534912,11,0.0,0.0,2,120,2100,16.09707673255487,75.23020433178374,-100.0295767354506,-3.3929953230920473
11,164.1437325182854,73.52875265262185,11,0.0,0.0,2,120,2100,16.281966396583908,244.6185430671636,-100.1287234349312,-3.4721655332495955
12,98.78968723117515,2.7476489077708095,11,0.0,0.0,2,120,2100,16.21304404806706,327.21974989490013,-100.09229148445826,-3.0604243726963523
13,49.62954658888333,-54.82182850505235,11,0.0,0.0,2,120,2100,15.840966696433984,31.763876831966627,-99.8902425982695,-3.0114062393868606
14,27.20695517298637,-68.92862717452985,11,0.0,0.0,2,120,2100,15.887779956004675,50.00935295742477,-99.91591419266094,-3.1802776924343386
15,-166.75465015270333,14.00674145761245,11,0.0,0.0,2,120,2100,16.7004016281145,197.43267161261758,-100.34802378764789,-3.3232089541774883
16,166.33845034924377,-66.9291707105447,11,0.0,0.0,2,120,2100,16.342058830091272,54.25538230899474,-100.16074226700745,-3.3935110700252604
17,-1.5576260955098178,30.854791978714843,11,0.0,0.0,2,120,2100,15.050593491565925,237.39484799373162,-99.44548087344205,-2.4541255334902905
18,102.09516698673838,-46.605241046058815,11,0.0,0.0,2,120,2100,16.207942028174056,17.24689654399981,-100.08897883963168,-3.1610378442462252
19,-139.8063075142215,26.458541017227205,11,0.0,0.0,2,120,2100,16.51159875159275,187.63753580331405,-100.24967451060128,-3.246855685576553
20,3.0207291489710144,38.74083645229288,11,0.0,0.0,2,120,2100,15.279603550609023,243.75784240678206,-99.57645814595978,-2.6111762120290787
21,0.6519489716081921,48.79724512236527,11,0.0,0.0,2,120,2100,15.507894428126653,240.5707623557078,-99.70522732871785,-2.7872541244767843
22,165.2328099443181,-79.9873845720891,11,0.0,0.0,2,120,2100,16.22210549750996,57.42330128183107,-100.09687449515857,-3.603760348925814
23,8.125036242242857,70.29420173952926,11,0.0,0.0,2,120,2100,15.875767580537856,242.89789449428378,-99.9089205479231,-3.193521645420812
24,5.640959622417654,-49.615922401436585,11,0.0,0.0,2,120,2100,15.529202933234389,55.220732619047794,-99.71731978331195,-2.8042430009855095
25,-65.96497796598683,-88.19030762835996,11,0.0,0.0,2,120,2100,16.111741273882494,61.65287718174943,-100.03757238764867,-4.2442934572397215
26,-73.09633634224716,10.468335010301573,11,0.0,0.0,2,120,2100,15.915886139120635,160.9298949068625,-99.930716761119,-2.9036916247573625
27,4.864144509236354,-23.2011221147596,11,0.0,0.0,2,120,2100,14.784697112181917,48.80982601848768,-99.28921053347283,-2.279636130080584
28,-17.736030471519513,57.037474243062405,11,0.0,0.0,2,120,2100,15.69406475888931,228.8252589536233,-99.80888612289218,-2.9463618106285416
29,-172.40759957398453,53.602080520763565,11,0.0,0.0,2,120,2100,16.456661902296293,234.4367408368746,-100.22127239486196,-3.3352321502598326
30,107.85254665668674,-24.125792956292287,11,0.0,0.0,2,120,2100,16.28592666058402,355.1978319089808,-100.13036980869609,-3.1237584380650745
31,174.55189909543782,78.82772460754049,11,0.0,0.0,2,120,2100,16.23647333894082,241.07426702660393,-100.1043477157684,-3.5783428930966075
0,47.20399149900683,-11.925512956056721,11,90.0,180.0,3,240,2100,16.24439620979372,72.79600850099314,-100.1098720300467,-3.289753169667502
1,27.791867161438745,62.574337951227506,11,90.0,180.0,3,240,2100,14.931633314040017,92.20813283856126,-99.37605176346021,-2.2952213803707067
2,3.189256178077386,-50.944904973390614,11,90.0,180.0,3,240,2100,16.56852297316813,116.81074382192259,-100.28009666373538,-3.6364451406135405
3,-67.42738439265565,-84.4594812422539,11,90.0,180.0,3,240,2100,16.781846407271548,187.4273843926557,-100.39004596475485,-4.260171425314219
4,-171.5343974271468,-47.1336403647321,11,90.0,180.0,3,240,2100,16.541109833265896,291.5343974271468,-100.26787141767568,-3.3473530217262475
5,-13.156055482604756,-30.212799947744834,11,90.0,180.0,3,240,2100,16.409417420193684,133.15605548260476,-100.19652928993607,-3.5620048127653674
6,-88.69615817911468,25.258526258084785,11,90.0,180.0,3,240,2100,15.790555991287219,208.69615817911472,-99.86087888015247,-2.767094684964062
7,172.05394218714457,39.285964956275194,11,90.0,180.0,3,240,2100,15.546356715027196,307.94605781285543,-99.72663081333785,-2.4821597595032636
8,146.67173586743752,-16.367430722083625,11,90.0,180.0,3,240,2100,16.287053352551723,333.3282641325625,-100.13283498908162,-3.0358680505320885
9,76.95837731159918,-38.50418816359804,11,90.0,180.0,3,240,2100,16.47611540670752,43.04162268840082,-100.2311808144175,-3.3873032376216425
10,-82.29160859406029,-74.63744776534912,11,90.0,180.0,3,240,2100,16.723899664902618,202.29160859406034,-100.36057517662249,-3.8675051224901384
11,164.1437325182854,73.52875265262185,11,90.0,180.0,3,240,2100,14.421770661503263,315.8562674817146,-99.07417583849312,-1.8448663277603932
12,98.78968723117515,2.7476489077708095,11,90.0,180.0,3,240,2100,16.088958450576502,21.21031276882485,-100.02527025177994,-2.959891177174707
13,49.62954658888333,-54.82182850505235,11,90.0,180.0,3,240,2100,16.595658120248338,70.37045341111667,-100.29416107888784,-3.6039705710045373
14,27.20695517298637,-68.92862717452985,11,90.0,180.0,3,240,2100,16.688609112554246,92.7930448270136,-100.34219168711788,-3.7975150545404617
15,-166.75465015270333,14.00674145761245,11,90.0,180.0,3,240,2100,15.950798591457483,286.75465015270333,-99.95076955103322,-2.727973866602561
16,166.33845034924377,-66.9291707105447,11,90.0,180.0,3,240,2100,16.675948459110412,313.6615496507562,-100.33741128272572,-3.648716852909514
17,-1.5576260955098178,30.854791978714843,11,90.0,180.0,3,240,2100,15.700149565300702,121.55762609550982,-99.8122710967835,-3.0163437236413353
18,102.09516698673838,-46.605241046058815,11,90.0,180.0,3,240,2100,16.53724922027913,17.904833013261623,-100.2599139870748,-3.412176344252397
19,-139.8063075142215,26.458541017227205,11,90.0,180.0,3,240,2100,15.77184657188049,259.8063075142215,-99.85106382725724,-2.6459325163971714
20,3.0207291489710144,38.74083645229288,11,90.0,180.0,3,240,2100,15.557048418501727,116.97927085102896,-99.73259427298811,-2.8505716376617163
21,0.6519489716081921,48.79724512236527,11,90.0,180.0,3,240,2100,15.338659178391037,119.34805102839181,-99.6094991161847,-2.6402787786127218
22,165.2328099443181,-79.9873845720891,11,90.0,180.0,3,240,2100,16.755878119028132,314.7671900556819,-100.3782338653754,-4.0023443600991095
23,8.125036242242857,70.29420173952926,11,90.0,180.0,3,240,2100,14.601067216531245,111.87496375775714,-99.18235670769263,-2.070278861743881
24,5.640959622417654,-49.615922401436585,11,90.0,180.0,3,240,2100,16.559049145768,114.35904037758235,-100.27519631353283,-3.6282793919010494
25,-65.96497796598683,-88.19030762835996,11,90.0,180.0,3,240,2100,16.803006013842417,185.96497796598692,-100.40082263448899,-4.736744325165864
26,-73.09633634224716,10.468335010301573,11,90.0,180.0,3,240,2100,15.996309197352327,193.09633634224713,-99.97397957793399,-2.968957531112056
27,4.864144509236354,-23.2011221147596,11,90.0,180.0,3,240,2100,16.349319998035273,115.13585549076367,-100.16503172516137,-3.601038589648332
28,-17.736030471519513,57.037474243062405,11,90.0,180.0,3,240,2100,15.115525445892713,137.73603047151948,-99.48205207933738,-2.443778667209238
29,-172.40759957398453,53.602080520763565,11,90.0,180.0,3,240,2100,15.214665702935372,292.4075995739845,-99.53772026267389,-2.293879102723889
30,107.85254665668674,-24.125792956292287,11,90.0,180.0,3,240,2100,16.35745520602718,12.14745334331326,-100.16606407927307,-3.1767339457146364
31,174.55189909543782,78.82772460754049,11,90.0,180.0,3,240,2100,14.033589942363726,305.4481009045622,-98.83895902877082,-1.6153525355809208
0,49.090987162417036,-10.561003167455908,12,-90.0,-180.0,1,0,2100,15.99514334503574,229.090987162417,-99.97460509162353,-3.0788897010055805
1,29.57866876077958,61.96499756810178,12,-90.0,-180.0,1,0,2100,16.643804114569,209.57866876077955,-100.31950115357203,-3.706276182546773
2,2.5973064616757995,-51.30252345996605,12,-90.0,-180.0,1,0,2100,15.275928464649768,182.59730646167577,-99.57376038178951,-2.5850488521447854
3,-69.32045690448919,-85.61316182379785,12,-90.0,-180.0,1,0,2100,13.098764622428718,110.67954309551084,-98.24994365316483,-1.0509724909602072
4,-170.8967460163816,-47.38191037316688,12,-90.0,-180.0,1,0,2100,15.372432853337633,9.103253983618401,-99.63311845758001,-2.3863884818704144
5,-13.003778287815322,-32.08015405474482,12,-90.0,-180.0,1,0,2100,15.67921408367076,166.9962217121847,-99.80042192987955,-2.969148942344986
6,-90.41092186111192,25.812286748070747,12,-90.0,-180.0,1,0,2100,16.372124580540415,89.58907813888811,-100.17778531420262,-3.2393202411684694
7,175.16061204438176,37.605610955001794,12,-90.0,-180.0,1,0,2100,16.469098253628303,355.16061204438176,-100.22576704295088,-3.229811047564672
8,146.73210497623592,-16.62341773131817,12,-90.0,-180.0,1,0,2100,15.915758804765185,326.7321049762359,-99.93365399291655,-2.7346420851841864
9,78.93815975740273,-38.94920224179595,12,-90.0,-180.0,1,0,2100,15.552975187736328,258.93815975740273,-99.72998527167867,-2.631803524034149
10,-83.1508456834859,-74.70608097268877,12,-90.0,-180.0,1,0,2100,14.34760972785466,96.8491543165141,-99.03139879973642,-1.8489472405037604
11,164.74705488606287,73.39480181781667,12,-90.0,-180.0,1,0,2100,16.716323264562554,344.74705488606287,-100.35295279159612,-3.7906491885578983
12,98.22089272661248,3.219614942716177,12,-90.0,-180.0,1,0,2100,16.1551120969572,278.2208927266125,-100.06189769792672,-3.0165546577639537
13,52.64698465830605,-54.45088462325604,12,-90.0,-180.0,1,0,2100,15.191069365005454,232.646984658306,-99.52468364762073,-2.4429234915026985
14,23.80851295214154,-69.75513359486511,12,-90.0,-180.0,1,0,2100,14.628055534567777,203.8085129521415,-99.19836471397397,-2.0828251784150744
15,-167.7582178572821,14.026933571149343,12,-90.0,-180.0,1,0,2100,16.264803768897604,12.24178214271791,-100.12121277851693,-2.9857350564364076
16,166.20864281123812,-67.05437438232846,12,-90.0,-180.0,1,0,2100,14.753281545228866,346.2086428112381,-99.27845562422618,-2.040723768023073
17,0.11039617815046654,31.56781846217976,12,-90.0,-180.0,1,0,2100,16.420626197880637,180.11039617815044,-100.20283779410767,-3.5848826607075917
18,102.5847576141947,-49.099942625219,12,-90.0,-180.0,1,0,2100,15.331285525776707,282.5847576141947,-99.60514779280324,-2.4375536714493666
19,-139.66552909197628,26.484481051339927,12,-90.0,-180.0,1,0,2100,16.37791197167674,40.33447090802372,-100.18162194973617,-3.146499522371596
20,-1.4526935466072928,39.28384387815797,12,-90.0,-180.0,1,0,2100,16.482164237068172,178.5473064533927,-100.2352140947284,-3.591197021482033
21,-2.38453855935515,48.512750424090086,12,-90.0,-180.0,1,0,2100,16.551116287353146,177.61546144064482,-100.2712811216391,-3.6239329066978865
22,164.82449156584818,-79.89504880229754,12,-90.0,-180.0,1,0,2100,13.933180250598788,344.8244915658481,-98.78123671551403,-1.5562359550625078
23,9.730205802499569,69.36146393375122,12,-90.0,-180.0,1,0,2100,16.69132887677998,189.73020580249957,-100.34392105515771,-3.811994046936959
24,3.1998657290201606,-49.44480585837047,12,-90.0,-180.0,1,0,2100,15.322817926420562,183.19986572902013,-99.60038081431843,-2.6256852527229517
25,-64.97294155255541,-88.16405089428763,12,-90.0,-180.0,1,0,2100,12.2277203048353,115.02705844744469,-97.64908024016134,-0.44416881881081094
26,-73.98922216104924,12.475214114272603,12,-90.0,-180.0,1,0,2100,16.24977488376441,106.01077783895073,-100.11226794727062,-3.1735892657613003
27,4.004799286888044,-21.76131280662115,12,-90.0,-180.0,1,0,2100,15.84316563684624,184.00479928688802,-99.89120217876064,-3.221842776926238
28,-19.548020652313568,55.30364751671249,12,-90.0,-180.0,1,0,2100,16.598979575719152,160.45197934768646,-100.29615841897271,-3.6545273494196753
29,-173.00287524619907,53.64675769207389,12,-90.0,-180.0,1,0,2100,16.58751111710491,6.997124753800904,-100.28736407092745,-3.431966537279818
30,104.45854018166375,-21.67195004110333,12,-90.0,-180.0,1,0,2100,15.844474341562766,284.45854018166375,-99.89280763783583,-2.767472251914685
31,177.58329186645778,79.27464733175671,12,-90.0,-180.0,1,0,2100,16.75167642131879,357.5832918664577,-100.36813101209509,-3.967977253327672
0,49.090987162417036,-10.561003167455908,12,0.0,0.0,2,120,2100,15.530710717765634,343.8579304098555,-99.71789629473257,-2.690038930218072
1,29.57866876077958,61.96499756810178,12,0.0,0.0,2,120,2100,15.807884625361607,254.7269743516739,-99.87168403239679,-3.0527268382855475
2,2.5973064616757995,-51.30252345996605,12,0.0,0.0,2,120,2100,15.558812317406105,57.920978419905055,-99.73390188436746,-2.831035788773803
3,-69.32045690448919,-85.61316182379785,12,0.0,0.0,2,120,2100,16.102615705839845,64.10519436972174,-100.0326398987863,-3.8521880030590565
4,-170.8967460163816,-47.38191037316688,12,0.0,0.0,2,120,2100,16.502634309295264,68.28279604361788,-100.24532720634019,-3.3163047970548276
5,-13.003778287815322,-32.08015405474482,12,0.0,0.0,2,120,2100,15.156842559945089,79.74718865395153,-99.5065563913042,-2.519041117719709
6,-90.41092186111192,25.812286748070747,12,0.0,0.0,2,120,2100,16.124065427196875,175.81286436092068,-100.04346913012604,-3.0398134702503805
7,175.16061204438176,37.605610955001794,12,0.0,0.0,2,120,2100,16.576896069322178,246.25041942144588,-100.28446263824485,-3.3161321921952727
8,146.73210497623592,-16.62341773131817,12,0.0,0.0,2,120,2100,16.584689272741656,358.55783163303886,-100.28588708062215,-3.263484215500354
9,78.93815975740273,-38.94920224179595,12,0.0,0.0,2,120,2100,16.01975601325143,9.475532551939978,-99.98762966244949,-3.0238129381920498
10,-83.1508456834859,-74.70608097268877,12,0.0,0.0,2,120,2100,16.099731383091026,75.18983443100052,-100.03100525932467,-3.395894491632552
11,164.74705488606287,73.39480181781667,12,0.0,0.0,2,120,2100,16.283633042244283,244.48588226920617,-100.12961116048153,-3.470490571495967
12,98.22089272661248,3.219614942716177,12,0.0,0.0,2,120,2100,16.2072398513015,326.74702871796745,-100.08918699596762,-3.057405055754741
13,52.64698465830605,-54.45088462325604,12,0.0,0.0,2,120,2100,15.859239379504102,30.40194055409006,-99.90026777474296,-3.0188240996687843
14,23.80851295214154,-69.75513359486511,12,0.0,0.0,2,120,2100,15.890458859666568,51.53173593417091,-99.91738047038025,-3.1938128895231155
15,-167.7582178572821,14.026933571149343,12,0.0,0.0,2,120,2100,16.704433138582885,199.67753026715707,-100.3501216769944,-3.325343858853043
16,166.20864281123812,-67.05437438232846,12,0.0,0.0,2,120,2100,16.340865501982844,54.23708667212827,-100.16010912481897,-3.3945139184255257
17,0.11039617815046654,31.56781846217976,12,0.0,0.0,2,120,2100,15.072297806648004,240.17967177179764,-99.45793249975306,-2.468589811803097
18,102.5847576141947,-49.099942625219,12,0.0,0.0,2,120,2100,16.20717696141446,19.788234663585342,-100.08862272903735,-3.1745027948479008
19,-139.66552909197628,26.484481051339927,12,0.0,0.0,2,120,2100,16.510670025375177,187.5886077360371,-100.24918473098731,-3.2464264825446216
20,-1.4526935466072928,39.28384387815797,12,0.0,0.0,2,120,2100,15.291540156768841,238.22489230541652,-99.58332628467153,-2.620220122116698
21,-2.38453855935515,48.512750424090086,12,0.0,0.0,2,120,2100,15.50288435013219,237.89284351218498,-99.70244476828599,-2.7828984528554948
22,164.82449156584818,-79.89504880229754,12,0.0,0.0,2,120,2100,16.222811676464236,57.32892458495439,-100.097252033611,-3.600957161918471
23,9.730205802499569,69.36146393375122,12,0.0,0.0,2,120,2100,15.863946587554928,243.64231010127736,-99.90244015140576,-3.1728995775299906
24,3.1998657290201606,-49.44480585837047,12,0.0,0.0,2,120,2100,15.52255501130572,57.26522301623197,-99.71360562123934,-2.799540271419094
25,-64.97294155255541,-88.16405089428763,12,0.0,0.0,2,120,2100,16.111297477367273,61.663670246734625,-100.03733464046105,-4.237121781913689
26,-73.98922216104924,12.475214114272603,12,0.0,0.0,2,120,2100,15.929301080560624,162.96196883149742,-99.93801549774136,-2.9128642850927164
27,4.004799286888044,-21.76131280662115,12,0.0,0.0,2,120,2100,14.7161454671719,50.076253445904285,-99.248666985178,-2.236325304270247
28,-19.548020652313568,55.30364751671249,12,0.0,0.0,2,120,2100,15.672979986824737,226.957246543925,-99.79722324583449,-2.921476690757374
29,-173.00287524619907,53.64675769207389,12,0.0,0.0,2,120,2100,16.45675165039928,234.87657439103748,-100.22132647469434,-3.335630890316467
30,104.45854018166375,-21.67195004110333,12,0.0,0.0,2,120,2100,16.2589198043614,352.31219864974867,-100.11616415914254,-3.1044444551061683
31,177.58329186645778,79.27464733175671,12,0.0,0.0,2,120,2100,16.232455629961667,240.4576039284878,-100.10218452247337,-3.590621768433004
0,49.090987162417036,-10.561003167455908,12,90.0,180.0,3,240,2100,16.230918469657777,70.90901283758296,-100.10269783533595,-3.268664510345223
1,29.57866876077958,61.96499756810178,12,90.0,180.0,3,240,2100,14.953607977033466,90.42133123922042,-99.38882035378923,-2.309319340800732
2,2.5973064616757995,-51.30252345996605,12,90.0,180.0,3,240,2100,16.571057052271478,117.40269353832417,-100.28140889140468,-3.6386358518555273
3,-69.32045690448919,-85.61316182379785,12,90.0,180.0,3,240,2100,16.788437523268623,189.32045690448922,-100.39343930349344,-4.353300241899699
4,-170.8967460163816,-47.38191037316688,12,90.0,180.0,3,240,2100,16.542918620121196,290.8967460163816,-100.26881048060152,-3.3506876432853354
5,-13.003778287815322,-32.08015405474482,12,90.0,180.0,3,240,2100,16.424831743320777,133.0037782878153,-100.20465484970707,-3.563970762651585
6,-90.41092186111192,25.812286748070747,12,90.0,180.0,3,240,2100,15.781965790247979,210.4109218611119,-99.85612410520697,-2.7563383482723895
7,175.16061204438176,37.605610955001794,12,90.0,180.0,3,240,2100,15.57895351803785,304.83938795561824,-99.74484412331661,-2.500151426572188
8,146.73210497623592,-16.62341773131817,12,90.0,180.0,3,240,2100,16.289457090672464,333.2678950237641,-100.13410825999198,-3.0382299221224
9,78.93815975740273,-38.94920224179595,12,90.0,180.0,3,240,2100,16.4795724556875,41.06184024259727,-100.23283903961679,-3.38626284807681
10,-83.1508456834859,-74.70608097268877,12,90.0,180.0,3,240,2100,16.724316452837407,203.1508456834859,-100.36080276610889,-3.8686164613661287
11,164.74705488606287,73.39480181781667,12,90.0,180.0,3,240,2100,14.429870171120317,315.25294511393713,-99.07901775355727,-1.8494942281319662
12,98.22089272661248,3.219614942716177,12,90.0,180.0,3,240,2100,16.083534561327728,21.779107273387524,-100.02239975375335,-2.9572008933410006
13,52.64698465830605,-54.45088462325604,12,90.0,180.0,3,240,2100,16.593093453446066,67.35301534169395,-100.29276171109987,-3.594665128645498
14,23.80851295214154,-69.75513359486511,12,90.0,180.0,3,240,2100,16.693796124436155,96.19148704785846,-100.344858174749,-3.8121681076901526
15,-167.7582178572821,14.026933571149343,12,90.0,180.0,3,240,2100,15.95053284690819,287.75821785728215,-99.95066088217936,-2.726824526734846
16,166.20864281123812,-67.05437438232846,12,90.0,180.0,3,240,2100,16.676745976516738,313.7913571887619,-100.33781827833877,-3.651190662066332
17,0.11039617815046654,31.56781846217976,12,90.0,180.0,3,240,2100,15.688020785811524,119.88960382184956,-99.80557258460287,-3.001459504217856
18,102.5847576141947,-49.099942625219,12,90.0,180.0,3,240,2100,16.555346591323406,17.4152423858053,-100.26908522826977,-3.4392451914242246
19,-139.66552909197628,26.484481051339927,12,90.0,180.0,3,240,2100,15.771438250649695,259.6655290919763,-99.85083521259297,-2.6458860291666952
20,-1.4526935466072928,39.28384387815797,12,90.0,180.0,3,240,2100,15.546398538427457,121.45269354660729,-99.72652829555119,-2.83979906946572
21,-2.38453855935515,48.512750424090086,12,90.0,180.0,3,240,2100,15.345540197708235,122.38453855935512,-99.61334865907392,-2.646113855139109
22,164.82449156584818,-79.89504880229754,12,90.0,180.0,3,240,2100,16.755334779578277,315.17550843415177,-100.377929387549,-3.9986622623810404
23,9.730205802499569,69.36146393375122,12,90.0,180.0,3,240,2100,14.64731428662329,110.2697941975004,-99.20965206839197,-2.1024011465731514
24,3.1998657290201606,-49.44480585837047,12,90.0,180.0,3,240,2100,16.557822770745165,116.80013427097981,-100.27452789756379,-3.6282236750354
25,-64.97294155255541,-88.16405089428763,12,90.0,180.0,3,240,2100,16.802858650791183,184.97294155255548,-100.40073344401459,-4.729981579230632
26,-73.98922216104924,12.475214114272603,12,90.0,180.0,3,240,2100,15.970751659268696,193.98922216104927,-99.96001255467887,-2.94606651030404
27,4.004799286888044,-21.76131280662115,12,90.0,180.0,3,240,2100,16.33651938220192,115.99520071311196,-100.15822864483833,-3.610485632039704
28,-19.548020652313568,55.30364751671249,12,90.0,180.0,3,240,2100,15.166788664866154,139.54802065231354,-99.51138139292414,-2.4821734564770304
29,-173.00287524619907,53.64675769207389,12,90.0,180.0,3,240,2100,15.213437484311893,293.0028752461991,-99.53703749421472,-2.2931407191726576
30,104.45854018166375,-21.67195004110333,12,90.0,180.0,3,240,2100,16.335719476566045,15.54145981833625,-100.1552392261792,-3.1625107520019977
31,177.58329186645778,79.27464733175671,12,90.0,180.0,3,240,2100,13.992765024944937,302.4167081335422,-98.81394468882476,-1.5911451744235219
0,48.852255554326376,-11.725294914052071,13,-90.0,-180.0,1,0,2100,15.980378454589149,228.85225555432638,-99.96654715073242,-3.0681151574152348
1,30.471183410573474,62.03338540770537,13,-90.0,-180.0,1,0,2100,16.644254036940602,210.47118341057347,-100.31973351061197,-3.7061240419803148
2,1.9652558199834402,-51.98795506529582,13,-90.0,-180.0,1,0,2100,15.258057158077102,181.9652558199834,-99.56360528139419,-2.569897322128708
3,-68.50210611150933,-86.70652152522874,13,-90.0,-180.0,1,0,2100,12.812100861261882,111.4978938884907,-98.05801399379732,-0.8564417275343674
4,-170.91629834684343,-47.706108915948654,13,-90.0,-180.0,1,0,2100,15.364796709490264,9.083701653156595,-99.62880064171965,-2.3820807446730607
5,-13.534738926357733,-33.16284265762254,13,-90.0,-180.0,1,0,2100,15.660344288744799,166.4652610736423,-99.78991829392432,-2.9461345752566093
6,-90.60083080075316,25.78136841951546,13,-90.0,-180.0,1,0,2100,16.37185757558885,89.39916919924684,-100.17764992506123,-3.2385582704673466
7,175.23242631201975,37.2488586167798,13,-90.0,-180.0,1,0,2100,16.466298596657857,355.23242631201975,-100.22431709842998,-3.22572246288648
8,146.64729971496587,-16.529975397551837,13,-90.0,-180.0,1,0,2100,15.917031457050951,326.64729971496587,-99.93434603268314,-2.735628365064506
9,79.2117157220182,-38.584909755347624,13,-90.0,-180.0,1,0,2100,15.560085728903763,259.21171572201814,-99.73397879395375,-2.635949500832262
10,-82.69555886486837,-74.47890316192863,13,-90.0,-180.0,1,0,2100,14.362354603872335,97.30444113513164,-99.04024025954371,-1.8586015203947652
11,161.62275221853088,73.08543876773228,13,-90.0,-180.0,1,0,2100,16.714428123067336,341.6227522185309,-100.35246200595861,-3.783882693181475
12,98.19082669471288,3.2036778988007626,13,-90.0,-180.0,1,0,2100,16.154941120013543,278.1908266947129,-100.06180255961117,-3.016487847801763
13,52.68565096025279,-54.08002343451541,13,-90.0,-180.0,1,0,2100,15.201447681399207,232.68565096025276,-99.5306261331777,-2.4502252909261517
14,21.040099752727627,-71.62999446976967,13,-90.0,-180.0,1,0,2100,14.530873529573146,201.0400997527276,-99.14102466822328,-2.017277283450709
15,-169.71322208267622,13.947755432641856,13,-90.0,-180.0,1,0,2100,16.26404234801632,10.286777917323775,-100.1206730515344,-2.9829243881029828
16,165.80664148883875,-65.42585651663944,13,-90.0,-180.0,1,0,2100,14.821849018096103,345.80664148883875,-99.31855276507181,-2.0798027154933845
17,0.5560315015060837,31.47981694958594,13,-90.0,-180.0,1,0,2100,16.419902047573352,180.55603150150606,-100.2024458059517,-3.5848853908587746
18,104.37226569597573,-48.27023451107603,13,-90.0,-180.0,1,0,2100,15.351368730419345,284.3722656959757,-99.61665678461239,-2.447119579140166
19,-139.48102744427717,26.638699970318697,13,-90.0,-180.0,1,0,2100,16.379235039841085,40.518972555722826,-100.182317191273,-3.148314814465879
20,-4.8191362592405085,40.36252737537245,13,-90.0,-180.0,1,0,2100,16.49047315063557,175.1808637407595,-100.23956392829112,-3.592171912078891
21,-0.8997131010741839,47.7253458056332,13,-90.0,-180.0,1,0,2100,16.54541535970716,179.1002868989258,-100.26831216583936,-3.620340169944894
22,165.14179564566257,-79.9343869110204,13,-90.0,-180.0,1,0,2100,13.929279702949314,345.14179564566257,-98.77891497469759,-1.5539155656444046
23,9.376557900809189,69.56332434490781,13,-90.0,-180.0,1,0,2100,16.69259475785389,189.3765579008092,-100.34457513107724,-3.815133668363
24,2.8660882719968015,-48.74185725936422,13,-90.0,-180.0,1,0,2100,15.340002551089192,182.86608827199677,-99.61011236625116,-2.640996582692126
25,-64.17215000230735,-88.19986046129233,13,-90.0,-180.0,1,0,2100,12.208023013956478,115.82784999769274,-97.63501257653833,-0.4300818524987903
26,-73.60663518685529,12.417509741187459,13,-90.0,-180.0,1,0,2100,16.249211619550188,106.39336481314473,-100.11195783295354,-3.174461537379909
27,3.188814431628856,-21.137646623747656,13,-90.0,-180.0,1,0,2100,15.852263604307923,183.18881443162883,-99.89620791782586,-3.239384030044348
28,-19.38981221715244,54.84524255759527,13,-90.0,-180.0,1,0,2100,16.595819782055845,160.61018778284756,-100.29451591084192,-3.651146295169559
29,-175.32382541303573,54.41010194037639,13,-90.0,-180.0,1,0,2100,16.592811084538454,4.676174586964294,-100.28962040415195,-3.4418685883254123
30,101.40003120587482,-20.422303434688658,13,-90.0,-180.0,1,0,2100,15.862598033731972,281.4000312058748,-99.90268830078239,-2.787235529888271
31,179.08789614903003,79.43955136420871,13,-90.0,-180.0,1,0,2100,16.75265012739529,359.08789614903003,-100.36825542373852,-3.973899907023191
0,48.852255554326376,-11.725294914052071,13,0.0,0.0,2,120,2100,15.529951457950203,345.40958375498974,-99.71748610430586,-2.690700307894029
1,30.471183410573474,62.03338540770537,13,0.0,0.0,2,120,2100,15.812227447117158,255.06970681916886,-99.87407680988588,-3.0557970879214675
2,1.9652558199834402,-51.98795506529582,13,0.0,0.0,2,120,2100,15.571672537357347,58.46457727820837,-99.74109450207345,-2.842571880119524
3,-68.50210611150933,-86.70652152522874,13,0.0,0.0,2,120,2100,16.106468788885223,63.06480768644249,-100.03472146214568,-3.9732743200073073
4,-170.91629834684343,-47.706108915948654,13,0.0,0.0,2,120,2100,16.500251688806603,68.17329219209063,-100.24407979888586,-3.316802823534581
5,-13.534738926357733,-33.16284265762254,13,0.0,0.0,2,120,2100,15.190366135366158,79.7049594404262,-99.5257700374106,-2.5415394494099237
6,-90.60083080075316,25.78136841951546,13,0.0,0.0,2,120,2100,16.12595697346244,175.78260226091697,-100.04448236170244,-3.040759004692765
7,175.23242631201975,37.2488586167798,13,0.0,0.0,2,120,2100,16.579434189698976,246.23794000294532,-100.28578861451226,-3.3161396512077697
8,146.64729971496587,-16.529975397551837,13,0.0,0.0,2,120,2100,16.584428530410825,358.3605998117891,-100.28577330889931,-3.2632453271612865
9,79.2117157220182,-38.584909755347624,13,0.0,0.0,2,120,2100,16.021817762967938,9.083980951862372,-99.98874033976159,-3.0235134921498865
10,-82.69555886486837,-74.47890316192863,13,0.0,0.0,2,120,2100,16.098062133515434,75.40113971156862,-100.03010324853561,-3.3902068540080403
11,161.62275221853088,73.08543876773228,13,0.0,0.0,2,120,2100,16.283857374803578,245.47646815501116,-100.12974278875278,-3.464474164256159
12,98.19082669471288,3.2036778988007626,13,0.0,0.0,2,120,2100,16.2069354598415,326.76337458620515,-100.0890247564705,-3.0572381633573427
13,52.68565096025279,-54.08002343451541,13,0.0,0.0,2,120,2100,15.856697775191206,30.052052132757467,-99.89887292321734,-3.0147994502386894
14,21.040099752727627,-71.62999446976967,13,0.0,0.0,2,120,2100,15.90915992734963,53.20118733064032,-99.92760666057029,-3.2339863391858574
15,-169.71322208267622,13.947755432641856,13,0.0,0.0,2,120,2100,16.71224596797064,204.28317501954865,-100.35418735797745,-3.329350623122005
16,165.80664148883875,-65.42585651663944,13,0.0,0.0,2,120,2100,16.35439293594968,53.60241897910089,-100.1672701109249,-3.3816119298955676
17,0.5560315015060837,31.47981694958594,13,0.0,0.0,2,120,2100,15.069640685659023,240.9079885374826,-99.45638357172388,-2.4667803919550857
18,104.37226569597573,-48.27023451107603,13,0.0,0.0,2,120,2100,16.2204124613757,19.173429821499724,-100.09567249435595,-3.176923648796748
19,-139.48102744427717,26.638699970318697,13,0.0,0.0,2,120,2100,16.5090313797867,187.67032586517576,-100.24832251479188,-3.2459334336177754
20,-4.8191362592405085,40.36252737537245,13,0.0,0.0,2,120,2100,15.323928469645093,234.35504399549455,-99.60174607965361,-2.64301429866744
21,-0.8997131010741839,47.7253458056332,13,0.0,0.0,2,120,2100,15.485751189042578,239.18214048403007,-99.6928369248586,-2.7689292834913815
22,165.14179564566257,-79.9343869110204,13,0.0,0.0,2,120,2100,16.22257759234477,57.39381079168368,-100.09712448683653,-3.6021471507839635
23,9.376557900809189,69.56332434490781,13,0.0,0.0,2,120,2100,15.866479989404022,243.4741056842645,-99.90383398255717,-3.177281029779132
24,2.8660882719968015,-48.74185725936422,13,0.0,0.0,2,120,2100,15.50798059801627,57.48844566095056,-99.70543650542798,-2.787346771160144
25,-64.17215000230735,-88.19986046129233,13,0.0,0.0,2,120,2100,16.111212544861754,61.62041958496289,-100.03728872362224,-4.2462402303551245
26,-73.60663518685529,12.417509741187459,13,0.0,0.0,2,120,2100,15.924226561994063,162.92638114634053,-99.93525334479341,-2.91004794361334
27,3.188814431628856,-21.137646623747656,13,0.0,0.0,2,120,2100,14.681951880791768,51.81257846344113,-99.22840031290157,-2.2149269719824316
28,-19.38981221715244,54.84524255759527,13,0.0,0.0,2,120,2100,15.66501213973077,226.84044883765216,-99.79281114781197,-2.9137234524393554
29,-175.32382541303573,54.41010194037639,13,0.0,0.0,2,120,2100,16.452089287135074,236.66093397143163,-100.21889390261161,-3.338741306162227
30,101.40003120587482,-20.422303434688658,13,0.0,0.0,2,120,2100,16.232049397554402,350.79845693629284,-100.10191514368569,-3.087766233894001
31,179.08789614903003,79.43955136420871,13,0.0,0.0,2,120,2100,16.23089949608441,240.17003632064637,-100.10134679525864,-3.5953156990731507
0,48.852255554326376,-11.725294914052071,13,90.0,180.0,3,240,2100,16.242429921607158,71.1477444456736,-100.10883352486779,-3.2789229470762624
1,30.471183410573474,62.03338540770537,13,90.0,180.0,3,240,2100,14.951165624283943,89.52881658942653,-99.38740868386687,-2.3065396016369126
2,1.9652558199834402,-51.98795506529582,13,90.0,180.0,3,240,2100,16.57589613407171,118.03474418001656,-100.28391545128862,-3.6427922057304123
3,-68.50210611150933,-86.70652152522874,13,90.0,180.0,3,240,2100,16.794644177096174,188.50210611150936,-100.39660505274563,-4.4720599236419405
4,-170.91629834684343,-47.706108915948654,13,90.0,180.0,3,240,2100,16.54527567422004,290.9162983468434,-100.27004479475295,-3.3548128520540237
5,-13.534738926357733,-33.16284265762254,13,90.0,180.0,3,240,2100,16.433661317025678,133.5347389263577,-100.2093071068659,-3.5637909144666704
6,-90.60083080075316,25.78136841951546,13,90.0,180.0,3,240,2100,15.782447360296048,210.60083080075316,-99.85638039967364,-2.756146881514291
7,175.23242631201975,37.2488586167798,13,90.0,180.0,3,240,2100,15.585739420297326,304.76757368798025,-99.74864240731252,-2.504021295204564
8,146.64729971496587,-16.529975397551837,13,90.0,180.0,3,240,2100,16.28858032928946,333.35270028503413,-100.13363975370693,-3.037455972221739
9,79.2117157220182,-38.584909755347624,13,90.0,180.0,3,240,2100,16.476743372571608,40.7882842779818,-100.23135048135443,-3.3821796980476986
10,-82.69555886486837,-74.47890316192863,13,90.0,180.0,3,240,2100,16.72293620862594,202.69555886486842,-100.3600861667801,-3.8633746581406307
11,161.62275221853088,73.08543876773228,13,90.0,180.0,3,240,2100,14.448329233709284,318.3772477814691,-99.0901235053866,-1.8607715685309678
12,98.19082669471288,3.2036778988007626,13,90.0,180.0,3,240,2100,16.083718192444728,21.809173305287118,-100.02250329671789,-2.9574330192785077
13,52.68565096025279,-54.08002343451541,13,90.0,180.0,3,240,2100,16.590522766150357,67.31434903974719,-100.29144128200764,-3.59091390351381
14,21.040099752727627,-71.62999446976967,13,90.0,180.0,3,240,2100,16.70546363406979,98.95990024727234,-100.35084008760086,-3.844627460614232
15,-169.71322208267622,13.947755432641856,13,90.0,180.0,3,240,2100,15.951574491036927,289.7132220826762,-99.95129546727881,-2.725757425523107
16,165.80664148883875,-65.42585651663944,13,90.0,180.0,3,240,2100,16.66632270902574,314.19335851116125,-100.33244634631758,-3.6205548355264767
17,0.5560315015060837,31.47981694958594,13,90.0,180.0,3,240,2100,15.689525697935247,119.44396849849392,-99.80642860812152,-3.0033355077269586
18,104.37226569597573,-48.27023451107603,13,90.0,180.0,3,240,2100,16.549363896689464,15.627734304024273,-100.26571136791065,-3.4264685914701576
19,-139.48102744427717,26.638699970318697,13,90.0,180.0,3,240,2100,15.769007247502984,259.4810274442772,-99.84947992745327,-2.644608243578039
20,-4.8191362592405085,40.36252737537245,13,90.0,180.0,3,240,2100,15.524900066212235,124.81913625924051,-99.71440864281175,-2.8157733312536193
21,-0.8997131010741839,47.7253458056332,13,90.0,180.0,3,240,2100,15.364341767623493,120.89971310107416,-99.6240197354878,-2.663291641075406
22,165.14179564566257,-79.9343869110204,13,90.0,180.0,3,240,2100,16.75556629634925,314.85820435433743,-100.37806266067167,-4.00018527155182
23,9.376557900809189,69.56332434490781,13,90.0,180.0,3,240,2100,14.637485392772414,110.62344209919081,-99.20386186380118,-2.0955682257815407
24,2.8660882719968015,-48.74185725936422,13,90.0,180.0,3,240,2100,16.552768969517672,117.13391172800323,-100.2718962659801,-3.62470338555932
25,-64.17215000230735,-88.19986046129233,13,90.0,180.0,3,240,2100,16.80305962268637,184.17215000230743,-100.40082365966686,-4.739014344045987
26,-73.60663518685529,12.417509741187459,13,90.0,180.0,3,240,2100,15.971495716807423,193.60663518685527,-99.96041852511405,-2.948033372062511
27,3.188814431628856,-21.137646623747656,13,90.0,180.0,3,240,2100,16.330923413860944,116.81118556837112,-100.15524435206854,-3.6160831042784873
28,-19.38981221715244,54.84524255759527,13,90.0,180.0,3,240,2100,15.17991405178367,139.38981221715244,-99.51888672008582,-2.492785749158424
29,-175.32382541303573,54.41010194037639,13,90.0,180.0,3,240,2100,15.192215927913136,295.3238254130357,-99.52494347092194,-2.281153271708882
30,101.40003120587482,-20.422303434688658,13,90.0,180.0,3,240,2100,16.32446605894165,18.599968794125175,-100.14976682672707,-3.158929089896341
31,179.08789614903003,79.43955136420871,13,90.0,180.0,3,240,2100,13.977270452756018,300.91210385096997,-98.80446281873618,-1.5820347116693627
0,48.836325288992185,-11.86862813914449,14,-90.0,-180.0,1,0,2100,15.978545619809957,228.83632528899216,-99.96553859310826,-3.0666901782988845
1,32.8388225351234,61.568317767828546,14,-90.0,-180.0,1,0,2100,16.641190365220353,212.8388225351234,-100.31816372840511,-3.6984702992063094
2,0.3219831769624193,-53.98185344447647,14,-90.0,-180.0,1,0,2100,15.204176972134116,180.3219831769624,-99.53291768587478,-2.5248189782065595
3,-70.97197711810449,-86.13162636860064,14,-90.0,-180.0,1,0,2100,12.972990330926818,109.02802288189554,-98.1660755688263,-0.9654620939661647
4,-170.559561017126,-49.400684438598645,14,-90.0,-180.0,1,0,2100,15.323905269921559,9.440438982874014,-99.6055951258447,-2.3591194724810958
5,-14.697831714614694,-33.705812574842334,14,-90.0,-180.0,1,0,2100,15.650745286784003,165.30216828538528,-99.78456493409067,-2.9320251959439236
6,-89.91598990470557,25.77475552087789,14,-90.0,-180.0,1,0,2100,16.371800458566735,90.08401009529445,-100.17760601506943,-3.2402801159419035
7,175.03888848617146,37.77196043069338,14,-90.0,-180.0,1,0,2100,16.470401026511713,355.0388884861714,-100.22645130698976,-3.2317495888322645
8,146.70758521331345,-16.457481173129764,14,-90.0,-180.0,1,0,2100,15.918017688834274,326.7075852133134,-99.9348830152912,-2.736203066420005
9,77.92336878841252,-38.561833571661396,14,-90.0,-180.0,1,0,2100,15.5605344493583,257.9233687884125,-99.73421481015968,-2.6396303496471605
10,-81.0681467235592,-73.92884951502948,14,-90.0,-180.0,1,0,2100,14.397180168531184,98.93185327644085,-99.06114141564063,-1.8819855549448972
11,160.55312090029616,73.10989013144905,14,-90.0,-180.0,1,0,2100,16.714578041599268,340.55312090029616,-100.35267972633461,-3.784851763467744
12,96.57942792616996,2.7947641471737796,14,-90.0,-180.0,1,0,2100,16.15054415446443,276.57942792616996,-100.05940306151757,-3.0171520111433825
13,51.52265736957045,-52.85207503318926,14,-90.0,-180.0,1,0,2100,15.235061996174183,231.5226573695704,-99.54986694270968,-2.4767482865444093
14,20.172679499579743,-73.14033917935794,14,-90.0,-180.0,1,0,2100,14.445078208078593,200.17267949957971,-99.09007901502851,-1.9589676810564385
15,-171.05174778698185,13.447606860219679,14,-90.0,-180.0,1,0,2100,16.259219197747814,8.948252213018122,-100.11804851473283,-2.976635342100313
16,166.7848564932077,-63.64681674489982,14,-90.0,-180.0,1,0,2100,14.891743255497982,346.7848564932077,-99.35954182762588,-2.119389751251664
17,1.8929706430207034,31.5666723270935,14,-90.0,-180.0,1,0,2100,16.420616769888763,181.89297064302067,-100.2028332201502,-3.584411370433304
18,105.04229837266246,-47.08105031159059,14,-90.0,-180.0,1,0,2100,15.379467495674842,285.04229837266246,-99.63265008433414,-2.4635333600630336
19,-138.05777941941145,26.725110161287645,14,-90.0,-180.0,1,0,2100,16.379975601869248,41.942220580588526,-100.18271238119921,-3.151345604749141
20,-8.905287292644203,40.11985094378764,14,-90.0,-180.0,1,0,2100,16.488609865398207,171.09471270735582,-100.23857458128838,-3.5874991175369084
21,-4.158970345755051,47.82481060738334,14,-90.0,-180.0,1,0,2100,16.546137295785005,175.84102965424495,-100.26868174160369,-3.620060406953578
22,164.81372415395595,-79.87398026799944,14,-90.0,-180.0,1,0,2100,13.935263049617921,344.81372415395595,-98.78253160287638,-1.5575137683959361
23,9.678102582329615,72.08339053256998,14,-90.0,-180.0,1,0,2100,16.708264854872635,189.67810258232961,-100.35261752051291,-3.856761651756142
24,2.8940016845273817,-48.49370619116084,14,-90.0,-180.0,1,0,2100,15.345999130496597,182.89400168452738,-99.6135108166582,-2.646343587339292
25,-63.57295480342114,-88.43499290265952,14,-90.0,-180.0,1,0,2100,12.068049939332855,116.427045196579,-97.53299319933936,-0.32746835225803905
26,-75.99502596190534,12.1518775464571,14,-90.0,-180.0,1,0,2100,16.2466146296074,104.00497403809464,-100.11060760070568,-3.1637864937636415
27,3.572367158662132,-19.19331953728883,14,-90.0,-180.0,1,0,2100,15.880107320220374,183.5723671586621,-99.91151237955125,-3.2889364946321855
28,-18.830867199850587,54.24829413802573,14,-90.0,-180.0,1,0,2100,16.59168998214597,161.16913280014944,-100.2923785005119,-3.6472577929939227
29,-175.91679994308777,54.679477161742426,14,-90.0,-180.0,1,0,2100,16.594674695696103,4.083200056912233,-100.29045103483017,-3.4454949596371294
30,98.9331328730168,-18.99187855620761,14,-90.0,-180.0,1,0,2100,15.88294822382612,278.9331328730168,-99.91380530443557,-2.807589496019642
31,179.09107253657436,79.44029337217043,14,-90.0,-180.0,1,0,2100,16.75265450657531,359.09107253657436,-100.36825954030026,-3.9739259268202343
0,48.836325288992185,-11.86862813914449,14,0.0,0.0,2,120,2100,15.530149145365957,345.5976480369893,-99.71759732509321,-2.6909550866861416
1,32.8388225351234,61.568317767828546,14,0.0,0.0,2,120,2100,15.816153472833763,256.36203123211675,-99.8762440846777,-3.0533620114653246
2,0.3219831769624193,-53.98185344447647,14,0.0,0.0,2,120,2100,15.608814134038559,59.76591221947638,-99.76182136311218,-2.8766406766675
3,-70.97197711810449,-86.13162636860064,14,0.0,0.0,2,120,2100,16.105860724159154,63.657593002953604,-100.03438882015786,-3.905632784107641
4,-170.559561017126,-49.400684438598645,14,0.0,0.0,2,120,2100,16.48720747442719,68.002237704214,-100.23725196495485,-3.319498751765671
5,-14.697831714614694,-33.705812574842334,14,0.0,0.0,2,120,2100,15.215300443425582,80.82458752669862,-99.54004915390622,-2.5575313055469424
6,-89.91598990470557,25.77475552087789,14,0.0,0.0,2,120,2100,16.119122679658986,175.77477963787624,-100.04080391272669,-3.037067149361085
7,175.03888848617146,37.77196043069338,14,0.0,0.0,2,120,2100,16.575642103745064,246.3679462966686,-100.28381265988213,-3.3161025793807433
8,146.70758521331345,-16.457481173129764,14,0.0,0.0,2,120,2100,16.58499963773685,358.2876758609128,-100.28606921741608,-3.2634423999692004
9,77.92336878841252,-38.561833571661396,14,0.0,0.0,2,120,2100,16.009457697704033,9.188359905218249,-99.98204515447603,-3.0166959673755454
10,-81.0681467235592,-73.92884951502948,14,0.0,0.0,2,120,2100,16.09221129200723,75.88615794069963,-100.02694212927712,-3.375777241772875
11,160.55312090029616,73.10989013144905,14,0.0,0.0,2,120,2100,16.28265077422127,245.77241685259781,-100.12910097338364,-3.4642184518850154
12,96.57942792616996,2.7947641471737796,14,0.0,0.0,2,120,2100,16.19043830219947,327.1867370906956,-100.08017147976088,-3.048251220280964
13,51.52265736957045,-52.85207503318926,14,0.0,0.0,2,120,2100,15.838636309518416,29.327903305592883,-99.88895182491184,-2.9964374956806
14,20.172679499579743,-73.14033917935794,14,0.0,0.0,2,120,2100,15.926952477175286,54.033762696523354,-99.93732776553341,-3.2707392607179426
15,-171.05174778698185,13.447606860219679,14,0.0,0.0,2,120,2100,16.719368462562052,206.95598031267605,-100.35788060237905,-3.3324770327365183
16,166.7848564932077,-63.64681674489982,14,0.0,0.0,2,120,2100,16.370324045450687,53.538818550274755,-100.17569636103359,-3.3698241140132374
17,1.8929706430207034,31.5666723270935,14,0.0,0.0,2,120,2100,15.073865736527798,243.07747067879785,-99.45877328809037,-2.469400621860026
18,105.04229837266246,-47.08105031159059,14,0.0,0.0,2,120,2100,16.227117025044958,18.075803519301132,-100.09922543730562,-3.174000332715396
19,-138.05777941941145,26.725110161287645,14,0.0,0.0,2,120,2100,16.50017368112514,186.99101806203294,-100.24366960845916,-3.2415030114501002
20,-8.905287292644203,40.11985094378764,14,0.0,0.0,2,120,2100,15.332082184164584,229.59062197520285,-99.60643469908318,-2.6467619595735514
21,-4.158970345755051,47.82481060738334,14,0.0,0.0,2,120,2100,15.490549566426772,236.2408673760994,-99.69555826283872,-2.7722255850870274
22,164.81372415395595,-79.87398026799944,14,0.0,0.0,2,120,2100,16.223010241825545,57.321394319347064,-100.09735815252736,-3.600330073684244
23,9.678102582329615,72.08339053256998,14,0.0,0.0,2,120,2100,15.901625718494923,243.11112076915805,-99.92307211764427,-3.2373508299385403
24,2.8940016845273817,-48.49370619116084,14,0.0,0.0,2,120,2100,15.502919928065229,57.44182686577551,-99.70259578366696,-2.783108663814267
25,-63.57295480342114,-88.43499290265952,14,0.0,0.0,2,120,2100,16.1121951887403,61.401535674719696,-100.03781829782986,-4.3135386266955065
26,-75.99502596190534,12.1518775464571,14,0.0,0.0,2,120,2100,15.95502368517757,162.5126031629083,-99.95200992983638,-2.926520544196742
27,3.572367158662132,-19.19331953728883,14,0.0,0.0,2,120,2100,14.591113152764514,49.85182297714641,-99.17415211878334,-2.157357323522642
28,-18.830867199850587,54.24829413802573,14,0.0,0.0,2,120,2100,15.653099469544454,226.9178010099571,-99.78620728601693,-2.9028641298414106
29,-175.91679994308777,54.679477161742426,14,0.0,0.0,2,120,2100,16.450206435797924,237.11163451314275,-100.21790413964172,-3.339730978942769
30,98.9331328730168,-18.99187855620761,14,0.0,0.0,2,120,2100,16.209633659192654,349.2080822041746,-100.09000788700811,-3.0733262008633844
31,179.09107253657436,79.44029337217043,14,0.0,0.0,2,120,2100,16.230892211772286,240.16943204549005,-100.10134373413605,-3.595332082401505
0,48.836325288992185,-11.86862813914449,14,90.0,180.0,3,240,2100,16.24383795220036,71.16367471100779,-100.10958395506617,-3.280106029685144
1,32.8388225351234,61.568317767828546,14,90.0,180.0,3,240,2100,14.967658251177069,87.16117746487657,-99.39699717245357,-2.3157339602026465
2,0.3219831769624193,-53.98185344447647,14,90.0,180.0,3,240,2100,16.589841176564256,119.67801682303758,-100.29113782935912,-3.655596205052279
3,-70.97197711810449,-86.13162636860064,14,90.0,180.0,3,240,2100,16.791385483899173,190.97197711810452,-100.39496579333687,-4.4047528955931545
4,-170.559561017126,-49.400684438598645,14,90.0,180.0,3,240,2100,16.55750631293012,290.55956101712604,-100.27643370321786,-3.3768051414248696
5,-14.697831714614694,-33.705812574842334,14,90.0,180.0,3,240,2100,16.438060180483912,134.69783171461467,-100.21160760599864,-3.5613412096449997
6,-89.91598990470557,25.77475552087789,14,90.0,180.0,3,240,2100,15.782550329747318,209.91598990470555,-99.85644703623497,-2.7581029272429
7,175.03888848617146,37.77196043069338,14,90.0,180.0,3,240,2100,15.575773519456076,304.96111151382854,-99.74305621311719,-2.4983419168289
8,146.70758521331345,-16.457481173129764,14,90.0,180.0,3,240,2100,16.28789959228951,333.29241478668655,-100.13327991627574,-3.0366748188405968
9,77.92336878841252,-38.561833571661396,14,90.0,180.0,3,240,2100,16.476563893867446,42.07663121158748,-100.2313453554651,-3.3853039044466504
10,-81.0681467235592,-73.92884951502948,14,90.0,180.0,3,240,2100,16.719586384349963,201.06814672355915,-100.35833516298388,-3.851404945400023
11,160.55312090029616,73.10989013144905,14,90.0,180.0,3,240,2100,14.446882607891645,319.44687909970384,-99.08928593506955,-1.8601570832595236
12,96.57942792616996,2.7947641471737796,14,90.0,180.0,3,240,2100,16.08841831659298,23.420572073830044,-100.02514876820275,-2.9656959351461016
13,51.52265736957045,-52.85207503318926,14,90.0,180.0,3,240,2100,16.58196355769919,68.47734263042952,-100.28704942002695,-3.581268842100762
14,20.172679499579743,-73.14033917935794,14,90.0,180.0,3,240,2100,16.714764702288427,99.82732050042023,-100.35560716468075,-3.87285119390465
15,-171.05174778698185,13.447606860219679,14,90.0,180.0,3,240,2100,15.958129341686774,291.0517477869819,-99.95493382352753,-2.7289474825180022
16,166.7848564932077,-63.64681674489982,14,90.0,180.0,3,240,2100,16.654810469540035,313.2151435067923,-100.32656387571879,-3.588409220740551
17,1.8929706430207034,31.5666723270935,14,90.0,180.0,3,240,2100,15.688040400408129,118.1070293569793,-99.80563409527487,-3.001066769602818
18,105.04229837266246,-47.08105031159059,14,90.0,180.0,3,240,2100,16.540726264827526,14.957701627337542,-100.26116265371637,-3.411808558424272
19,-138.05777941941145,26.725110161287645,14,90.0,180.0,3,240,2100,15.767642547693075,258.0577794194114,-99.84868541460662,-2.645924131041464
20,-8.905287292644203,40.11985094378764,14,90.0,180.0,3,240,2100,15.529777129483927,128.90528729264418,-99.71706077795275,-2.8163686663400265
21,-4.158970345755051,47.82481060738334,14,90.0,180.0,3,240,2100,15.361986172340961,124.15897034575505,-99.6226306194785,-2.660279441675557
22,164.81372415395595,-79.87398026799944,14,90.0,180.0,3,240,2100,16.755210762782113,315.18627584604405,-100.37785147403115,-3.9977945154864503
23,9.678102582329615,72.08339053256998,14,90.0,180.0,3,240,2100,14.505882527493315,110.32189741767036,-99.1258160979916,-2.0036020631018756
24,2.8940016845273817,-48.49370619116084,14,90.0,180.0,3,240,2100,16.55097878708,117.10599831547262,-100.27096437929933,-3.6234595214589467
25,-63.57295480342114,-88.43499290265952,14,90.0,180.0,3,240,2100,16.80437824009784,183.57295480342123,-100.40148797492444,-4.804533632024443
26,-75.99502596190534,12.1518775464571,14,90.0,180.0,3,240,2100,15.974913736179566,195.9950259619053,-99.96228127329775,-2.9420182604770133
27,3.572367158662132,-19.19331953728883,14,90.0,180.0,3,240,2100,16.313273807594435,116.42763284133787,-100.14588242779037,-3.6289997985347715
28,-18.830867199850587,54.24829413802573,14,90.0,180.0,3,240,2100,15.196752075971547,138.83086719985056,-99.52849673740772,-2.50689580198101
29,-175.91679994308777,54.679477161742426,14,90.0,180.0,3,240,2100,15.184618273139824,295.91679994308777,-99.52060901890177,-2.2769058920325262
30,98.9331328730168,-18.99187855620761,14,90.0,180.0,3,240,2100,16.311427293500074,21.066867126983198,-100.14323131782723,-3.1525399517658754
31,179.09107253657436,79.44029337217043,14,90.0,180.0,3,240,2100,13.977200187426853,300.90892746342564,-98.80442693751085,-1.5819984129749398
0,45.481685217589444,-14.234849046746348,15,-90.0,-180.0,1,0,2100,15.9477923958249,225.48168521758942,-99.94872015145727,-3.0604424350237376
1,31.209877239204957,61.43447840257059,15,-90.0,-180.0,1,0,2100,16.640306945214217,211.20987723920493,-100.31769718474223,-3.698771629896824
2,-3.718156046683987,-56.18524994516889,15,-90.0,-180.0,1,0,2100,15.141051205396327,176.28184395331596,-99.49687398614722,-2.472867294766273
3,-72.891922378139,-86.35431301260593,15,-90.0,-180.0,1,0,2100,12.91370112595477,107.10807762186107,-98.1259555581933,-0.9244190257161766
4,-171.11844095882813,-50.86496215840348,15,-90.0,-180.0,1,0,2100,15.287172244034933,8.88155904117184,-99.58476257910996,-2.3383416399500327
5,-15.157734202607145,-33.958134846079844,15,-90.0,-180.0,1,0,2100,15.64625300404086,164.84226579739288,-99.78205840539206,-2.9257262125367896
6,-88.77126215123447,25.348106889340883,15,-90.0,-180.0,1,0,2100,16.36810849076618,91.22873784876549,-100.17562091752346,-3.2394775736162678
7,176.51324982063272,38.21529024574372,15,-90.0,-180.0,1,0,2100,16.47386471641024,356.5132498206327,-100.22801605784339,-3.2364175653429412
8,148.87750566479963,-15.115907167477644,15,-90.0,-180.0,1,0,2100,15.93609544947567,328.8775056647996,-99.94480713083381,-2.7452081758619866
9,77.32243183622688,-38.66232651339482,15,-90.0,-180.0,1,0,2100,15.558578873879174,257.3224318362269,-99.73311980473916,-2.639885481272859
10,-81.12453491309864,-73.55011830256626,15,-90.0,-180.0,1,0,2100,14.420472671920043,98.87546508690139,-99.07503343929645,-1.8965824685461996
11,158.86134113877148,73.54473733708679,15,-90.0,-180.0,1,0,2100,16.717240470978943,338.8613411387715,-100.35425225291597,-3.79643292209378
12,96.07466884074017,2.6379005121744115,15,-90.0,-180.0,1,0,2100,16.14885228795853,276.0746688407402,-100.05848552564726,-3.017124789606588
13,52.856116033337145,-53.42434900841764,15,-90.0,-180.0,1,0,2100,15.219536831451451,232.85611603333712,-99.54097974332761,-2.462771234201582
14,21.472529144500243,-73.86670937194893,15,-90.0,-180.0,1,0,2100,14.401039275125513,201.47252914450021,-99.06370283182898,-1.9284060989943506
15,-170.91935140271417,13.568693158822356,15,-90.0,-180.0,1,0,2100,16.260389021591553,9.080648597285801,-100.11866508420103,-2.9779623059973845
16,166.13685652855304,-62.362055748588546,15,-90.0,-180.0,1,0,2100,14.939343785596186,346.13685652855304,-99.38704503394827,-2.1463468726071295
17,3.174073256156646,31.764626312735714,15,-90.0,-180.0,1,0,2100,16.42224380279248,183.17407325615662,-100.20369449634352,-3.583467974818173
18,105.08070703051675,-46.67093667212062,15,-90.0,-180.0,1,0,2100,15.38897766595459,285.0807070305167,-99.63805878905329,-2.4694159071549167
19,-139.87228472783,27.240867289187094,15,-90.0,-180.0,1,0,2100,16.384384430275365,40.12771527217001,-100.18501857056022,-3.1537353497308587
20,-8.163657735752906,40.257853825837344,15,-90.0,-180.0,1,0,2100,16.48966988615207,171.83634226424715,-100.23913855024556,-3.5887881159949693
21,-4.25628660511822,47.889172243526076,15,-90.0,-180.0,1,0,2100,16.546604168247928,175.74371339488175,-100.26892782051605,-3.6203355389745546
22,164.51124815782026,-79.64228491408696,15,-90.0,-180.0,1,0,2100,13.957886368533726,344.51124815782026,-98.79654392161389,-1.5712912978599318
23,6.746619149403301,73.52145650599786,15,-90.0,-180.0,1,0,2100,16.71709810940023,186.74661914940327,-100.3571466532088,-3.884188016301195
24,2.90017578337455,-48.49637528735169,15,-90.0,-180.0,1,0,2100,15.34593482262444,182.90017578337452,-99.61347422499837,-2.646282573578837
25,-61.09836204851132,-88.07265018890746,15,-90.0,-180.0,1,0,2100,12.276304405585622,118.9016379514888,-97.68495104429618,-0.48067740890164357
26,-78.15624342765378,12.146638403320111,15,-90.0,-180.0,1,0,2100,16.246563340515525,101.8437565723462,-100.11062772611858,-3.156382470600258
27,4.226892062577406,-18.745158995488524,15,-90.0,-180.0,1,0,2100,15.886416727119762,184.22689206257738,-99.91497669494599,-3.2987489901215366
28,-18.192016330840346,52.31997904948673,15,-90.0,-180.0,1,0,2100,16.57823179955487,161.80798366915963,-100.28538354733897,-3.634260461034755
29,-179.6787517526434,54.615405420010035,15,-90.0,-180.0,1,0,2100,16.59423174462674,0.32124824735660695,-100.28945528428694,-3.443533891663422
30,96.31219890619019,-17.68897437885822,15,-90.0,-180.0,1,0,2100,15.901130580270477,276.3121989061902,-99.92372850518669,-2.8272166928779834
31,179.9518361106522,80.63570679929401,15,-90.0,-180.0,1,0,2100,16.759684807372686,359.9518361106522,-100.37152809031488,-4.02267347320011
0,45.481685217589444,-14.234849046746348,15,0.0,0.0,2,120,2100,15.474269620853299,349.58494485903054,-99.68630857075404,-2.6622315109243915
1,31.209877239204957,61.43447840257059,15,0.0,0.0,2,120,2100,15.807691387419275,255.7544762445421,-99.87158607647399,-3.0474099081853594
2,-3.718156046683987,-56.18524994516889,15,0.0,0.0,2,120,2100,15.650244303398058,62.4871638773167,-99.78488284031083,-2.915768724051317
3,-72.891922378139,-86.35431301260593,15,0.0,0.0,2,120,2100,16.10798314037697,63.48477768741557,-100.0355377615023,-3.9316702615280485
4,-171.11844095882813,-50.86496215840348,15,0.0,0.0,2,120,2100,16.476691375582526,67.16045009095194,-100.2317368424267,-3.3227019618231193
5,-15.157734202607145,-33.958134846079844,15,0.0,0.0,2,120,2100,15.22602126268118,81.21957844982569,-99.54617956207443,-2.5644704909526075
6,-88.77126215123447,25.348106889340883,15,0.0,0.0,2,120,2100,16.107548826626246,175.35320522672822,-100.0345714671389,-3.029892323614793
7,176.51324982063272,38.21529024574372,15,0.0,0.0,2,120,2100,16.573514576265943,244.4169333814657,-100.2826841260216,-3.316794053121401
8,148.87750566479963,-15.115907167477644,15,0.0,0.0,2,120,2100,16.601945381844047,357.59179430807086,-100.2948031103448,-3.2703394850415632
9,77.32243183622688,-38.66232651339482,15,0.0,0.0,2,120,2100,16.003838021816815,9.353973274642613,-99.97899882731456,-3.014017799544769
10,-81.12453491309864,-73.55011830256626,15,0.0,0.0,2,120,2100,16.091746095702565,76.26337981031259,-100.02668601535397,-3.3680583030577105
11,158.86134113877148,73.54473733708679,15,0.0,0.0,2,120,2100,16.277154993363514,246.08000010201744,-100.12617147906758,-3.4695353440671743
12,96.07466884074017,2.6379005121744115,15,0.0,0.0,2,120,2100,16.185212368735453,327.34722479764594,-100.07736596090959,-3.0453999920152337
13,52.856116033337145,-53.42434900841764,15,0.0,0.0,2,120,2100,15.852980481319394,29.39698493513481,-99.896828093329,-3.008204238664032
14,21.472529144500243,-73.86670937194893,15,0.0,0.0,2,120,2100,15.937825906583335,53.95565474323291,-99.94326022110762,-3.2908232480648314
15,-170.91935140271417,13.568693158822356,15,0.0,0.0,2,120,2100,16.71831541870412,206.81805301593585,-100.3573367429327,-3.332069921312139
16,166.13685652855304,-62.362055748588546,15,0.0,0.0,2,120,2100,16.380338216577773,52.84881844685913,-100.18098240955479,-3.361799285876632
17,3.174073256156646,31.764626312735714,15,0.0,0.0,2,120,2100,15.08295764415558,245.11010582067075,-99.46396189087588,-2.47514973050057
18,105.08070703051675,-46.67093667212062,15,0.0,0.0,2,120,2100,16.228162630355445,17.67201711335008,-100.09977286806166,-3.172360896809372
19,-139.87228472783,27.240867289187094,15,0.0,0.0,2,120,2100,16.50921317973713,188.6184419359688,-100.24842761333404,-3.247489795810736
20,-8.163657735752906,40.257853825837344,15,0.0,0.0,2,120,2100,15.332230911896989,230.48053595456952,-99.60650510490268,-2.6473840385821115
21,-4.25628660511822,47.889172243526076,15,0.0,0.0,2,120,2100,15.492018301869074,236.1619770846184,-99.69637660294373,-2.7733931462338743
22,164.51124815782026,-79.64228491408696,15,0.0,0.0,2,120,2100,16.22510037685346,57.205667758407344,-100.09847444189754,-3.5934623465673377
23,6.746619149403301,73.52145650599786,15,0.0,0.0,2,120,2100,15.9193257843329,241.99028223201134,-99.932744244646,-3.2735641359455587
24,2.90017578337455,-48.49637528735169,15,0.0,0.0,2,120,2100,15.50298044880679,57.43662145806775,-99.7026335375122,-2.783161830910274
25,-61.09836204851132,-88.07265018890746,15,0.0,0.0,2,120,2100,16.109561162021595,61.68744841174845,-100.03639691657514,-4.212891845867237
26,-78.15624342765378,12.146638403320111,15,0.0,0.0,2,120,2100,15.982298100730308,162.4027599085514,-99.96683290577836,-2.941323202527636
27,4.226892062577406,-18.745158995488524,15,0.0,0.0,2,120,2100,14.575017545107215,47.74613086080126,-99.16447795103322,-2.1469680523471344
28,-18.192016330840346,52.31997904948673,15,0.0,0.0,2,120,2100,15.61836102717483,226.44340557686803,-99.76693241745879,-2.870525653074685
29,-179.6787517526434,54.615405420010035,15,0.0,0.0,2,120,2100,16.451534580825687,239.77183312962825,-100.21864391093365,-3.340294875480078
30,96.31219890619019,-17.68897437885822,15,0.0,0.0,2,120,2100,16.18463367830557,347.7900833044764,-100.07667465739196,-3.05784160688416
31,179.9518361106522,80.63570679929401,15,0.0,0.0,2,120,2100,16.21894672288758,240.0079426439467,-100.0949357841866,-3.6314788832160385
0,45.481685217589444,-14.234849046746348,15,90.0,180.0,3,240,2100,16.26680044369911,74.51831478241053,-100.12180202488081,-3.316590076093558
1,31.209877239204957,61.43447840257059,15,90.0,180.0,3,240,2100,14.97235460679001,88.79012276079504,-99.3997159441559,-2.3211220330605995
2,-3.718156046683987,-56.18524994516889,15,90.0,180.0,3,240,2100,16.605028554393506,123.71815604668399,-100.29897941486105,-3.6708079682461205
3,-72.891922378139,-86.35431301260593,15,90.0,180.0,3,240,2100,16.792649004723135,192.89192237813904,-100.3956434359067,-4.4293339838254555
4,-171.11844095882813,-50.86496215840348,15,90.0,180.0,3,240,2100,16.567955620343696,291.11844095882816,-100.28189585089133,-3.396003751898837
5,-15.157734202607145,-33.958134846079844,15,90.0,180.0,3,240,2100,16.440097799143082,135.15773420260717,-100.21267276580208,-3.5604750472962388
6,-88.77126215123447,25.348106889340883,15,90.0,180.0,3,240,2100,15.789171366475165,208.7712621512345,-99.86010999675248,-2.7659086021386976
7,176.51324982063272,38.21529024574372,15,90.0,180.0,3,240,2100,15.567248940959189,303.4867501793673,-99.73821019734157,-2.4932691094749417
8,148.87750566479963,-15.115907167477644,15,90.0,180.0,3,240,2100,16.27521754486256,331.1224943352004,-100.12666751903589,-3.020709457732739
9,77.32243183622688,-38.66232651339482,15,90.0,180.0,3,240,2100,16.477345258571244,42.67756816377312,-100.23179233301495,-3.3877938173977706
10,-81.12453491309864,-73.55011830256626,15,90.0,180.0,3,240,2100,16.717273372536955,201.1245349130986,-100.35714595665858,-3.842620156049345
11,158.86134113877148,73.54473733708679,15,90.0,180.0,3,240,2100,14.42079973096774,321.1386588612285,-99.07371348327527,-1.8453216236530428
12,96.07466884074017,2.6379005121744115,15,90.0,180.0,3,240,2100,16.090215487418426,23.925331159259827,-100.02615036697846,-2.9685568973017395
13,52.856116033337145,-53.42434900841764,15,90.0,180.0,3,240,2100,16.58596161449705,67.14388396666283,-100.28908747362583,-3.5841474776978015
14,21.472529144500243,-73.86670937194893,15,90.0,180.0,3,240,2100,16.71920724473849,98.52747085549976,-100.35786973223243,-3.8869360898685237
15,-170.91935140271417,13.568693158822356,15,90.0,180.0,3,240,2100,15.956546345463217,290.91935140271414,-99.95407164894168,-2.728032975294974
16,166.13685652855304,-62.362055748588546,15,90.0,180.0,3,240,2100,16.64641353346895,313.86314347144696,-100.32220789496343,-3.566632042276993
17,3.174073256156646,31.764626312735714,15,90.0,180.0,3,240,2100,15.684646959959904,116.82592674384335,-99.80377647298052,-2.9959998642606007
18,105.08070703051675,-46.67093667212062,15,90.0,180.0,3,240,2100,16.537730020497843,14.919292969483251,-100.25962898762788,-3.407167078077031
19,-139.87228472783,27.240867289187094,15,90.0,180.0,3,240,2100,15.759458092052398,259.87228472783,-99.84418590894994,-2.637901323020508
20,-8.163657735752906,40.257853825837344,15,90.0,180.0,3,240,2100,15.52700660617655,128.1636577357529,-99.71551993561918,-2.8145285736342296
21,-4.25628660511822,47.889172243526076,15,90.0,180.0,3,240,2100,15.360458952593008,124.25628660511819,-99.62176844489265,-2.6588662172210364
22,164.51124815782026,-79.64228491408696,15,90.0,180.0,3,240,2100,16.75384590694821,315.48875184217974,-100.37714615165889,-3.9885609249373006
23,6.746619149403301,73.52145650599786,15,90.0,180.0,3,240,2100,14.42221352578729,113.25338085059667,-99.07599655438428,-1.9465556210869084
24,2.90017578337455,-48.49637528735169,15,90.0,180.0,3,240,2100,16.550998059221467,117.09982421662545,-100.27097360590014,-3.62346854836807
25,-61.09836204851132,-88.07265018890746,15,90.0,180.0,3,240,2100,16.802345504882872,181.09836204851138,-100.40042178994312,-4.707303070206013
26,-78.15624342765378,12.146638403320111,15,90.0,180.0,3,240,2100,15.974981033451218,198.15624342765375,-99.96230177685507,-2.934488427019337
27,4.226892062577406,-18.745158995488524,15,90.0,180.0,3,240,2100,16.30916107688644,115.7731079374226,-100.14369777375654,-3.630481325117187
28,-18.192016330840346,52.31997904948673,15,90.0,180.0,3,240,2100,15.249284084411743,138.19201633084032,-99.5584555102046,-2.5503511453423497
29,-179.6787517526434,54.615405420010035,15,90.0,180.0,3,240,2100,15.186430638222548,299.6787517526434,-99.52176644471321,-2.2781841459115917
30,96.31219890619019,-17.68897437885822,15,90.0,180.0,3,240,2100,16.299401129169144,23.68780109380981,-100.13720429714924,-3.1479976410260866
31,179.9518361106522,80.63570679929401,15,90.0,180.0,3,240,2100,13.85705866020752,300.0481638893478,-98.73018868229798,-1.5094811728270532
0,43.29718031376012,-14.97882319066656,16,-90.0,-180.0,1,0,2100,15.937924391165597,223.2971803137601,-99.94331785027859,-3.0651365451079653
1,31.060660260484525,61.48755081097764,16,-90.0,-180.0,1,0,2100,16.64065734829279,211.0606602604845,-100.31787739866692,-3.699512647314667
2,-3.1219796969750746,-56.767608185975824,16,-90.0,-180.0,1,0,2100,15.123679167926692,176.87802030302487,-99.48692654342146,-2.4590563571135835
3,-75.07428632935027,-86.1765201457442,16,-90.0,-180.0,1,0,2100,12.961317154326704,104.92571367064977,-98.1575478825021,-0.9559606187891522
4,-171.31147877256046,-51.75240266407491,16,-90.0,-180.0,1,0,2100,15.264234818706939,8.688521227439537,-99.57172131154528,-2.325411180293495
5,-17.10664493400901,-33.518674521786856,16,-90.0,-180.0,1,0,2100,15.654064060340247,162.89335506599105,-99.78639543187384,-2.9279374184512355
6,-88.58128668455352,25.228518565363515,16,-90.0,-180.0,1,0,2100,16.36707119286015,91.4187133154465,-100.17506655387699,-3.23891693566897
7,176.8142072964564,38.38912225819354,16,-90.0,-180.0,1,0,2100,16.47521958030501,356.8142072964564,-100.22866601720119,-3.2383386726003636
8,149.04228429301872,-14.870756661301158,16,-90.0,-180.0,1,0,2100,15.939363834824661,329.0422842930187,-99.94658365591873,-2.747184706849877
9,73.9980283075459,-39.35568003148733,16,-90.0,-180.0,1,0,2100,15.544981099295471,253.9980283075459,-99.72545019283805,-2.6394044270690227
10,-81.21491650859666,-73.51851855160216,16,-90.0,-180.0,1,0,2100,14.422391799487455,98.78508349140338,-99.07616869554278,-1.8976987557225233
11,157.8798375012056,72.76028036326241,16,-90.0,-180.0,1,0,2100,16.71243234116578,337.8798375012056,-100.35195246709543,-3.7771557347709965
12,95.56115475854779,2.716648688686007,16,-90.0,-180.0,1,0,2100,16.149701991124232,275.5611547585478,-100.0589337734802,-3.0192248994843234
13,52.76041771713423,-53.391297827254135,16,-90.0,-180.0,1,0,2100,15.220440062097554,232.7604177171342,-99.54148470823331,-2.4636078097190603
14,21.76256674349665,-73.54534768376413,16,-90.0,-180.0,1,0,2100,14.420762639024804,201.76256674349662,-99.07546705046548,-1.9416677197680474
15,-169.38237592821937,13.548668842535207,16,-90.0,-180.0,1,0,2100,16.260195659582507,10.617624071780597,-100.11867697649048,-2.979258539099365
16,166.51415962145086,-61.900125391314035,16,-90.0,-180.0,1,0,2100,14.955919273978408,346.5141596214508,-99.3967345054722,-2.1556742455289686
17,3.1018726226976128,33.47926197166801,16,-90.0,-180.0,1,0,2100,16.436227135745604,183.10187262269758,-100.21107183236171,-3.5833942286560228
18,102.59642070744576,-45.70616455117046,16,-90.0,-180.0,1,0,2100,15.410999555808196,282.59642070744576,-99.65044735288569,-2.4875416669433257
19,-140.36889987500624,27.364138573201288,16,-90.0,-180.0,1,0,2100,16.385435313955067,39.631100124993736,-100.1855720194152,-3.154233382306632
20,-10.16938948874133,40.442463847878,16,-90.0,-180.0,1,0,2100,16.49108614863938,169.83061051125867,-100.23986855385924,-3.5867436910306254
21,-4.042779800337854,47.49119085763121,16,-90.0,-180.0,1,0,2100,16.543713754185532,175.95722019966217,-100.26741841454793,-3.618524634982832
22,165.17083803839233,-79.06380433792985,16,-90.0,-180.0,1,0,2100,14.012232652522691,345.17083803839233,-98.83062310660414,-1.6045700168564412
23,6.529153384108099,73.77960107148357,16,-90.0,-180.0,1,0,2100,16.718675523214614,186.52915338410807,-100.35795075493364,-3.88935129243081
24,3.0247558542320405,-48.76246491761429,16,-90.0,-180.0,1,0,2100,15.339502945419307,183.024755854232,-99.60983518442792,-2.640514175057369
25,-59.27916839581739,-88.21121228143625,16,-90.0,-180.0,1,0,2100,12.201697000438172,120.7208316041827,-97.63150252156879,-0.4269917722724923
26,-80.94898167300423,14.201036276973483,16,-90.0,-180.0,1,0,2100,16.266476000841276,99.05101832699575,-100.12134359370084,-3.164936865806257
27,1.1950413517527636,-20.543452384251992,16,-90.0,-180.0,1,0,2100,15.860855312501196,181.19504135175274,-99.90092275319542,-3.257738930716476
28,-18.346736983663533,52.624291648594976,16,-90.0,-180.0,1,0,2100,16.58036774490918,161.6532630163365,-100.28649273202767,-3.636165604468247
29,-179.48631036684336,54.59696248038898,16,-90.0,-180.0,1,0,2100,16.594104205554782,0.5136896331566163,-100.28943927543577,-3.443323456645999
30,94.86242467064989,-17.274072897082192,16,-90.0,-180.0,1,0,2100,15.906851916169476,274.8624246706499,-99.92683285012782,-2.8351316460373344
31,178.82451925153788,80.71410073967317,16,-90.0,-180.0,1,0,2100,16.760144124682377,358.8245192515378,-100.37204037355257,-4.026416415189623
0,43.29718031376012,-14.97882319066656,16,0.0,0.0,2,120,2100,15.434026685781577,351.31288286052023,-99.66370524156929,-2.6405373257984626
1,31.060660260484525,61.48755081097764,16,0.0,0.0,2,120,2100,15.807742076232431,255.6571539767914,-99.87161158582889,-3.0479553971198294
2,-3.1219796969750746,-56.767608185975824,16,0.0,0.0,2,120,2100,15.66010053554676,62.04360889577126,-99.79035408674855,-2.925743144794522
3,-75.07428632935027,-86.1765201457442,16,0.0,0.0,2,120,2100,16.10896874643324,63.69484143358301,-100.0360683560841,-3.9125714046125393
4,-171.31147877256046,-51.75240266407491,16,0.0,0.0,2,120,2100,16.47008138455047,66.79069219362168,-100.22827114147076,-3.3247754437434014
5,-17.10664493400901,-33.518674521786856,16,0.0,0.0,2,120,2100,15.235718702285821,83.94597739565813,-99.5517620292995,-2.5686814141560266
6,-88.58128668455352,25.228518565363515,16,0.0,0.0,2,120,2100,16.105601349547296,175.23529234142518,-100.03351946134306,-3.0285773705127115
7,176.8142072964564,38.38912225819354,16,0.0,0.0,2,120,2100,16.572448346504192,244.01239444314695,-100.28212087946555,-3.3169254822923735
8,149.04228429301872,-14.870756661301158,16,0.0,0.0,2,120,2100,16.603611725612286,357.302513315524,-100.29568063215316,-3.2709156527324517
9,73.9980283075459,-39.35568003148733,16,0.0,0.0,2,120,2100,15.972915093897921,10.469922724040146,-99.96222234497476,-2.99988668194022
10,-81.21491650859666,-73.51851855160216,16,0.0,0.0,2,120,2100,16.091982443509217,76.29844266222182,-100.02681662325104,-3.3675814548099092
11,157.8798375012056,72.76028036326241,16,0.0,0.0,2,120,2100,16.28298500789283,246.66466924355342,-100.12929790560342,-3.4576894597798895
12,95.56115475854779,2.716648688686007,16,0.0,0.0,2,120,2100,16.1798547304047,327.27052385936406,-100.07448850567752,-3.04252024647645
13,52.76041771713423,-53.391297827254135,16,0.0,0.0,2,120,2100,15.852023525891715,29.39854575433617,-99.89630872286335,-3.007468337233994
14,21.76256674349665,-73.54534768376413,16,0.0,0.0,2,120,2100,15.934273783472381,53.75070628486742,-99.94132151013567,-3.282568164933058
15,-169.38237592821937,13.548668842535207,16,0.0,0.0,2,120,2100,16.71297197871061,202.59810824927814,-100.35454908062987,-3.329232552645621
16,166.51415962145086,-61.900125391314035,16,0.0,0.0,2,120,2100,16.384544308650224,52.902106662123856,-100.18320325399189,-3.359354530572727
17,3.1018726226976128,33.47926197166801,16,0.0,0.0,2,120,2100,15.134857998776589,244.67739656920298,-99.49379967310865,-2.510181809944682
18,102.59642070744576,-45.70616455117046,16,0.0,0.0,2,120,2100,16.212846193670206,16.403651858773515,-100.09157926326961,-3.1590172608748897
19,-140.36889987500624,27.364138573201288,16,0.0,0.0,2,120,2100,16.51167577650555,189.0565166565549,-100.24972450893688,-3.24907968925013
20,-10.16938948874133,40.442463847878,16,0.0,0.0,2,120,2100,15.345543459355621,228.29699347018698,-99.61406505731917,-2.6557288601795657
21,-4.042779800337854,47.49119085763121,16,0.0,0.0,2,120,2100,15.483443326241595,236.30254653971178,-99.69157166085583,-2.766426640195612
22,165.17083803839233,-79.06380433792985,16,0.0,0.0,2,120,2100,16.23098490351241,57.16882655499319,-100.10161719442051,-3.577229499803769
23,6.529153384108099,73.77960107148357,16,0.0,0.0,2,120,2100,15.922700044843955,241.8946163520351,-99.93458295894678,-3.2804742864736367
24,3.0247558542320405,-48.76246491761429,16,0.0,0.0,2,120,2100,15.508548042102149,57.35164337057586,-99.70575078068029,-2.7877727642211196
25,-59.27916839581739,-88.21121228143625,16,0.0,0.0,2,120,2100,16.109759477623193,61.53789142301741,-100.03650609661409,-4.247762498855888
26,-80.94898167300423,14.201036276973483,16,0.0,0.0,2,120,2100,16.01741137474811,164.3727135150482,-99.98587002714889,-2.962552936090648
27,1.1950413517527636,-20.543452384251992,16,0.0,0.0,2,120,2100,14.6443127527143,56.81460854199713,-99.2060928922336,-2.191593932550287
28,-18.346736983663533,52.624291648594976,16,0.0,0.0,2,120,2100,15.62416362657043,226.48010659683325,-99.77015373879485,-2.8757433060485873
29,-179.48631036684336,54.59696248038898,16,0.0,0.0,2,120,2100,16.451673711316396,239.6349086234543,-100.21871635750155,-3.340212311697223
30,94.86242467064989,-17.274072897082192,16,0.0,0.0,2,120,2100,16.170261770695276,347.3327337504457,-100.06898817857521,-3.04948852446627
31,178.82451925153788,80.71410073967317,16,0.0,0.0,2,120,2100,16.218137633676,240.1921811149307,-100.09450518627598,-3.633970671644329
0,43.29718031376012,-14.97882319066656,16,90.0,180.0,3,240,2100,16.27391257177439,76.70281968623988,-100.1255736542522,-3.334632713489584
1,31.060660260484525,61.48755081097764,16,90.0,180.0,3,240,2100,14.970494960896326,88.9393397395155,-99.39862925561727,-2.319936453431599
2,-3.1219796969750746,-56.767608185975824,16,90.0,180.0,3,240,2100,16.609004340640563,123.12197969697507,-100.3010338713058,-3.675362880826742
3,-75.07428632935027,-86.1765201457442,16,90.0,180.0,3,240,2100,16.791640339062422,195.07428632935034,-100.39517287926593,-4.409468053933061
4,-171.31147877256046,-51.75240266407491,16,90.0,180.0,3,240,2100,16.57423579613245,291.31147877256046,-100.28518154595392,-3.4079014767381843
5,-17.10664493400901,-33.518674521786856,16,90.0,180.0,3,240,2100,16.436546268351698,137.106644934009,-100.21077208603732,-3.5535977815415447
6,-88.58128668455352,25.228518565363515,16,90.0,180.0,3,240,2100,15.79101938414324,208.5812866845535,-99.86113312426339,-2.7677389575926
7,176.8142072964564,38.38912225819354,16,90.0,180.0,3,240,2100,15.563886473561205,303.1857927035436,-99.73631464346614,-2.491326423966435
8,149.04228429301872,-14.870756661301158,16,90.0,180.0,3,240,2100,16.272882628995923,330.9577157069813,-100.12543115452873,-3.018127997141016
9,73.9980283075459,-39.35568003148733,16,90.0,180.0,3,240,2100,16.482719729508776,46.001971692454106,-100.23478944050808,-3.402887435177328
10,-81.21491650859666,-73.51851855160216,16,90.0,180.0,3,240,2100,16.717080142457604,201.21491650859662,-100.35704446404978,-3.8418309461534648
11,157.8798375012056,72.76028036326241,16,90.0,180.0,3,240,2100,14.467370364093638,322.1201624987944,-99.10159217018072,-1.8727166131816617
12,95.56115475854779,2.716648688686007,16,90.0,180.0,3,240,2100,16.089313681234675,24.438845241452213,-100.02571005308474,-2.9693278847774063
13,52.76041771713423,-53.391297827254135,16,90.0,180.0,3,240,2100,16.58573114464923,67.23958228286574,-100.28896137674823,-3.5840076427755014
14,21.76256674349665,-73.54534768376413,16,90.0,180.0,3,240,2100,16.71724420295782,98.23743325650332,-100.35685788167805,-3.880325423660185
15,-169.38237592821937,13.548668842535207,16,90.0,180.0,3,240,2100,15.95680830214202,289.3823759282194,-99.95415776388248,-2.7294687400013107
16,166.51415962145086,-61.900125391314035,16,90.0,180.0,3,240,2100,16.643377134510835,313.48584037854914,-100.320650649784,-3.5587808721479304
17,3.1018726226976128,33.47926197166801,16,90.0,180.0,3,240,2100,15.65476161477824,116.89812737730239,-99.78714808798358,-2.959824316442548
18,102.59642070744576,-45.70616455117046,16,90.0,180.0,3,240,2100,16.530645900080128,17.40357929255424,-100.25644170964048,-3.4013479664492685
19,-140.36889987500624,27.364138573201288,16,90.0,180.0,3,240,2100,15.757491964027746,260.36889987500626,-99.84311049736783,-2.6359034735856635
20,-10.16938948874133,40.442463847878,16,90.0,180.0,3,240,2100,15.523288362633263,130.16938948874133,-99.7133926915459,-2.8080094192096983
21,-4.042779800337854,47.49119085763121,16,90.0,180.0,3,240,2100,15.369865380000512,124.04277980033783,-99.62709526908773,-2.6674589699875906
22,165.17083803839233,-79.06380433792985,16,90.0,180.0,3,240,2100,16.75043007755335,314.82916196160767,-100.37545050746746,-3.9659800228737874
23,6.529153384108099,73.77960107148357,16,90.0,180.0,3,240,2100,14.406424037343792,113.4708466158919,-99.06655569141037,-1.9357681317148903
24,3.0247558542320405,-48.76246491761429,16,90.0,180.0,3,240,2100,16.55291749085811,116.97524414576793,-100.27197725503157,-3.62476908340562
25,-59.27916839581739,-88.21121228143625,16,90.0,180.0,3,240,2100,16.803123323398516,179.27916839581746,-100.40079803022019,-4.7415030789763195
26,-80.94898167300423,14.201036276973483,16,90.0,180.0,3,240,2100,15.948238580152871,200.9489816730042,-99.94767043834236,-2.9049137891446963
27,1.1950413517527636,-20.543452384251992,16,90.0,180.0,3,240,2100,16.325562599456745,118.80495864824724,-100.15235745119607,-3.6230500916557045
28,-18.346736983663533,52.624291648594976,16,90.0,180.0,3,240,2100,15.241175064710555,138.3467369836635,-99.55383400838177,-2.5435015688494405
29,-179.48631036684336,54.59696248038898,16,90.0,180.0,3,240,2100,15.186951716123035,299.4863103668433,-99.5220647714724,-2.2784538936324337
30,94.86242467064989,-17.274072897082192,16,90.0,180.0,3,240,2100,16.295540912563826,25.137575329350113,-100.13531181880742,-3.148304573399812
31,178.82451925153788,80.71410073967317,16,90.0,180.0,3,240,2100,13.84865184867176,301.1754807484621,-98.72491414217411,-1.504180823156121
0,41.07491837414793,-16.36305523987589,17,-90.0,-180.0,1,0,2100,15.919300828918923,221.0749183741479,-99.93311106416377,-3.0626700052130635
1,30.010282124612132,62.31333659857606,17,-90.0,-180.0,1,0,2100,16.64609372327897,210.0102821246121,-100.3206844363719,-3.7097123305595945
2,-1.1782628221907032,-57.32658318879057,17,-90.0,-180.0,1,0,2100,15.106715920957644,178.82173717780927,-99.47719407669723,-2.445755259881971
3,-76.30483531783018,-86.37538936453744,17,-90.0,-180.0,1,0,2100,12.907903190304058,103.69516468216989,-98.12141178883346,-0.9191370902852046
4,-171.1673095251959,-50.69954420207067,17,-90.0,-180.0,1,0,2100,15.291390185581873,8.83269047480411,-99.58717122511851,-2.3407100073488425
5,-18.71378094221413,-34.123895909048024,17,-90.0,-180.0,1,0,2100,15.64329081381022,161.28621905778584,-99.78038982570366,-2.911059049854339
6,-87.84047607283871,25.577049259807453,17,-90.0,-180.0,1,0,2100,16.370091318722054,92.15952392716127,-100.17665554670526,-3.24401238244918
7,179.53119333954436,39.965467286789504,17,-90.0,-180.0,1,0,2100,16.487422688317114,359.53119333954436,-100.23448317632324,-3.256057130475795
8,149.57405948457745,-16.088042550762594,17,-90.0,-180.0,1,0,2100,15.923028582497244,329.57405948457745,-99.93773076121775,-2.73535211944123
9,73.9375674702498,-39.367428879342086,17,-90.0,-180.0,1,0,2100,15.544749084949515,253.9375674702498,-99.72531526109242,-2.6393978985379567
10,-81.13019536559686,-71.75803204408794,17,-90.0,-180.0,1,0,2100,14.523879203877609,98.86980463440318,-99.13650010948487,-1.9616327054810512
11,158.50406020006517,73.33300990682639,17,-90.0,-180.0,1,0,2100,16.71594501755626,338.50406020006517,-100.35364574615423,-3.791185447736269
12,98.24733273921538,2.7371696177729774,17,-90.0,-180.0,1,0,2100,16.14992329610862,278.2473327392154,-100.05910483948993,-3.0121835811282245
13,51.52246099154192,-54.18648534720255,17,-90.0,-180.0,1,0,2100,15.198479417555346,231.52246099154186,-99.52894383161686,-2.4505124912880696
14,22.455548536534423,-72.94097253893253,17,-90.0,-180.0,1,0,2100,14.456833900347007,202.4555485365344,-99.09693903645581,-1.9658741122943202
15,-166.28440464784376,14.035700090499631,17,-90.0,-180.0,1,0,2100,16.26488803697058,13.715595352156242,-100.12134450849234,-2.987457025833624
16,166.54802313374745,-62.01630660306316,17,-90.0,-180.0,1,0,2100,14.951776123146315,346.54802313374745,-99.3943386665446,-2.1533268329589847
17,4.825251848084747,33.887726733982134,17,-90.0,-180.0,1,0,2100,16.43952963868691,184.82525184808475,-100.21281771193152,-3.5820026208351163
18,102.7936569194652,-45.46413993498413,17,-90.0,-180.0,1,0,2100,15.416448750803612,282.7936569194652,-99.65354895345234,-2.490630756158065
19,-144.09871758727817,29.8206356165218,17,-90.0,-180.0,1,0,2100,16.40614983665992,35.9012824127218,-100.19637570698106,-3.1738509065315434
20,-8.553186117926657,40.264315702645405,17,-90.0,-180.0,1,0,2100,16.489719493265163,171.44681388207334,-100.23916004784571,-3.5883402783315015
21,-6.845398795593326,48.439858114898556,17,-90.0,-180.0,1,0,2100,16.55058989905494,173.15460120440662,-100.27100439721161,-3.6217825284618583
22,167.70665688241593,-76.51770751743955,17,-90.0,-180.0,1,0,2100,14.221531663077462,347.7066568824159,-98.96044299736165,-1.7310409278267556
23,5.830535880831064,75.1323047296884,17,-90.0,-180.0,1,0,2100,16.72690089412441,185.83053588083106,-100.36216611414648,-3.9180412580019053
24,5.796836186387395,-49.963068272331085,17,-90.0,-180.0,1,0,2100,15.309956385990239,185.79683618638737,-99.59307437464116,-2.6133586739368493
25,-57.98835227281435,-88.18722986139421,17,-90.0,-180.0,1,0,2100,12.215014934415215,122.01164772718573,-97.64140513951125,-0.4370835415457659
26,-86.54329696040944,12.828041973133423,17,-90.0,-180.0,1,0,2100,16.253212025308734,93.45670303959054,-100.11437105291955,-3.135716111451028
27,2.047877027436442,-21.21950220510216,17,-90.0,-180.0,1,0,2100,15.851074213364285,182.0478770274364,-99.89554743836587,-3.239332085529279
28,-19.072948659115724,51.845215715313145,17,-90.0,-180.0,1,0,2100,16.574890336528114,160.9270513408843,-100.28364132693514,-3.6299971769799155
29,-179.09583119210146,54.15489559992088,17,-90.0,-180.0,1,0,2100,16.591042287953428,0.904168807898543,-100.2879792682084,-3.4371922096614798
30,93.4480467659119,-16.243756425410183,17,-90.0,-180.0,1,0,2100,15.920919612355569,273.4480467659119,-99.9345203004631,-2.8490917527255712
31,176.2788613501877,80.2424946915744,17,-90.0,-180.0,1,0,2100,16.75737775306601,356.2788613501877,-100.3712696617173,-4.006922240918691
0,41.07491837414793,-16.36305523987589,17,0.0,0.0,2,120,2100,15.3968378592194,354.0785542149581,-99.64281307991085,-2.6214696583651795
1,30.010282124612132,62.31333659857606,17,0.0,0.0,2,120,2100,15.813969031799022,254.70503235968306,-99.87503085975892,-3.0595631236726857
2,-1.1782628221907032,-57.32658318879057,17,0.0,0.0,2,120,2100,15.669053960806197,60.75556247518301,-99.79532228870777,-2.9351319737780477
3,-76.30483531783018,-86.37538936453744,17,0.0,0.0,2,120,2100,16.11038893538791,63.521822857579735,-100.03683465710513,-3.9357712793615707
4,-171.1673095251959,-50.69954420207067,17,0.0,0.0,2,120,2100,16.477999161599325,67.16342975812819,-100.23242406444756,-3.3223711249914727
5,-18.71378094221413,-34.123895909048024,17,0.0,0.0,2,120,2100,15.26732587627236,85.33542238506513,-99.5697910209646,-2.588644938701104
6,-87.84047607283871,25.577049259807453,17,0.0,0.0,2,120,2100,16.09808357499427,175.5929047210501,-100.02946653503746,-3.0253037073084
7,179.53119333954436,39.965467286789504,17,0.0,0.0,2,120,2100,16.562026616736095,240.5593623595027,-100.27663585797617,-3.3179851732498458
8,149.57405948457745,-16.088042550762594,17,0.0,0.0,2,120,2100,16.60339385753894,359.6615563809824,-100.29534441885566,-3.2720817486037133
9,73.9375674702498,-39.367428879342086,17,0.0,0.0,2,120,2100,15.972350120019827,10.490332997011194,-99.96192184477411,-2.9996317828407113
10,-81.13019536559686,-71.75803204408794,17,0.0,0.0,2,120,2100,16.088742156890717,78.03802516870812,-100.02505137589235,-3.3337399513205157
11,158.50406020006517,73.33300990682639,17,0.0,0.0,2,120,2100,16.27865119501228,246.26064187603055,-100.12697757468224,-3.4662156947372114
12,98.24733273921538,2.7371696177729774,17,0.0,0.0,2,120,2100,16.207545591994467,327.23427112163563,-100.08934719471635,-3.0574619943482406
13,51.52246099154192,-54.18648534720255,17,0.0,0.0,2,120,2100,15.849157089872433,30.538263387696816,-99.89473530585347,-3.0113918119749754
14,22.455548536534423,-72.94097253893253,17,0.0,0.0,2,120,2100,15.927853973807915,53.3149025281848,-99.93781652477318,-3.267575191955653
15,-166.28440464784376,14.035700090499631,17,0.0,0.0,2,120,2100,16.698276041179234,196.5155601131761,-100.34692229370356,-3.322142101223073
16,166.54802313374745,-62.01630660306316,17,0.0,0.0,2,120,2100,16.383623218345328,52.95359344974804,-100.18271959662309,-3.360016770313521
17,4.825251848084747,33.887726733982134,17,0.0,0.0,2,120,2100,15.152054523931195,247.13840132911736,-99.50361261174939,-2.5212592185788036
18,102.7936569194652,-45.46413993498413,17,0.0,0.0,2,120,2100,16.21461388123322,16.184016355715528,-100.09251698715552,-3.158737758104845
19,-144.09871758727817,29.8206356165218,17,0.0,0.0,2,120,2100,16.522830085123893,194.34747133853864,-100.25561206804647,-3.2613251529186345
20,-8.553186117926657,40.264315702645405,17,0.0,0.0,2,120,2100,15.333992901993732,230.04068305041125,-99.60751119385972,-2.648422958809798
21,-6.845398795593326,48.439858114898556,17,0.0,0.0,2,120,2100,15.507904290573451,233.967697294767,-99.70529773453737,-2.7853875660391507
22,167.70665688241593,-76.51770751743955,17,0.0,0.0,2,120,2100,16.256507986460093,57.07774587618701,-100.1152555159212,-3.5181856719889004
23,5.830535880831064,75.1323047296884,17,0.0,0.0,2,120,2100,15.940451183786765,241.5448214754233,-99.94427549343243,-3.3184425368841195
24,5.796836186387395,-49.963068272331085,17,0.0,0.0,2,120,2100,15.536344320705489,55.149432401922695,-99.72131862978519,-2.8102887041406897
25,-57.98835227281435,-88.18722986139421,17,0.0,0.0,2,120,2100,16.109230449503304,61.537265064114536,-100.03621937146508,-4.241028589227993
26,-86.54329696040944,12.828041973133423,17,0.0,0.0,2,120,2100,16.081796361486226,162.85064765959424,-100.02068723545703,-2.99578397592572
27,2.047877027436442,-21.21950220510216,17,0.0,0.0,2,120,2100,14.679497424082703,54.74152061678285,-99.22700137987917,-2.213688626420722
28,-19.072948659115724,51.845215715313145,17,0.0,0.0,2,120,2100,15.614246310453359,225.6015953690811,-99.76464882000866,-2.865193290189871
29,-179.09583119210146,54.15489559992088,17,0.0,0.0,2,120,2100,16.45516477922011,239.34686565561248,-100.22055201067974,-3.3388594104095275
30,93.4480467659119,-16.243756425410183,17,0.0,0.0,2,120,2100,16.156083849352026,346.27165780982415,-100.06140271680384,-3.040382080237122
31,176.2788613501877,80.2424946915744,17,0.0,0.0,2,120,2100,16.222687978873285,240.63943409712937,-100.09695204359744,-3.6185694476309975
0,41.07491837414793,-16.36305523987589,17,90.0,180.0,3,240,2100,16.287012216164346,78.92508162585204,-100.13250795734216,-3.357291628525049
1,30.010282124612132,62.31333659857606,17,90.0,180.0,3,240,2100,14.941104996343139,89.9897178753879,-99.38156311967127,-2.299741474413591
2,-1.1782628221907032,-57.32658318879057,17,90.0,180.0,3,240,2100,16.612805678158725,121.17826282219073,-100.30302886743429,-3.6800028771580067
3,-76.30483531783018,-86.37538936453744,17,90.0,180.0,3,240,2100,16.79276850898229,196.30483531783022,-100.39577465867364,-4.431721454154963
4,-171.1673095251959,-50.69954420207067,17,90.0,180.0,3,240,2100,16.566780628744457,291.16730952519583,-100.28128176934922,-3.3937778366293414
5,-18.71378094221413,-34.123895909048024,17,90.0,180.0,3,240,2100,16.441434139990722,138.7137809422141,-100.21333092999247,-3.54983703077959
6,-87.84047607283871,25.577049259807453,17,90.0,180.0,3,240,2100,15.78562392730175,207.84047607283867,-99.85815190702719,-2.766036583358609
7,179.53119333954436,39.965467286789504,17,90.0,180.0,3,240,2100,15.532867441125163,300.46880666045564,-99.71876257321138,-2.4735771848473047
8,149.57405948457745,-16.088042550762594,17,90.0,180.0,3,240,2100,16.28442326442603,330.42594051542255,-100.13160170010804,-3.029066212555028
9,73.9375674702498,-39.367428879342086,17,90.0,180.0,3,240,2100,16.48281055129193,46.0624325297502,-100.23484428752394,-3.4031577418262082
10,-81.13019536559686,-71.75803204408794,17,90.0,180.0,3,240,2100,16.706255485118053,201.13019536559682,-100.35146032021018,-3.80368893231934
11,158.50406020006517,73.33300990682639,17,90.0,180.0,3,240,2100,14.433584501428482,321.49593979993483,-99.08136643604975,-1.852856297681496
12,98.24733273921538,2.7371696177729774,17,90.0,180.0,3,240,2100,16.089078546591566,21.75266726078462,-100.02537481992235,-2.961497172565119
13,51.52246099154192,-54.18648534720255,17,90.0,180.0,3,240,2100,16.59126140145934,68.47753900845805,-100.29184622726495,-3.5941769514775896
14,22.455548536534423,-72.94097253893253,17,90.0,180.0,3,240,2100,16.71354189897454,97.54445146346558,-100.35497155440343,-3.8682326137848877
15,-166.28440464784376,14.035700090499631,17,90.0,180.0,3,240,2100,15.9504174504322,286.28440464784376,-99.95053888601322,-2.7281927844169114
16,166.54802313374745,-62.01630660306316,17,90.0,180.0,3,240,2100,16.64414169475378,313.45197686625255,-100.32105149432985,-3.560707895951927
17,4.825251848084747,33.887726733982134,17,90.0,180.0,3,240,2100,15.647508563774279,115.17474815191525,-99.783155020193,-2.9497213996571996
18,102.7936569194652,-45.46413993498413,17,90.0,180.0,3,240,2100,16.528860861966354,17.206343080534793,-100.25549342011384,-3.3983252577667273
19,-144.09871758727817,29.8206356165218,17,90.0,180.0,3,240,2100,15.717483498781649,264.09871758727814,-99.82095230295823,-2.605382240917527
20,-8.553186117926657,40.264315702645405,17,90.0,180.0,3,240,2100,15.526876690282338,128.55318611792666,-99.71543894656772,-2.8138980288541733
21,-6.845398795593326,48.439858114898556,17,90.0,180.0,3,240,2100,15.347295636641553,126.84539879559333,-99.61426311773097,-2.6456381455202886
22,167.70665688241593,-76.51770751743955,17,90.0,180.0,3,240,2100,16.735255549453743,312.2933431175841,-100.36786726678793,-3.878608628655745
23,5.830535880831064,75.1323047296884,17,90.0,180.0,3,240,2100,14.319345201044563,114.16946411916894,-99.01430237554763,-1.8764283883776356
24,5.796836186387395,-49.963068272331085,17,90.0,180.0,3,240,2100,16.561532494221,114.2031638136126,-100.27648598728906,-3.630082859775143
25,-57.98835227281435,-88.18722986139421,17,90.0,180.0,3,240,2100,16.80298874133511,177.98835227281444,-100.40071499081299,-4.735239219566232
26,-86.54329696040944,12.828041973133423,17,90.0,180.0,3,240,2100,15.966190109739532,206.54329696040946,-99.95749574301625,-2.9005412167533424
27,2.047877027436442,-21.21950220510216,17,90.0,180.0,3,240,2100,16.331659667036245,117.95212297256359,-100.15561444127839,-3.6175112424637437
28,-19.072948659115724,51.845215715313145,17,90.0,180.0,3,240,2100,15.261805232793531,139.0729486591157,-99.56556101799828,-2.559485698220211
29,-179.09583119210146,54.15489559992088,17,90.0,180.0,3,240,2100,15.199361090739263,299.0958311921015,-99.52915285124237,-2.285341047294458
30,93.4480467659119,-16.243756425410183,17,90.0,180.0,3,240,2100,16.285889967860346,26.551953234088103,-100.13037251184593,-3.143196016252923
31,176.2788613501877,80.2424946915744,17,90.0,180.0,3,240,2100,13.898191525037767,303.7211386498123,-98.75555055754083,-1.5339280810708824
0,38.82613931381502,-16.55601696415664,18,-90.0,-180.0,1,0,2100,15.916676942677388,218.82613931381502,-99.93166020485135,-3.074615134748619
1,28.776903173918782,63.18020881658029,18,-90.0,-180.0,1,0,2100,16.651768962620295,208.77690317391878,-100.32361314134583,-3.7207618117455192
2,-1.0364560719172573,-55.918147453919474,18,-90.0,-180.0,1,0,2100,15.148919163092181,178.9635439280828,-99.5013656123918,-2.4795904733021072
3,-76.63955208718059,-86.29455990550144,18,-90.0,-180.0,1,0,2100,12.929958300244461,103.36044791281944,-98.1362012229467,-0.9340322337120246
4,-173.97925471176595,-48.71154580269413,18,-90.0,-180.0,1,0,2100,15.34073695935215,6.020745288234082,-99.61543004921647,-2.368075138492982
5,-17.989753945612023,-33.76411906982981,18,-90.0,-180.0,1,0,2100,15.649709003917595,162.01024605438795,-99.78397489357585,-2.9203027409809277
6,-88.05608617299475,27.622783204470565,18,-90.0,-180.0,1,0,2100,16.38763666808989,91.94391382700525,-100.18595257267746,-3.2617508329463627
7,178.56335024888347,40.73527598352757,18,-90.0,-180.0,1,0,2100,16.49332839362072,358.56335024888347,-100.23765933239679,-3.2652369039623235
8,149.79289688723497,-15.685510124500695,18,-90.0,-180.0,1,0,2100,15.928459912388401,329.792896887235,-99.9406873673323,-2.7386917816187144
9,73.73734623850063,-39.480299811733744,18,-90.0,-180.0,1,0,2100,15.542517381049457,253.7373462385006,-99.72406153934736,-2.6384016056809214
10,-81.99002200831386,-69.81439281014755,18,-90.0,-180.0,1,0,2100,14.625124120408346,98.00997799168613,-99.19628539290393,-2.024379741702588
11,157.89303238839483,74.1740153830855,18,-90.0,-180.0,1,0,2100,16.721080829699204,337.8930323883949,-100.35631739471782,-3.813137469693168
12,98.12632870722683,3.578852600414706,18,-90.0,-180.0,1,0,2100,16.158958360481137,278.1263287072268,-100.06396192493709,-3.0199948746756733
13,53.71805629355231,-54.056942820145416,18,-90.0,-180.0,1,0,2100,15.20209003138613,233.7180562935523,-99.53097375394611,-2.4485344932472697
14,23.388367815781294,-72.06757978407344,18,-90.0,-180.0,1,0,2100,14.506764601107996,203.38836781578127,-99.12658925841895,-1.999486011632238
15,-165.4953686789839,13.993089457879847,18,-90.0,-180.0,1,0,2100,16.264478376080582,14.504631321016063,-100.12117069810813,-2.9879423222982298
16,166.74437604350254,-61.98486537175979,18,-90.0,-180.0,1,0,2100,14.952899047522719,346.74437604350254,-99.39504031162191,-2.153950508005797
17,4.863922843335814,33.893072634047186,18,-90.0,-180.0,1,0,2100,16.43957278892044,184.86392284333579,-100.21283600776144,-3.581962306811603
18,102.38619701569672,-43.310949745545024,18,-90.0,-180.0,1,0,2100,15.46366369994603,282.3861970156967,-99.68024668586266,-2.5212380007658246
19,-144.4148599281295,31.105580436454943,18,-90.0,-180.0,1,0,2100,16.416816645184486,35.58514007187051,-100.2019495315652,-3.1866873452511046
20,-7.649038036166189,39.87051558345763,18,-90.0,-180.0,1,0,2100,16.486691829565807,172.3509619638338,-100.23758614907712,-3.5883378153976886
21,-6.401689460780233,47.98499244067432,18,-90.0,-180.0,1,0,2100,16.54729883420094,173.5983105392197,-100.26929099273991,-3.6197801012456603
22,171.87446143616165,-73.03309755443405,18,-90.0,-180.0,1,0,2100,14.451418901126159,351.87446143616165,-99.10095497112255,-1.8672660894984965
23,4.738666690690707,78.0928390580018,18,-90.0,-180.0,1,0,2100,16.744670333935716,184.7386666906907,-100.3712513658874,-3.9930240000121104
24,3.855431476993772,-51.8931680063875,18,-90.0,-180.0,1,0,2100,15.26054765949684,183.85543147699374,-99.56501680467227,-2.5715776070052088
25,-56.7971273594231,-88.09866117182972,18,-90.0,-180.0,1,0,2100,12.262716849377936,123.20287264057697,-97.67602999762876,-0.4720920227216003
26,-89.73179738148536,11.174521623354806,18,-90.0,-180.0,1,0,2100,16.23700089161459,90.26820261851464,-100.10575737619473,-3.111829889149842
27,3.303793139812143,-22.979997197124106,18,-90.0,-180.0,1,0,2100,15.82514509845293,183.30379313981214,-99.88127577623928,-3.193532063017295
28,-20.312186195576828,51.985869210586344,18,-90.0,-180.0,1,0,2100,16.575881443600974,159.68781380442317,-100.28415955631753,-3.6293794291138237
29,-177.6116748943517,55.20070821143133,18,-90.0,-180.0,1,0,2100,16.59827088202012,2.3883251056482777,-100.29193711361515,-3.452431699562946
30,89.78191899994198,-16.041232897994334,18,-90.0,-180.0,1,0,2100,15.92366169833253,269.781918999942,-99.93593639769865,-2.861284784351548
31,176.81043927249686,81.36932423433169,18,-90.0,-180.0,1,0,2100,16.763974911056053,356.81043927249686,-100.37442157581623,-4.056786733336518
0,38.82613931381502,-16.55601696415664,18,0.0,0.0,2,120,2100,15.350416399097032,355.3683062057372,-99.61663946141509,-2.595573519991367
1,28.776903173918782,63.18020881658029,18,0.0,0.0,2,120,2100,15.820434452192924,253.6787904164853,-99.87858890457957,-3.0720842227773106
2,-1.0364560719172573,-55.918147453919474,18,0.0,0.0,2,120,2100,15.64415638430255,60.70118160461814,-99.78149519798086,-2.9103514199701186
3,-76.63955208718059,-86.29455990550144,18,0.0,0.0,2,120,2100,16.110410631603564,63.6054228653434,-100.03684588122128,-3.926587259450473
4,-173.97925471176595,-48.71154580269413,18,0.0,0.0,2,120,2100,16.49543902881199,65.26263025525935,-100.24155335237712,-3.319694545064733
5,-17.989753945612023,-33.76411906982981,18,0.0,0.0,2,120,2100,15.251137775937247,84.79578440355047,-99.56056275673804,-2.578255495133073
6,-88.05608617299475,27.622783204470565,18,0.0,0.0,2,120,2100,16.100641763261848,177.6363347210385,-100.03084710132434,-3.0314860253106577
7,178.56335024888347,40.73527598352757,18,0.0,0.0,2,120,2100,16.556380368506897,241.6675350472941,-100.27370330253753,-3.3181721766148815
8,149.79289688723497,-15.685510124500695,18,0.0,0.0,2,120,2100,16.605866272141984,359.16755655269753,-100.29665610988432,-3.2728676188014676
9,73.73734623850063,-39.480299811733744,18,0.0,0.0,2,120,2100,15.970652852307499,10.632664625445159,-99.96099483481724,-2.9991539506687164
10,-81.99002200831386,-69.81439281014755,18,0.0,0.0,2,120,2100,16.088862610047958,80.00435854223255,-100.02510341497633,-3.3025410985055323
11,157.89303238839483,74.1740153830855,18,0.0,0.0,2,120,2100,16.27063588334287,246.08911260655958,-100.12268996231161,-3.4785893760666142
12,98.12632870722683,3.578852600414706,18,0.0,0.0,2,120,2100,16.20624704433872,326.38494272791087,-100.0886615032568,-3.056964381070952
13,53.71805629355231,-54.056942820145416,18,0.0,0.0,2,120,2100,15.863989845851368,29.695698762184122,-99.90287381043896,-3.018660935402347
14,23.388367815781294,-72.06757978407344,18,0.0,0.0,2,120,2100,15.918591671198628,52.679694469131164,-99.93275955025894,-3.2467701268273053
15,-165.4953686789839,13.993089457879847,18,0.0,0.0,2,120,2100,16.69501968176136,194.85570385859006,-100.34522796235147,-3.320387148458339
16,166.74437604350254,-61.98486537175979,18,0.0,0.0,2,120,2100,16.384086576900806,53.04448543750948,-100.18296346605588,-3.3599142360540766
17,4.863922843335814,33.893072634047186,18,0.0,0.0,2,120,2100,15.152350165093159,247.1934429154922,-99.5037809734917,-2.5214495463039373
18,102.38619701569672,-43.310949745545024,18,0.0,0.0,2,120,2100,16.215065573550444,13.984874531198898,-100.09270422582044,-3.1484845537557877
19,-144.4148599281295,31.105580436454943,18,0.0,0.0,2,120,2100,16.51898186092261,196.03721649469878,-100.25360703275179,-3.2629289603392326
20,-7.649038036166189,39.87051558345763,18,0.0,0.0,2,120,2100,15.320889401102278,230.9455920224508,-99.6000808289661,-2.639377848727538
21,-6.401689460780233,47.98499244067432,18,0.0,0.0,2,120,2100,15.497710463852256,234.26408686087183,-99.69958363904104,-2.777146450708222
22,171.87446143616165,-73.03309755443405,18,0.0,0.0,2,120,2100,16.291032157985097,57.5307367267319,-100.1336508219226,-3.460137221298874
23,4.738666690690707,78.0928390580018,18,0.0,0.0,2,120,2100,15.978580952085402,240.997972585801,-99.96505439355514,-3.4136328254326367
24,3.855431476993772,-51.8931680063875,18,0.0,0.0,2,120,2100,15.571297616244724,56.9812908096078,-99.74087716236976,-2.8417404607392562
25,-56.7971273594231,-88.09866117182972,18,0.0,0.0,2,120,2100,16.10832897786586,61.5910953956095,-100.03573469372209,-4.218036194537841
26,-89.73179738148536,11.174521623354806,18,0.0,0.0,2,120,2100,16.117035797249144,161.1746409710654,-100.03969272522748,-3.0131271691000423
27,3.303793139812143,-22.979997197124106,18,0.0,0.0,2,120,2100,14.76445841016275,52.26091807519606,-99.27733031671144,-2.2673276498447086
28,-20.312186195576828,51.985869210586344,18,0.0,0.0,2,120,2100,15.622401000360497,224.8183780895156,-99.76918438330887,-2.870632670944675
29,-177.6116748943517,55.20070821143133,18,0.0,0.0,2,120,2100,16.446583544609215,238.34105897995425,-100.21601338625695,-3.341780651576944
30,89.78191899994198,-16.041232897994334,18,0.0,0.0,2,120,2100,16.117632121963858,346.0413431188715,-100.04073248653297,-3.019331177274682
31,176.81043927249686,81.36932423433169,18,0.0,0.0,2,120,2100,16.211399663932998,240.48386106561787,-100.09089306162295,-3.6565792715687695
0,38.82613931381502,-16.55601696415664,18,90.0,180.0,3,240,2100,16.28882475234374,81.17386068618498,-100.1334593224024,-3.372485721901492
1,28.776903173918782,63.18020881658029,18,90.0,180.0,3,240,2100,14.909294267201549,91.22309682608125,-99.36304430668825,-2.277963183698302
2,-1.0364560719172573,-55.918147453919474,18,90.0,180.0,3,240,2100,16.603199732465075,121.03645607191726,-100.29804957853601,-3.6691973445534014
3,-76.63955208718059,-86.29455990550144,18,90.0,180.0,3,240,2100,16.79231012313739,196.63955208718068,-100.39554194329791,-4.422490891605134
4,-173.97925471176595,-48.71154580269413,18,90.0,180.0,3,240,2100,16.552550471892534,293.97925471176586,-100.27386255712833,-3.3669659008026045
5,-17.989753945612023,-33.76411906982981,18,90.0,180.0,3,240,2100,16.4385314013021,137.989753945612,-100.21181571710557,-3.5513034310041336
6,-88.05608617299475,27.622783204470565,18,90.0,180.0,3,240,2100,15.753354077547058,208.05608617299475,-99.84028920787883,-2.7429039871339898
7,178.56335024888347,40.73527598352757,18,90.0,180.0,3,240,2100,15.51736231036869,301.43664975111653,-99.71005983830145,-2.4647389016739183
8,149.79289688723497,-15.685510124500695,18,90.0,180.0,3,240,2100,16.28062172384837,330.207103112765,-100.12958722560009,-3.0248838354173087
9,73.73734623850063,-39.480299811733744,18,90.0,180.0,3,240,2100,16.483682654225046,46.26265376149934,-100.23529997908567,-3.4047082458007303
10,-81.99002200831386,-69.81439281014755,18,90.0,180.0,3,240,2100,16.694166993419167,201.99002200831387,-100.3452518430498,-3.7646189297635986
11,157.89303238839483,74.1740153830855,18,90.0,180.0,3,240,2100,14.381807593081264,322.10696761160517,-99.0503373775601,-1.8227273936456903
12,98.12632870722683,3.578852600414706,18,90.0,180.0,3,240,2100,16.079386351661512,21.873671292773167,-100.02018639473927,-2.954214295969733
13,53.71805629355231,-54.056942820145416,18,90.0,180.0,3,240,2100,16.59036256030603,66.28194370644769,-100.29133261315377,-3.588708769456988
14,23.388367815781294,-72.06757978407344,18,90.0,180.0,3,240,2100,16.70816730312002,96.6116321842187,-100.3522158762979,-3.8515399646943456
15,-165.4953686789839,13.993089457879847,18,90.0,180.0,3,240,2100,15.95097822281234,285.4953686789838,-99.95082491063802,-2.729393201601526
16,166.74437604350254,-61.98486537175979,18,90.0,180.0,3,240,2100,16.643934845356767,313.25562395649746,-100.32095820314399,-3.560121137532417
17,4.863922843335814,33.893072634047186,18,90.0,180.0,3,240,2100,15.647413287757642,115.13607715666416,-99.78309658505462,-2.949563523974584
18,102.38619701569672,-43.310949745545024,18,90.0,180.0,3,240,2100,16.512838275108525,17.613802984303277,-100.24733454206218,-3.376074816731705
19,-144.4148599281295,31.105580436454943,18,90.0,180.0,3,240,2100,15.695900334732091,264.4148599281295,-99.80893824353906,-2.591559606643408
20,-7.649038036166189,39.87051558345763,18,90.0,180.0,3,240,2100,15.534763365778817,127.64903803616619,-99.71988206744174,-2.823056810631866
21,-6.401689460780233,47.98499244067432,18,90.0,180.0,3,240,2100,15.358180931393887,126.40168946078023,-99.62043878919962,-2.655658103948543
22,171.87446143616165,-73.03309755443405,18,90.0,180.0,3,240,2100,16.714107128060707,308.12553856383835,-100.35725052480097,-3.7808904904856435
23,4.738666690690707,78.0928390580018,18,90.0,180.0,3,240,2100,14.097294573685941,115.2613333093093,-98.87967601810023,-1.7265928783634463
24,3.855431476993772,-51.8931680063875,18,90.0,180.0,3,240,2100,16.575228340064086,116.14456852300623,-100.28358841954916,-3.6418515214276104
25,-56.7971273594231,-88.09866117182972,18,90.0,180.0,3,240,2100,16.802491563708084,176.7971273594232,-100.4004412683226,-4.713207369646178
26,-89.73179738148536,11.174521623354806,18,90.0,180.0,3,240,2100,15.987390228504754,209.73179738148536,-99.96909255504372,-2.9068151619821627
27,3.303793139812143,-22.979997197124106,18,90.0,180.0,3,240,2100,16.347364706884598,116.69620686018783,-100.16397271642512,-3.605479192757098
28,-20.312186195576828,51.985869210586344,18,90.0,180.0,3,240,2100,15.258112030078678,140.31218619557683,-99.5634522271266,-2.5547306094902305
29,-177.6116748943517,55.20070821143133,18,90.0,180.0,3,240,2100,15.169751134098064,297.6116748943516,-99.51212874758892,-2.268642386830517
30,89.78191899994198,-16.041232897994334,18,90.0,180.0,3,240,2100,16.28398193307783,30.21808100005802,-100.12967026500729,-3.1519735204147645
31,176.81043927249686,81.36932423433169,18,90.0,180.0,3,240,2100,13.775477687408806,303.18956072750314,-98.67922709054722,-1.4592059798330004
0,38.26660563658086,-16.58845464989645,19,-90.0,-180.0,1,0,2100,15.916235179501626,218.26660563658083,-99.93141915729221,-3.07786776056687
1,26.210235902009913,64.71356989196354,19,-90.0,-180.0,1,0,2100,16.661729369545977,206.2102359020099,-100.32874374945024,-3.7411967419987473
2,-1.185896437856968,-55.94754442505504,19,-90.0,-180.0,1,0,2100,15.148056250823204,178.81410356214303,-99.50086979540104,-2.478882558642634
3,-75.34210165322516,-86.12432421083437,19,-90.0,-180.0,1,0,2100,12.97487620292807,104.65789834677491,-98.16657413019153,-0.965044879462674
4,-174.06633311865622,-47.71155956397462,19,-90.0,-180.0,1,0,2100,15.364667825673093,5.933666881343754,-99.62898085564434,-2.3815190617886977
5,-16.337978837179946,-33.28005584768845,19,-90.0,-180.0,1,0,2100,15.658279896265498,163.6620211628201,-99.7887555939331,-2.9350690836046827
6,-84.54185924713536,30.46387118421849,19,-90.0,-180.0,1,0,2100,16.41150379863349,95.45814075286467,-100.19849161971094,-3.296559218606086
7,179.44980170043982,39.99647330985593,19,-90.0,-180.0,1,0,2100,16.487661231089948,359.4498017004398,-100.23461902286036,-3.256437639957804
8,150.78350174244235,-15.504558962520576,19,-90.0,-180.0,1,0,2100,15.930891890257211,330.78350174244235,-99.9420504066611,-2.738910228694186
9,71.28929210510745,-39.502816970464586,19,-90.0,-180.0,1,0,2100,15.542071571311883,251.28929210510745,-99.72379213325185,-2.6448000746872524
10,-83.49590126948489,-68.46056978832922,19,-90.0,-180.0,1,0,2100,14.690039476152846,96.50409873051512,-99.23444317577838,-2.063457118539689
11,155.0423475247377,76.04942255660538,19,-90.0,-180.0,1,0,2100,16.7324393646737,335.0423475247377,-100.36239252504168,-3.8665678798970697
12,97.72042237368817,4.175009762394481,19,-90.0,-180.0,1,0,2100,16.165308792913404,277.72042237368817,-100.06737043805059,-3.026371459389925
13,59.31544297603617,-53.54143106573575,19,-90.0,-180.0,1,0,2100,15.216330604865231,239.31544297603614,-99.5390467888969,-2.4468255743468745
14,23.06949682532249,-70.58176613302878,19,-90.0,-180.0,1,0,2100,14.586366817600771,203.06949682532246,-99.17378335168928,-2.054409327625616
15,-158.9001002110637,12.81481131456701,19,-90.0,-180.0,1,0,2100,16.25308334923546,21.099899788936284,-100.11543952938669,-2.9849895801140383
16,166.678164136553,-62.00315474920094,19,-90.0,-180.0,1,0,2100,14.952245995362658,346.678164136553,-99.39463780336374,-2.153576055436276
17,3.37954388232572,34.091713127724304,19,-90.0,-180.0,1,0,2100,16.441174826893537,183.3795438823257,-100.21367624375037,-3.583402609786637
18,103.60254761829765,-41.4790834237095,19,-90.0,-180.0,1,0,2100,15.502149000013144,283.60254761829765,-99.7020022572167,-2.5434243803308796
19,-144.56028879596923,31.21831982213473,19,-90.0,-180.0,1,0,2100,16.4177471302529,35.43971120403074,-100.2024334562665,-3.1876699791955367
20,-6.012336107303071,39.8650747031007,19,-90.0,-180.0,1,0,2100,16.486649934036777,173.9876638926969,-100.23755413137476,-3.5899550327473073
21,-6.067736673166451,48.705185472161844,19,-90.0,-180.0,1,0,2100,16.552504617916153,173.93226332683355,-100.27200426431656,-3.6235630925100883
22,172.28466561133843,-73.34318411810285,19,-90.0,-180.0,1,0,2100,14.432973874532214,352.28466561133837,-99.09002595712175,-1.856595467738972
23,5.088970555864364,79.36251862752275,19,-90.0,-180.0,1,0,2100,16.75219539148456,185.08897055586436,-100.37510401027212,-4.032115268041261
24,4.2253574123953115,-52.459831409402355,19,-90.0,-180.0,1,0,2100,15.245565601687595,184.22535741239528,-99.55648454439059,-2.5587566081256448
25,-54.85713423273526,-89.32226119435028,19,-90.0,-180.0,1,0,2100,11.231173787196683,125.142865767265,-96.8937149470511,0.3139345272828586
26,-90.25971422508742,9.808572114832657,19,-90.0,-180.0,1,0,2100,16.22340800285199,89.74028577491259,-100.09848203942833,-3.09828346482261
27,5.649000318320077,-23.478971321338975,19,-90.0,-180.0,1,0,2100,15.817672093734014,185.64900031832005,-99.87715555534203,-3.1759345459327095
28,-21.242644713106387,50.906466605979716,19,-90.0,-180.0,1,0,2100,16.56825021689248,158.75735528689358,-100.28018204289363,-3.6208609616763643
29,-177.7894523683506,55.350820978729956,19,-90.0,-180.0,1,0,2100,16.599304177365635,2.2105476316493764,-100.29242424008669,-3.4545393002878093
30,86.50232255943473,-16.28417261642396,19,-90.0,-180.0,1,0,2100,15.920371492473082,266.5023225594347,-99.93407571179613,-2.868441270009196
31,173.83084709964857,84.02635005869936,19,-90.0,-180.0,1,0,2100,16.77936061677247,353.83084709964857,-100.3827475506156,-4.208319934575636
0,38.26660563658086,-16.58845464989645,19,0.0,0.0,2,120,2100,15.338496800863044,355.68754650413433,-99.60991009359398,-2.588892377498475
1,26.210235902009913,64.71356989196354,19,0.0,0.0,2,120,2100,15.831784192668323,251.7854937043664,-99.88482135016736,-3.0951400152672957
2,-1.185896437856968,-55.94754442505504,19,0.0,0.0,2,120,2100,15.644716775749831,60.80136841404854,-99.78180641211057,-2.910887587594182
3,-75.34210165322516,-86.12432421083437,19,0.0,0.0,2,120,2100,16.10901468314721,63.74990379619226,-100.0360928450648,-3.9070026706741507
4,-174.06633311865622,-47.71155956397462,19,0.0,0.0,2,120,2100,16.50303038304178,65.37159807612463,-100.2455195468761,-3.3181273077282154
5,-16.337978837179946,-33.28005584768845,19,0.0,0.0,2,120,2100,15.22171641662311,83.19841008257634,-99.54375923448205,-2.559920533116091
6,-84.54185924713536,30.46387118421849,19,0.0,0.0,2,120,2100,16.066295511849404,180.5777802919763,-100.01230894293555,-3.0204026165168836
7,179.44980170043982,39.99647330985593,19,0.0,0.0,2,120,2100,16.5617990281364,240.6557440601449,-100.27651749456946,-3.3179913378840693
8,150.78350174244235,-15.504558962520576,19,0.0,0.0,2,120,2100,16.61227228688847,359.61105593633874,-100.29987437009778,-3.2758053785711727
9,71.28929210510745,-39.502816970464586,19,0.0,0.0,2,120,2100,15.946525526266642,11.0369756473483,-99.94786823097573,-2.9860652834909867
10,-83.49590126948489,-68.46056978832922,19,0.0,0.0,2,120,2100,16.093123435745383,81.41338542105794,-100.02738701242647,-3.2851834935897424
11,155.0423475247377,76.04942255660538,19,0.0,0.0,2,120,2100,16.251237366561973,245.98372281660897,-100.11231479748899,-3.509505778519038
12,97.72042237368817,4.175009762394481,19,0.0,0.0,2,120,2100,16.202053551566028,325.78693606487104,-100.08641872077449,-3.0548776185725304
13,59.31544297603617,-53.54143106573575,19,0.0,0.0,2,120,2100,15.901630861041816,27.5682388438172,-99.92348332844517,-3.0358097826440793
14,23.06949682532249,-70.58176613302878,19,0.0,0.0,2,120,2100,15.8994446933333,52.135419959027104,-99.92229051101032,-3.211497208034137
15,-158.9001002110637,12.81481131456701,19,0.0,0.0,2,120,2100,16.666581987681983,182.28712453874726,-100.3304509032483,-3.3042408193756776
16,166.678164136553,-62.00315474920094,19,0.0,0.0,2,120,2100,16.3838672583038,53.01603227228509,-100.18284765358466,-3.3599931084458996
17,3.37954388232572,34.091713127724304,19,0.0,0.0,2,120,2100,15.153509218894321,244.97766512286438,-99.50449319468035,-2.522811607706198
18,103.60254761829765,-41.4790834237095,19,0.0,0.0,2,120,2100,16.226808158483557,12.289282510746943,-100.09892136579529,-3.1465552210859156
19,-144.56028879596923,31.21831982213473,19,0.0,0.0,2,120,2100,16.519239517482045,196.26623073415192,-100.25374274251982,-3.2633935919771417
20,-6.012336107303071,39.8650747031007,19,0.0,0.0,2,120,2100,15.315040407265059,232.85095159190013,-99.59674012384914,-2.6360044068039192
21,-6.067736673166451,48.705185472161844,19,0.0,0.0,2,120,2100,15.511699329286524,234.6955001617565,-99.70740990912262,-2.7889802683930833
22,172.28466561133843,-73.34318411810285,19,0.0,0.0,2,120,2100,16.288314803713742,57.69983219295557,-100.1322008701904,-3.4645139869713075
23,5.088970555864364,79.36251862752275,19,0.0,0.0,2,120,2100,15.994714479161722,240.95447650718222,-99.97382757089038,-3.461446984584672
24,4.2253574123953115,-52.459831409402355,19,0.0,0.0,2,120,2100,15.582478541301384,56.75946224834445,-99.74711879132529,-2.85165076075881
25,-54.85713423273526,-89.32226119435028,19,0.0,0.0,2,120,2100,16.115619611313658,60.55420866538148,-100.0396661954984,-4.746555095915502
26,-90.25971422508742,9.808572114832657,19,0.0,0.0,2,120,2100,16.122803106144154,159.80867092622992,-100.04280486652459,-3.0150632383799203
27,5.649000318320077,-23.478971321338975,19,0.0,0.0,2,120,2100,14.802844154788822,47.23183982180524,-99.29988058643801,-2.290857236770503
28,-21.242644713106387,50.906466605979716,19,0.0,0.0,2,120,2100,15.609194101468724,223.59661124718838,-99.76185299471224,-2.8565316403608767
29,-177.7894523683506,55.350820978729956,19,0.0,0.0,2,120,2100,16.445420744286913,238.4729839534914,-100.2154001413653,-3.342295197470942
30,86.50232255943473,-16.28417261642396,19,0.0,0.0,2,120,2100,16.081947907726587,346.31294770117086,-100.02147802545875,-3.000315976622147
31,173.83084709964857,84.02635005869936,19,0.0,0.0,2,120,2100,16.183865793082234,240.64426198708918,-100.07611294139718,-3.779418078601631
0,38.26660563658086,-16.58845464989645,19,90.0,180.0,3,240,2100,16.289129125082194,81.73339436341917,-100.1336130990824,-3.376243507228515
1,26.210235902009913,64.71356989196354,19,90.0,180.0,3,240,2100,14.850422088017682,93.78976409799009,-99.3287028985115,-2.2379121109096873
2,-1.185896437856968,-55.94754442505504,19,90.0,180.0,3,240,2100,16.60340117422574,121.18589643785697,-100.29815004596693,-3.669403140971283
3,-75.34210165322516,-86.12432421083437,19,90.0,180.0,3,240,2100,16.791344024514977,195.3421016532252,-100.39502525365313,-4.403838789572516
4,-174.06633311865622,-47.71155956397462,19,90.0,180.0,3,240,2100,16.545315255178668,294.0663331186562,-100.27008477668976,-3.3540874383361396
5,-16.337978837179946,-33.28005584768845,19,90.0,180.0,3,240,2100,16.434612557179648,136.33797883717995,-100.20976433619441,-3.555554357105524
6,-84.54185924713536,30.46387118421849,19,90.0,180.0,3,240,2100,15.706737326435164,204.5418592471354,-99.81445165010585,-2.720371201843524
7,179.44980170043982,39.99647330985593,19,90.0,180.0,3,240,2100,15.53224755667967,300.5501982995602,-99.71840683649165,-2.473212091635485
8,150.78350174244235,-15.504558962520576,19,90.0,180.0,3,240,2100,16.27890809032716,329.21649825755765,-100.12873735314864,-3.021781418108336
9,71.28929210510745,-39.502816970464586,19,90.0,180.0,3,240,2100,16.483856543222178,48.71070789489255,-100.23552244268272,-3.411458121906416
10,-83.49590126948489,-68.46056978832922,19,90.0,180.0,3,240,2100,16.68565968829223,203.49590126948488,-100.34088663569364,-3.738363444971551
11,155.0423475247377,76.04942255660538,19,90.0,180.0,3,240,2100,14.25567538541751,324.9576524752623,-98.97431018696994,-1.7490791720422392
12,97.72042237368817,4.175009762394481,19,90.0,180.0,3,240,2100,16.072464170549562,22.279577626311834,-100.01650446843122,-2.9499423914520633
13,59.31544297603617,-53.54143106573575,19,90.0,180.0,3,240,2100,16.586777614623998,60.684557023963805,-100.28930481133355,-3.572612492920315
14,23.06949682532249,-70.58176613302878,19,90.0,180.0,3,240,2100,16.698957155384306,96.93050317467748,-100.34750620917855,-3.8258944758301903
15,-158.9001002110637,12.81481131456701,19,90.0,180.0,3,240,2100,15.966361538887332,278.9001002110638,-99.95903248463836,-2.747740543808355
16,166.678164136553,-62.00315474920094,19,90.0,180.0,3,240,2100,16.644055174943276,313.321835863447,-100.32102073899385,-3.560455802769841
17,3.37954388232572,34.091713127724304,19,90.0,180.0,3,240,2100,15.643866614720581,116.62045611767428,-99.78109748821467,-2.946793416272518
18,103.60254761829765,-41.4790834237095,19,90.0,180.0,3,240,2100,16.499001686158387,16.39745238170235,-100.24002553646194,-3.3544178080436993
19,-144.56028879596923,31.21831982213473,19,90.0,180.0,3,240,2100,15.69398423786607,264.56028879596926,-99.80786693266842,-2.5901774482105817
20,-6.012336107303071,39.8650747031007,19,90.0,180.0,3,240,2100,15.534871896401055,126.01233610730304,-99.71997228309401,-2.8249548960866133
21,-6.067736673166451,48.705185472161844,19,90.0,180.0,3,240,2100,15.340890993680393,126.06773667316645,-99.61065141610679,-2.640434295611816
22,172.28466561133843,-73.34318411810285,19,90.0,180.0,3,240,2100,16.71600730682561,307.7153343886616,-100.35824699768735,-3.788639824536977
23,5.088970555864364,79.36251862752275,19,90.0,180.0,3,240,2100,13.984538427549834,114.91102944413564,-98.8104642099675,-1.6509539171795165
24,4.2253574123953115,-52.459831409402355,19,90.0,180.0,3,240,2100,16.579213978467834,115.77464258760472,-100.28566542990697,-3.645229661586277
25,-54.85713423273526,-89.32226119435028,19,90.0,180.0,3,240,2100,16.80933841941564,174.85713423273546,-100.40391354575691,-5.226377535466032
26,-90.25971422508742,9.808572114832657,19,90.0,180.0,3,240,2100,16.004570577241722,210.2597142250874,-99.97847395770135,-2.9182417547376023
27,5.649000318320077,-23.478971321338975,19,90.0,180.0,3,240,2100,16.351771464500587,114.35099968167992,-100.16634805354214,-3.597734196730094
28,-21.242644713106387,50.906466605979716,19,90.0,180.0,3,240,2100,15.286111137043386,141.24264471310636,-99.57934658477102,-2.5763790190143094
29,-177.7894523683506,55.350820978729956,19,90.0,180.0,3,240,2100,15.165428131431664,297.78945236835057,-99.50965191786311,-2.266233459876013
30,86.50232255943473,-16.28417261642396,19,90.0,180.0,3,240,2100,16.286270305524827,33.49767744056527,-100.1311270427558,-3.1638916026293855
31,173.83084709964857,84.02635005869936,19,90.0,180.0,3,240,2100,13.407513465128533,306.16915290035143,-98.44553882102407,-1.2291370989339485
0,40.092803757357075,-15.174929860179219,20,-90.0,-180.0,1,0,2100,15.935306951463865,220.09280375735705,-99.94187339450666,-3.0830006391580396
1,28.599375624422947,65.00488210044071,20,-90.0,-180.0,1,0,2100,16.663610512084368,208.59937562442295,-100.32972211895505,-3.74291913460376
2,-2.0342685226477784,-56.14450373596768,20,-90.0,-180.0,1,0,2100,15.142255462969601,177.96573147735216,-99.4975591649776,-2.474128170069114
3,-75.80140761971617,-86.08094885395658,20,-90.0,-180.0,1,0,2100,12.986005702392418,104.19859238028386,-98.17393911652454,-0.97240630860408
4,-173.4202610424498,-47.47281717663011,20,-90.0,-180.0,1,0,2100,15.370297518839145,6.579738957550205,-99.63211401651759,-2.3847582809364214
5,-15.068046238395254,-32.62886362838156,20,-90.0,-180.0,1,0,2100,15.669695323050231,164.93195376160475,-99.7951097356632,-2.9518131382752517
6,-83.77138780359721,34.141744342545124,20,-90.0,-180.0,1,0,2100,16.441577924947982,96.22861219640276,-100.2143513598743,-3.3319835865202
7,177.97269873475227,38.16185161498814,20,-90.0,-180.0,1,0,2100,16.473447841275455,357.97269873475227,-100.22758610584036,-3.235471131021001
8,152.18424084282145,-15.660046480273309,20,-90.0,-180.0,1,0,2100,15.928802500753974,332.18424084282145,-99.9409718674875,-2.7356467424523863
9,71.39051370540312,-39.20580050569392,20,-90.0,-180.0,1,0,2100,15.547936182021633,251.39051370540312,-99.72709270096883,-2.6486226507676154
10,-83.66337820541204,-68.3095184443944,20,-90.0,-180.0,1,0,2100,14.697027780764884,96.33662179458793,-99.23854327126273,-2.0676461032585984
11,155.35170206293947,75.79201262599452,20,-90.0,-180.0,1,0,2100,16.730887961256208,335.35170206293947,-100.36156829790394,-3.8588972491505587
12,96.63134270107713,4.994237580215454,20,-90.0,-180.0,1,0,2100,16.17397016756087,276.6313427010771,-100.07202078061968,-3.036566093570885
13,59.508202805229786,-53.46382346815796,20,-90.0,-180.0,1,0,2100,15.218456993750417,239.50820280522979,-99.54026071721188,-2.447896163128597
14,22.824688375931316,-69.92736014461948,20,-90.0,-180.0,1,0,2100,14.619511974383553,202.82468837593132,-99.19338092990465,-2.077521332273642
15,-155.1766639463873,12.06522936913818,20,-90.0,-180.0,1,0,2100,16.24576604080694,24.823336053612707,-100.11166692925785,-2.9832055406179374
16,166.06938491256494,-62.32426410885101,20,-90.0,-180.0,1,0,2100,14.940710233579592,346.06938491256494,-99.38782352151124,-2.1471222876258973
17,1.4019152922119815,34.158765934622295,20,-90.0,-180.0,1,0,2100,16.441715029707478,181.40191529221195,-100.2139543403651,-3.5844747895548954
18,101.62843399698937,-39.627723972329875,20,-90.0,-180.0,1,0,2100,15.539594963533297,281.6284339969894,-99.72300404037817,-2.571195670436979
19,-143.90535395961655,31.09135928520125,20,-90.0,-180.0,1,0,2100,16.416699210585755,36.09464604038345,-100.20190379199042,-3.1872244028487824
20,-6.609042973402012,40.143260490442486,20,-90.0,-180.0,1,0,2100,16.48878975677792,173.39095702659802,-100.23868115449764,-3.5901269710807564
21,-6.58499594958073,48.87121495529405,20,-90.0,-180.0,1,0,2100,16.553700897512908,173.41500405041927,-100.27262083378477,-3.624133457918756
22,174.13511506493455,-73.60379844643728,20,-90.0,-180.0,1,0,2100,14.417204083583945,354.13511506493455,-99.08118724168895,-1.8478214766442673
23,4.367065443279984,80.40530869221331,20,-90.0,-180.0,1,0,2100,16.758333661208276,184.36706544327998,-100.37823991551986,-4.068470519920309
24,9.457681771361024,-54.06570254023715,20,-90.0,-180.0,1,0,2100,15.201846290697857,189.45768177136102,-99.53153177675858,-2.5197512559338313
25,-55.66235723710909,-88.72004574525799,20,-90.0,-180.0,1,0,2100,11.866985197449775,124.33764276289105,-97.38556906103591,-0.17977607888357333
26,-94.92197561214313,9.136257001629048,20,-90.0,-180.0,1,0,2100,16.216649168105143,85.07802438785689,-100.0949701548758,-3.0792025756277512
27,5.067527150003599,-22.574902826364394,20,-90.0,-180.0,1,0,2100,15.831171283752493,185.06752715000357,-99.88460104332665,-3.1990977539819947
28,-20.997070239299433,50.94924653628854,20,-90.0,-180.0,1,0,2100,16.568553775954197,159.00292976070057,-100.28034167400965,-3.6214905856017365
29,-174.4526776124415,53.347547347752766,20,-90.0,-180.0,1,0,2100,16.585425985597112,5.547322387558495,-100.28604722856919,-3.427292403237341
30,82.11109700420565,-15.646413731551164,20,-90.0,-180.0,1,0,2100,15.92898586779376,262.1110970042056,-99.93871736384601,-2.888267388030481
31,171.33047818371125,86.85683124754686,20,-90.0,-180.0,1,0,2100,16.795494433337705,351.33047818371125,-100.39130222328895,-4.481394541383421
0,40.092803757357075,-15.174929860179219,20,0.0,0.0,2,120,2100,15.367558498187453,352.8377869363495,-99.62625546783606,-2.6033563830781103
1,28.599375624422947,65.00488210044071,20,0.0,0.0,2,120,2100,15.842943906363546,252.5801941814351,-99.89095686020653,-3.1046269931794446
2,-2.0342685226477784,-56.14450373596768,20,0.0,0.0,2,120,2100,15.648514089958843,61.364134828273166,-99.78391960707002,-2.914494667955731
3,-75.80140761971617,-86.08094885395658,20,0.0,0.0,2,120,2100,16.109233196523004,63.79968573698096,-100.03620916772311,-3.902557978504692
4,-173.4202610424498,-47.47281717663011,20,0.0,0.0,2,120,2100,16.504333617097725,65.99968366253859,-100.24620829945825,-3.3175538025222235
5,-15.068046238395254,-32.62886362838156,20,0.0,0.0,2,120,2100,15.192156643243752,82.09945114465779,-99.52684245069035,-2.540992652866614
6,-83.77138780359721,34.141744342545124,20,0.0,0.0,2,120,2100,16.061016391810316,184.2994904598856,-100.00945903780675,-3.0285702313511482
7,177.97269873475227,38.16185161498814,20,0.0,0.0,2,120,2100,16.57451887944418,242.57749454456774,-100.28318410937754,-3.317216451275789
8,152.18424084282145,-15.660046480273309,20,0.0,0.0,2,120,2100,16.61998789513311,0.9959860022551084,-100.3034421084733,-3.2795052684788466
9,71.39051370540312,-39.20580050569392,20,0.0,0.0,2,120,2100,15.9467150049381,10.720310798712376,-99.94797026839531,-2.9849798779699905
10,-83.66337820541204,-68.3095184443944,20,0.0,0.0,2,120,2100,16.093644225390648,81.5701688200727,-100.02766659495612,-3.28336562945976
11,155.35170206293947,75.79201262599452,20,0.0,0.0,2,120,2100,16.253813823813434,246.02758352153415,-100.11369332302748,-3.504829622214356
12,96.63134270107713,4.994237580215454,20,0.0,0.0,2,120,2100,16.190795344999135,324.9722964765415,-100.08038932965167,-3.0490876961069984
13,59.508202805229786,-53.46382346815796,20,0.0,0.0,2,120,2100,15.90260132884822,27.44306394588051,-99.92401290265278,-3.035806635464443
14,22.824688375931316,-69.92736014461948,20,0.0,0.0,2,120,2100,15.89066909565425,51.93230294382715,-99.9174916911676,-3.1965047398479367
15,-155.1766639463873,12.06522936913818,20,0.0,0.0,2,120,2100,16.647763934067218,176.98232290553062,-100.3206746980786,-3.2936861634604075
16,166.06938491256494,-62.32426410885101,20,0.0,0.0,2,120,2100,16.380577745262777,52.8036411966541,-100.18111250726474,-3.3615556200792267
17,1.4019152922119815,34.158765934622295,20,0.0,0.0,2,120,2100,15.151912754763714,242.06495183452273,-99.5036350599817,-2.522202343622959
18,101.62843399698937,-39.627723972329875,20,0.0,0.0,2,120,2100,16.21457695754628,10.212503566837654,-100.09234556429062,-3.132120638231605
19,-143.90535395961655,31.09135928520125,20,0.0,0.0,2,120,2100,16.516394482084955,195.66859268281752,-100.25224585357462,-3.2615269332016594
20,-6.609042973402012,40.143260490442486,20,0.0,0.0,2,120,2100,15.323740869023242,232.2288975096771,-99.60167057196311,-2.6420640164581988
21,-6.58499594958073,48.87121495529405,20,0.0,0.0,2,120,2100,15.516057136259901,234.28142896635308,-99.70984860345051,-2.7923675929107783
22,174.13511506493455,-73.60379844643728,20,0.0,0.0,2,120,2100,16.28649423623745,58.277823857303474,-100.1312340656399,-3.4682312352518627
23,4.367065443279984,80.40530869221331,20,0.0,0.0,2,120,2100,16.00758380371777,240.73746234504046,-99.98082529712498,-3.5048280011599084
24,9.457681771361024,-54.06570254023715,20,0.0,0.0,2,120,2100,15.620703949290025,53.208226705302536,-99.76842522490722,-2.8838229009514667
25,-55.66235723710909,-88.72004574525799,20,0.0,0.0,2,120,2100,16.11190969711399,61.056949859019426,-100.03766932319726,-4.410916186068926
26,-94.92197561214313,9.136257001629048,20,0.0,0.0,2,120,2100,16.172549540265276,159.1694985929817,-100.06955397606676,-3.041223510750198
27,5.067527150003599,-22.574902826364394,20,0.0,0.0,2,120,2100,14.76031711269277,48.00524408682713,-99.27479366646075,-2.2639830685745466
28,-20.997070239299433,50.94924653628854,20,0.0,0.0,2,120,2100,15.608626417760403,223.79149107416998,-99.76154076020833,-2.8564816708150675
29,-174.4526776124415,53.347547347752766,20,0.0,0.0,2,120,2100,16.460024980588557,235.88584132569213,-100.22306519232393,-3.335397897588023
30,82.11109700420565,-15.646413731551164,20,0.0,0.0,2,120,2100,16.031802286124822,345.7884841288085,-99.99434780615447,-2.972230650824876
31,171.33047818371125,86.85683124754686,20,0.0,0.0,2,120,2100,16.15390567025791,240.47425048579117,-100.05999000872978,-4.025637660727199
0,40.092803757357075,-15.174929860179219,20,90.0,180.0,3,240,2100,16.275778888286204,79.9071962426429,-100.12653117037964,-3.3556538537295273
1,28.599375624422947,65.00488210044071,20,90.0,180.0,3,240,2100,14.838834721463106,91.40062437557702,-99.32191519585645,-2.2274365787642187
2,-2.0342685226477784,-56.14450373596768,20,90.0,180.0,3,240,2100,16.604749785595956,122.03426852264778,-100.29883999067118,-3.6707803296567465
3,-75.80140761971617,-86.08094885395658,20,90.0,180.0,3,240,2100,16.791097717272006,195.8014076197162,-100.3949063330206,-4.399212416302333
4,-173.4202610424498,-47.47281717663011,20,90.0,180.0,3,240,2100,16.543580109931803,293.42026104244985,-100.2691795446335,-3.351184821842834
5,-15.068046238395254,-32.62886362838156,20,90.0,180.0,3,240,2100,16.42931633860185,135.06804623839525,-100.20699533077662,-3.558410325905459
6,-83.77138780359721,34.141744342545124,20,90.0,180.0,3,240,2100,15.642971334093879,203.77138780359718,-99.77897639520859,-2.67860162261637
7,177.97269873475227,38.16185161498814,20,90.0,180.0,3,240,2100,15.568280347102336,302.02730126524773,-99.7387412394765,-2.4937680874114303
8,152.18424084282145,-15.660046480273309,20,90.0,180.0,3,240,2100,16.280380756944734,327.81575915717855,-100.12959337666729,-3.0214891181486796
9,71.39051370540312,-39.20580050569392,20,90.0,180.0,3,240,2100,16.48156039570658,48.60948629459688,-100.23433374894636,-3.408527180019986
10,-83.66337820541204,-68.3095184443944,20,90.0,180.0,3,240,2100,16.68470599125815,203.66337820541207,-100.34040172656272,-3.735515217850429
11,155.35170206293947,75.79201262599452,20,90.0,180.0,3,240,2100,14.273958770144374,324.64829793706053,-98.9853687806174,-1.7598290564029906
12,96.63134270107713,4.994237580215454,20,90.0,180.0,3,240,2100,16.062872993328615,23.36865729892287,-100.01143752682535,-2.945556543075216
13,59.508202805229786,-53.46382346815796,20,90.0,180.0,3,240,2100,16.586236805050756,60.491797194770186,-100.28902801330956,-3.571448826415151
14,22.824688375931316,-69.92736014461948,20,90.0,180.0,3,240,2100,16.69487360950406,97.17531162406868,-100.3454086952634,-3.8153660412139945
15,-155.1766639463873,12.06522936913818,20,90.0,180.0,3,240,2100,15.976026158404443,275.1766639463873,-99.96420553215343,-2.759614703781751
16,166.06938491256494,-62.32426410885101,20,90.0,180.0,3,240,2100,16.646165464322163,313.93061508743506,-100.3220797477301,-3.5660200657795604
17,1.4019152922119815,34.158765934622295,20,90.0,180.0,3,240,2100,15.642666559389657,118.59808470778802,-99.78037166228508,-2.9464039272202394
18,101.62843399698937,-39.627723972329875,20,90.0,180.0,3,240,2100,16.484820590164883,18.371566003010628,-100.23305586473559,-3.339627361520725
19,-143.90535395961655,31.09135928520125,20,90.0,180.0,3,240,2100,15.696141774116098,263.9053539596166,-99.80905818934946,-2.592379146342459
20,-6.609042973402012,40.143260490442486,20,90.0,180.0,3,240,2100,15.529307703513167,126.60904297340198,-99.71684138988928,-2.818655649309364
21,-6.58499594958073,48.87121495529405,20,90.0,180.0,3,240,2100,15.336862301112669,126.58499594958073,-99.60835911839698,-2.636555332060155
22,174.13511506493455,-73.60379844643728,20,90.0,180.0,3,240,2100,16.717601536979785,305.86488493506545,-100.35913275136413,-3.794900073452751
23,4.367065443279984,80.40530869221331,20,90.0,180.0,3,240,2100,13.881364733299336,115.63293455671999,-98.74672787682051,-1.5820620813912656
24,9.457681771361024,-54.06570254023715,20,90.0,180.0,3,240,2100,16.590423365797644,110.54231822863898,-100.29152124588123,-3.6534777477102534
25,-55.66235723710909,-88.72004574525799,20,90.0,180.0,3,240,2100,16.80597448183008,175.66235723710923,-100.40220970014255,-4.900280632469728
26,-94.92197561214313,9.136257001629048,20,90.0,180.0,3,240,2100,16.012919504380143,214.92197561214311,-99.98305547758737,-2.911134091393529
27,5.067527150003599,-22.574902826364394,20,90.0,180.0,3,240,2100,16.343772723079272,114.93247284999637,-100.1620956157513,-3.6034122357589604
28,-20.997070239299433,50.94924653628854,20,90.0,180.0,3,240,2100,15.285016241268735,140.99707023929943,-99.57872532698383,-2.5758481314169157
29,-174.4526776124415,53.347547347752766,20,90.0,180.0,3,240,2100,15.221634432404098,294.45267761244145,-99.54177791667006,-2.297658858607829
30,82.11109700420565,-15.646413731551164,20,90.0,180.0,3,240,2100,16.28025172399829,37.88890299579435,-100.12822783974892,-3.172105832267544
31,171.33047818371125,86.85683124754686,20,90.0,180.0,3,240,2100,12.765388146185586,308.66952181628875,-98.01825083727496,-0.8060861389490674
0,47.12809867071263,-12.503495262312626,21,-90.0,-180.0,1,0,2100,15.970386791385552,227.1280986707126,-99.9610803567533,-3.0697293104306183
1,30.792992115435737,66.88484407996614,21,-90.0,-180.0,1,0,2100,16.67566595656912,210.79299211543574,-100.33593584019053,-3.7660210898545454
2,-0.2818755306366256,-57.448924310004024,21,-90.0,-180.0,1,0,2100,15.102964531677415,179.71812446936337,-99.47503882793303,-2.442809106671779
3,-74.77847340852094,-85.71329914648217,21,-90.0,-180.0,1,0,2100,13.075673341150422,105.22152659147912,-98.23380124242927,-1.0333087455715393
4,-173.61003499776757,-47.61274003152829,21,-90.0,-180.0,1,0,2100,15.36700189686164,6.3899650022324295,-99.63025881936403,-2.3828746246463233
5,-16.90336754878291,-33.152814764437395,21,-90.0,-180.0,1,0,2100,15.660520705151825,163.09663245121715,-99.78998964766099,-2.935592496166868
6,-77.99311756602859,36.71996799999401,21,-90.0,-180.0,1,0,2100,16.462133586715613,102.00688243397144,-100.22505076120963,-3.3703658204870224
7,177.6382126134834,37.60401078688443,21,-90.0,-180.0,1,0,2100,16.469085713599494,357.6382126134834,-100.22539700979081,-3.2291548350283854
8,152.04988944687142,-15.344385353343242,21,-90.0,-180.0,1,0,2100,15.933039694719241,332.04988944687136,-99.94326707935056,-2.738742237964452
9,71.75725233709892,-38.61677359387813,21,-90.0,-180.0,1,0,2100,15.559465799803363,251.75725233709892,-99.7335621064274,-2.6556681583602155
10,-86.09498856609618,-66.96716610636109,21,-90.0,-180.0,1,0,2100,14.757074988828142,93.90501143390384,-99.27369687886484,-2.102332934702779
11,155.36720152318497,75.73219946648817,21,-90.0,-180.0,1,0,2100,16.730527123919252,335.367201523185,-100.36138762658351,-3.857152359640956
12,95.91586038248653,2.947167934025373,21,-90.0,-180.0,1,0,2100,16.152185181933067,275.9158603824865,-100.06027394302161,-3.0203067489372555
13,60.357351617907824,-52.979313971029804,21,-90.0,-180.0,1,0,2100,15.2316309212185,240.3573516179078,-99.54778853643114,-2.4552672852761406
14,22.339683751460313,-69.39146683949478,21,-90.0,-180.0,1,0,2100,14.645859497299885,202.33968375146029,-99.20893147054241,-2.096135660344786
15,-155.44304942043067,12.034020002430339,21,-90.0,-180.0,1,0,2100,16.245460215437177,24.55695057956933,-100.11149586324814,-2.982510028502496
16,163.31062087717362,-63.29350780372167,21,-90.0,-180.0,1,0,2100,14.905060865920268,343.3106208771736,-99.36652077194762,-2.127293834041803
17,-2.5277860034467494,33.417860356095076,21,-90.0,-180.0,1,0,2100,16.435729749532335,177.47221399655325,-100.21079282095549,-3.583709740111101
18,100.7138783606456,-40.07233141692732,21,-90.0,-180.0,1,0,2100,15.530729349921582,280.7138783606456,-99.7179882386065,-2.5673098279175166
19,-142.96266576401504,31.139180454062938,21,-90.0,-180.0,1,0,2100,16.41709405069128,37.03733423598493,-100.20212151236643,-3.1889785232514627
20,-9.575050071423448,40.95147331024637,21,-90.0,-180.0,1,0,2100,16.494980730711898,170.42494992857655,-100.24191768680991,-3.589086406294581
21,-6.662821252319901,48.90790518755978,21,-90.0,-180.0,1,0,2100,16.553965065893074,173.33717874768013,-100.27275439334316,-3.6242741366317484
22,170.751341662548,-72.78338953548658,21,-90.0,-180.0,1,0,2100,14.466029004548297,350.751341662548,-99.1093390351819,-1.8755576536863627
23,4.661490021774256,81.12420029226726,21,-90.0,-180.0,1,0,2100,16.76254350314025,184.66149002177426,-100.38038327199462,-4.096296034505996
24,10.45171550772639,-55.79332109704744,21,-90.0,-180.0,1,0,2100,15.152575017462166,190.45171550772636,-99.50337175014216,-2.47908444495599
25,-53.67054407809319,-89.40284618669735,21,-90.0,-180.0,1,0,2100,11.104588328489193,126.32945592190708,-96.79271830674448,0.41515214523429544
26,-94.77358082214303,9.096615786015207,21,-90.0,-180.0,1,0,2100,16.216249222203217,85.226419177857,-100.0947524344998,-3.079259449208183
27,4.793683757300471,-22.356010260988597,21,-90.0,-180.0,1,0,2100,15.83441248028223,184.79368375730044,-99.88637665362008,-3.205161230092674
28,-25.0192667034203,50.64789002333501,21,-90.0,-180.0,1,0,2100,16.56641343736658,154.98073329657973,-100.2792292875507,-3.613401315150031
29,-170.49617853813797,52.326567230529065,21,-90.0,-180.0,1,0,2100,16.578278089810023,9.503821461862003,-100.28309748339086,-3.4147772589115344
30,80.71777920212219,-13.595829898794449,21,-90.0,-180.0,1,0,2100,15.956191235018833,260.7177792021222,-99.95359004398536,-2.9130054149693936
31,170.15780446881195,88.91118218325371,21,-90.0,-180.0,1,0,2100,16.807043384272966,350.15780446881195,-100.39727992831851,-4.98361975240157
0,47.12809867071263,-12.503495262312626,21,0.0,0.0,2,120,2100,15.499180225684293,346.8351126522669,-99.70025402488766,-2.6742549202095263
1,30.792992115435737,66.88484407996614,21,0.0,0.0,2,120,2100,15.872804423218845,252.3265131718357,-99.90733998829386,-3.143920690827968
2,-0.2818755306366256,-57.448924310004024,21,0.0,0.0,2,120,2100,15.67105798086686,60.17992665824835,-99.79643653732955,-2.937232694961509
3,-74.77847340852094,-85.71329914648217,21,0.0,0.0,2,120,2100,16.107390419378074,64.13684600990942,-100.03521532325644,-3.864651699939487
4,-173.61003499776757,-47.61274003152829,21,0.0,0.0,2,120,2100,16.503434571459977,65.80025641721318,-100.24573484583141,-3.317828988518798
5,-16.90336754878291,-33.152814764437395,21,0.0,0.0,2,120,2100,15.224837838807295,83.99504634512792,-99.54555203194403,-2.561328441646194
6,-77.99311756602859,36.71996799999401,21,0.0,0.0,2,120,2100,16.00718211357768,187.3292542606797,-99.98031919152389,-3.0081969429438526
7,177.6382126134834,37.60401078688443,21,0.0,0.0,2,120,2100,16.578322185477827,243.06261090082813,-100.28516924737542,-3.3170584836599097
8,152.04988944687142,-15.344385353343242,21,0.0,0.0,2,120,2100,16.62016830512087,0.34683467885150776,-100.30347680119597,-3.2791516579356133
9,71.75725233709892,-38.61677359387813,21,0.0,0.0,2,120,2100,15.94880921693388,10.065201019408619,-99.94910135319132,-2.9838193321490514
10,-86.09498856609618,-66.96716610636109,21,0.0,0.0,2,120,2100,16.102852862325623,82.98491990027145,-100.03262969504435,-3.270483372009372
11,155.36720152318497,75.73219946648817,21,0.0,0.0,2,120,2100,16.254354989297525,246.0502977211023,-100.11398412967328,-3.5037234477624324
12,95.91586038248653,2.947167934025373,21,0.0,0.0,2,120,2100,16.183543416134633,327.03708041044575,-100.07647109273991,-3.0445613071714153
13,60.357351617907824,-52.979313971029804,21,0.0,0.0,2,120,2100,15.906149587835028,26.758112629530387,-99.92595161362475,-3.0344740643744927
14,22.339683751460313,-69.39146683949478,21,0.0,0.0,2,120,2100,15.88283763963055,51.86560270046016,-99.91320611954535,-3.1841716059060925
15,-155.44304942043067,12.034020002430339,21,0.0,0.0,2,120,2100,16.649401927339063,177.155171574618,-100.32152364940949,-3.2945045166278843
16,163.31062087717362,-63.29350780372167,21,0.0,0.0,2,120,2100,16.36941215630017,51.778864922414186,-100.17520454067123,-3.3660686387745775
17,-2.5277860034467494,33.417860356095076,21,0.0,0.0,2,120,2100,15.13176702645756,236.17594132413814,-99.49220890973744,-2.5084764759105544
18,100.7138783606456,-40.07233141692732,21,0.0,0.0,2,120,2100,16.206942785108648,10.569419655584738,-100.08828804630114,-3.129827055437882
19,-142.96266576401504,31.139180454062938,21,0.0,0.0,2,120,2100,16.511227209954512,195.08720546001638,-100.24953165821387,-3.2589557945586995
20,-9.575050071423448,40.95147331024637,21,0.0,0.0,2,120,2100,15.35455566680772,229.14920314181086,-99.61914652081411,-2.6629177264586885
21,-6.662821252319901,48.90790518755978,21,0.0,0.0,2,120,2100,15.516952192350855,234.22202341569084,-99.71035266830322,-2.793082532210498
22,170.751341662548,-72.78338953548658,21,0.0,0.0,2,120,2100,16.29285145374381,57.148908606375926,-100.13461813666018,-3.456667471633316
23,4.661490021774256,81.12420029226726,21,0.0,0.0,2,120,2100,16.01650001265394,240.72711096744558,-99.98567003380651,-3.537633755826069
24,10.45171550772639,-55.79332109704744,21,0.0,0.0,2,120,2100,15.653280656759911,52.97006800866882,-99.78654707062412,-2.9144660485385416
25,-53.67054407809319,-89.40284618669735,21,0.0,0.0,2,120,2100,16.116025130264266,60.48108744984219,-100.03988863707308,-4.816823551396166
26,-94.77358082214303,9.096615786015207,21,0.0,0.0,2,120,2100,16.17100950424453,159.1277465936672,-100.06872951371658,-3.0403725610457357
27,4.793683757300471,-22.356010260988597,21,0.0,0.0,2,120,2100,14.748596967506522,48.51422296874364,-99.26786532567147,-2.256645439032586
28,-25.0192667034203,50.64789002333501,21,0.0,0.0,2,120,2100,15.626202557906518,220.87338909942878,-99.77131186350705,-2.8644419092945874
29,-170.49617853813797,52.326567230529065,21,0.0,0.0,2,120,2100,16.464881505652688,232.73444950296403,-100.2255804147165,-3.330804435111859
30,80.71777920212219,-13.595829898794449,21,0.0,0.0,2,120,2100,16.014357236545408,343.7693948320016,-99.98490730409517,-2.960249225651785
31,170.15780446881195,88.91118218325371,21,0.0,0.0,2,120,2100,16.13181302694599,240.18613899765614,-100.04807816036835,-4.517433674216987
0,47.12809867071263,-12.503495262312626,21,90.0,180.0,3,240,2100,16.250050826039846,72.87190132928737,-100.11288810333036,-3.2944995214406783
1,30.792992115435737,66.88484407996614,21,90.0,180.0,3,240,2100,14.76064273173522,89.20700788456429,-99.27604976328077,-2.1700191157811686
2,-0.2818755306366256,-57.448924310004024,21,90.0,180.0,3,240,2100,16.613635741156966,120.28187553063663,-100.30345636660468,-3.6810110283129447
3,-74.77847340852094,-85.71329914648217,21,90.0,180.0,3,240,2100,16.78900757609071,194.778473408521,-100.39381554377049,-4.362363913465926
4,-173.61003499776757,-47.61274003152829,21,90.0,180.0,3,240,2100,16.544597414215218,293.61003499776757,-100.26971263712416,-3.3529310519977287
5,-16.90336754878291,-33.152814764437395,21,90.0,180.0,3,240,2100,16.433579893923596,136.9033675487829,-100.20921381568003,-3.553482549073857
6,-77.99311756602859,36.71996799999401,21,90.0,180.0,3,240,2100,15.59571563572087,197.99311756602856,-99.75267545703989,-2.6620363093479193
7,177.6382126134834,37.60401078688443,21,90.0,180.0,3,240,2100,15.578984058396033,302.3617873865166,-99.74475903355368,-2.499901720751507
8,152.04988944687142,-15.344385353343242,21,90.0,180.0,3,240,2100,16.277388769214504,327.9501105531286,-100.12799102366174,-3.018674826478943
9,71.75725233709892,-38.61677359387813,21,90.0,180.0,3,240,2100,16.47699114572809,48.24274766290108,-100.23193483273842,-3.402260996315608
10,-86.09498856609618,-66.96716610636109,21,90.0,180.0,3,240,2100,16.67619054791089,206.09498856609616,-100.33604164509589,-3.7097552440669186
11,155.36720152318497,75.73219946648817,21,90.0,180.0,3,240,2100,14.278159757307849,324.632798476815,-98.98791532243814,-1.7623138116665549
12,95.91586038248653,2.947167934025373,21,90.0,180.0,3,240,2100,16.086669142947056,24.084139617513472,-100.02426403970384,-2.966221088628638
13,60.357351617907824,-52.979313971029804,21,90.0,180.0,3,240,2100,16.582853865364076,59.64264838209215,-100.2872472793552,-3.5648123613398
14,22.339683751460313,-69.39146683949478,21,90.0,180.0,3,240,2100,16.691517128565263,97.66031624853969,-100.3436935726925,-3.807204789442618
15,-155.44304942043067,12.034020002430339,21,90.0,180.0,3,240,2100,15.976426533173676,275.4430494204307,-99.9644310712841,-2.7595136018206516
16,163.31062087717362,-63.29350780372167,21,90.0,180.0,3,240,2100,16.65250833425001,316.6893791228264,-100.32519013737749,-3.5834435703906338
17,-2.5277860034467494,33.417860356095076,21,90.0,180.0,3,240,2100,15.655847380465465,122.52778600344675,-99.78761966980224,-2.961284868885012
18,100.7138783606456,-40.07233141692732,21,90.0,180.0,3,240,2100,16.488244600587585,19.286121639354405,-100.23495193119994,-3.346080453782502
19,-142.96266576401504,31.139180454062938,21,90.0,180.0,3,240,2100,15.695329659259007,262.962665764015,-99.80858558235293,-2.5931465213471316
20,-9.575050071423448,40.95147331024637,21,90.0,180.0,3,240,2100,15.51296417208805,129.57505007142345,-99.70760658766658,-2.798549249929911
21,-6.662821252319901,48.90790518755978,21,90.0,180.0,3,240,2100,15.335969821568604,126.66282125231987,-99.60785268053085,-2.6357181015321256
22,170.751341662548,-72.78338953548658,21,90.0,180.0,3,240,2100,16.712574313952377,309.248658337452,-100.35642218108472,-3.774949205968242
23,4.661490021774256,81.12420029226726,21,90.0,180.0,3,240,2100,13.803483291600575,115.33850997822572,-98.69821030910383,-1.5299889387607735
24,10.45171550772639,-55.79332109704744,21,90.0,180.0,3,240,2100,16.60234391176373,109.54828449227358,-100.29770306841708,-3.6653712091195194
25,-53.67054407809319,-89.40284618669735,21,90.0,180.0,3,240,2100,16.809787704888038,173.67054407809343,-100.40413293382038,-5.294811166294951
26,-94.77358082214303,9.096615786015207,21,90.0,180.0,3,240,2100,16.013409606574424,214.773580822143,-99.98331997347697,-2.9119205742874312
27,4.793683757300471,-22.356010260988597,21,90.0,180.0,3,240,2100,16.341826413308095,115.20631624269953,-100.16104890914946,-3.6052490877488914
28,-25.0192667034203,50.64789002333501,21,90.0,180.0,3,240,2100,15.292703662741935,145.01926670342027,-99.58302492295653,-2.575497144724185
29,-170.49617853813797,52.326567230529065,21,90.0,180.0,3,240,2100,15.249109223694335,290.496178538138,-99.55737907344462,-2.3134583221928238
30,80.71777920212219,-13.595829898794449,21,90.0,180.0,3,240,2100,16.260651004071697,39.28222079787781,-100.11792428960024,-3.1590253623077413
31,170.15780446881195,88.91118218325371,21,90.0,180.0,3,240,2100,11.705254626546251,309.84219553118805,-97.24464354583134,-0.03579612098178952
0,45.520581767024254,-9.228394070865875,22,-90.0,-180.0,1,0,2100,16.011779443501304,225.52058176702425,-99.98365786826635,-3.1138713291899647
1,30.728904914102372,66.66841250001471,22,-90.0,-180.0,1,0,2100,16.674285447214608,210.72890491410234,-100.33522413240676,-3.7630878827819867
2,0.19961171933647393,-58.74971740936883,22,-90.0,-180.0,1,0,2100,15.062182546786262,180.19961171933645,-99.45162748397152,-2.4106888799410653
3,-73.67290847168505,-85.4188266190965,22,-90.0,-180.0,1,0,2100,13.142110963195927,106.32709152831501,-98.2778511973284,-1.0782916801595326
4,-173.11683628380598,-48.236388297581634,22,-90.0,-180.0,1,0,2100,15.352179482342521,6.883163716194019,-99.62183176010436,-2.374596854891956
5,-22.132123610285618,-31.559075357564573,22,-90.0,-180.0,1,0,2100,15.6881704028376,157.8678763897144,-99.80532704188023,-2.9449695507351112
6,-74.20214118173381,35.471451065521705,22,-90.0,-180.0,1,0,2100,16.452232163024586,105.7978588182662,-100.21978888052557,-3.3692591626295645
7,177.47827403723505,37.64599870028847,22,-90.0,-180.0,1,0,2100,16.469414707991398,357.47827403723505,-100.2255859142347,-3.229659274098905
8,152.19331314936926,-15.9566046383068,22,-90.0,-180.0,1,0,2100,15.924805306739717,332.19331314936926,-99.93879512112316,-2.7329046909765644
9,70.20795753215017,-39.48087850628226,22,-90.0,-180.0,1,0,2100,15.542505926156457,250.20795753215015,-99.724031351228,-2.6481184856033604
10,-86.07407616609729,-66.22637551460005,22,-90.0,-180.0,1,0,2100,14.78873096940297,93.92592383390274,-99.29220311082565,-2.122195971432336
11,151.61535752680686,76.84410800904504,22,-90.0,-180.0,1,0,2100,16.73721378559907,331.61535752680686,-100.36518126691675,-3.891907738179579
12,95.6695862175253,3.09799819976233,22,-90.0,-180.0,1,0,2100,16.153806619214677,275.6695862175253,-100.06114848369164,-3.022323585437146
13,60.589394025998445,-53.1786361334333,22,-90.0,-180.0,1,0,2100,15.226232300830963,240.58939402599844,-99.54469196721772,-2.451007965261435
14,22.715197336445073,-68.19975385612742,22,-90.0,-180.0,1,0,2100,14.702075513088138,202.71519733644504,-99.24198471687008,-2.135230016179981
15,-154.1867011884506,12.339805068954135,22,-90.0,-180.0,1,0,2100,16.24845262669841,25.81329881154943,-100.1131077258638,-2.9873005362625573
16,163.00344439817087,-63.778226385355865,22,-90.0,-180.0,1,0,2100,14.88674430249721,343.00344439817087,-99.35578981030568,-2.11694589214778
17,-2.5166488856185936,33.41011762277594,22,-90.0,-180.0,1,0,2100,16.435667011646448,177.48335111438143,-100.21075165533817,-3.583703312446217
18,97.8105496777049,-40.70834296129487,22,-90.0,-180.0,1,0,2100,15.517908860834627,277.8105496777049,-99.71068088413773,-2.5648965509370973
19,-137.5998695800297,30.599088309133336,22,-90.0,-180.0,1,0,2100,16.412625639411537,42.40013041997031,-100.19985374424824,-3.191028791622321
20,-9.661328407184726,40.987544963236786,22,-90.0,-180.0,1,0,2100,16.495256150929794,170.33867159281522,-100.24206313865776,-3.5890829060769898
21,-6.2411101055906215,47.953531247150664,22,-90.0,-180.0,1,0,2100,16.547070803760022,173.75888989440932,-100.26916246453474,-3.619711020737552
22,167.32611886707014,-70.4121235440781,22,-90.0,-180.0,1,0,2100,14.595065125584355,347.32611886707014,-99.18528228079198,-1.9499451299210524
23,6.181406073382817,82.25676790432374,22,-90.0,-180.0,1,0,2100,16.769140092728286,186.18140607338282,-100.3837506194908,-4.145905972347251
24,15.497936917616641,-57.35798003117218,22,-90.0,-180.0,1,0,2100,15.105754529969195,195.4979369176166,-99.47647139141552,-2.4381111631857495
25,-53.36843109733938,-88.29368862471256,22,-90.0,-180.0,1,0,2100,12.154493055132047,126.63156890266072,-97.59834956296808,-0.394086801356345
26,-96.76431241141472,9.449086134676932,22,-90.0,-180.0,1,0,2100,16.21979974667827,83.23568758858528,-100.09671374746686,-3.0769875402861304
27,4.5132632102782395,-21.807305774323126,22,-90.0,-180.0,1,0,2100,15.842491408337972,184.51326321027824,-99.89082711424734,-3.2193416722480093
28,-26.6400698601974,49.7019098038148,22,-90.0,-180.0,1,0,2100,16.559664841507043,153.3599301398026,-100.27572014737267,-3.6042517092619173
29,-168.3697263912978,49.4674109433916,22,-90.0,-180.0,1,0,2100,16.557984865355962,11.630273608702169,-100.27308188869867,-3.377701121597736
30,81.24446644349405,-12.454081980998268,22,-90.0,-180.0,1,0,2100,15.971024207602131,261.24446644349405,-99.96170881851094,-2.9224237075409913
31,170.10306796898237,88.29002259279198,22,-90.0,-180.0,1,0,2100,16.803565455435987,350.1030679689824,-100.39555874811909,-4.760092385453282
0,45.520581767024254,-9.228394070865875,22,0.0,0.0,2,120,2100,15.45409314673555,342.82821593260377,-99.67485487040649,-2.645936035127849
1,30.728904914102372,66.66841250001471,22,0.0,0.0,2,120,2100,15.870020756598642,252.42902228908235,-99.90580738625181,-3.139634546680414
2,0.19961171933647393,-58.74971740936883,22,0.0,0.0,2,120,2100,15.69344392762624,59.87887171367754,-99.80885245054371,-2.960432406551106
3,-73.67290847168505,-85.4188266190965,22,0.0,0.0,2,120,2100,16.105564911619076,64.39716568489746,-100.03422658066073,-3.8366556821568643
4,-173.11683628380598,-48.236388297581634,22,0.0,0.0,2,120,2100,16.498368898064072,66.10837516268023,-100.24308748498048,-3.3186129478300703
5,-22.132123610285618,-31.559075357564573,22,0.0,0.0,2,120,2100,15.254533905396453,91.52367625849726,-99.56260860700056,-2.5736597067917866
6,-74.20214118173381,35.471451065521705,22,0.0,0.0,2,120,2100,15.966425123213734,186.5203935356044,-99.95818931596597,-2.981727004464261
7,177.47827403723505,37.64599870028847,22,0.0,0.0,2,120,2100,16.577965827391093,243.2645029384342,-100.28498864114276,-3.317018008834674
8,152.19331314936926,-15.9566046383068,22,0.0,0.0,2,120,2100,16.619122742821894,1.5054048769655424,-100.30304773384664,-3.2794956650524085
9,70.20795753215017,-39.48087850628226,22,0.0,0.0,2,120,2100,15.935638013657579,11.20193041503876,-99.9419388365241,-2.9800241992375027
10,-86.07407616609729,-66.22637551460005,22,0.0,0.0,2,120,2100,16.102234067652176,83.72400462741791,-100.03228889006296,-3.2608500276323253
11,151.61535752680686,76.84410800904504,22,0.0,0.0,2,120,2100,16.240713955234575,246.3404296027099,-100.10668539305092,-3.52332270084343
12,95.6695862175253,3.09799819976233,22,0.0,0.0,2,120,2100,16.18096748368737,326.88680224429584,-100.07509664869819,-3.0432098502840232
13,60.589394025998445,-53.1786361334333,22,0.0,0.0,2,120,2100,15.909023998853213,26.888013467284736,-99.92752401026043,-3.0373983088620626
14,22.715197336445073,-68.19975385612742,22,0.0,0.0,2,120,2100,15.868173036229674,51.21997601833209,-99.90517373387623,-3.1591754639184924
15,-154.1867011884506,12.339805068954135,22,0.0,0.0,2,120,2100,16.641218048629845,176.67474769191028,-100.31727940294218,-3.2905854740733753
16,163.00344439817087,-63.778226385355865,22,0.0,0.0,2,120,2100,16.36504739962806,51.80717176363248,-100.17289747461459,-3.3690048571266082
17,-2.5166488856185936,33.41011762277594,22,0.0,0.0,2,120,2100,15.131514494439854,236.19161300462315,-99.49206605735003,-2.508310739037032
18,97.8105496777049,-40.70834296129487,22,0.0,0.0,2,120,2100,16.183594146105655,10.972544060432483,-100.07582825699657,-3.119856025944128
19,-137.5998695800297,30.599088309133336,22,0.0,0.0,2,120,2100,16.483574495274265,191.25134854324972,-100.2349729591886,-3.2428916393935077
20,-9.661328407184726,40.987544963236786,22,0.0,0.0,2,120,2100,15.355778576225028,229.06825777032708,-99.61983425302206,-2.6637499443611956
21,-6.2411101055906215,47.953531247150664,22,0.0,0.0,2,120,2100,15.496737524586946,234.400328632999,-99.6990377388463,-2.7764353020879726
22,167.32611886707014,-70.4121235440781,22,0.0,0.0,2,120,2100,16.31234422779563,55.53579976119681,-100.14497748568276,-3.4271347898389153
23,6.181406073382817,82.25676790432374,22,0.0,0.0,2,120,2100,16.030550099728053,240.83881928860575,-99.99329835129411,-3.5952653194488784
24,15.497936917616641,-57.35798003117218,22,0.0,0.0,2,120,2100,15.692299787968299,50.287364000438515,-99.80820043143261,-2.9482990165637153
25,-53.36843109733938,-88.29368862471256,22,0.0,0.0,2,120,2100,16.108588009910903,61.36943996159769,-100.0358755053611,-4.268792009465669
26,-96.76431241141472,9.449086134676932,22,0.0,0.0,2,120,2100,16.191478910851124,159.51411489443547,-100.0797077196889,-3.051583538232257
27,4.5132632102782395,-21.807305774323126,22,0.0,0.0,2,120,2100,14.722366961025987,48.87386333982249,-99.2523342100376,-2.240076034112851
28,-26.6400698601974,49.7019098038148,22,0.0,0.0,2,120,2100,15.621700884015286,219.18160200288247,-99.76882317084356,-2.856318723783158
29,-168.3697263912978,49.4674109433916,22,0.0,0.0,2,120,2100,16.484098263067885,230.21962877759165,-100.23565967102235,-3.3229768892294773
30,81.24446644349405,-12.454081980998268,22,0.0,0.0,2,120,2100,16.020168489852452,342.59626289506997,-99.98807454559885,-2.9621803431972147
31,170.10306796898237,88.29002259279198,22,0.0,0.0,2,120,2100,16.13850752510555,240.29398938953437,-100.0516851831504,-4.294950891230204
0,45.520581767024254,-9.228394070865875,22,90.0,180.0,3,240,2100,16.21757813470297,74.47941823297572,-100.09554414418251,-3.279352678859975
1,30.728904914102372,66.66841250001471,22,90.0,180.0,3,240,2100,14.76996235446064,89.27109508589763,-99.28152011237717,-2.17663186992154
2,0.19961171933647393,-58.74971740936883,22,90.0,180.0,3,240,2100,16.622419045331014,119.80038828066353,-100.30800303044323,-3.6917548121642585
3,-73.67290847168505,-85.4188266190965,22,90.0,180.0,3,240,2100,16.787330301015345,193.6729084716851,-100.39294311740598,-4.335412388157369
4,-173.11683628380598,-48.236388297581634,22,90.0,180.0,3,240,2100,16.549119083663864,293.1168362838059,-100.27207669728463,-3.3610376812700977
5,-22.132123610285618,-31.559075357564573,22,90.0,180.0,3,240,2100,16.42055427573467,142.1321236102856,-100.2022815629458,-3.5303292878047006
6,-74.20214118173381,35.471451065521705,22,90.0,180.0,3,240,2100,15.618878403204153,194.2021411817338,-99.76564600740863,-2.6889484206641905
7,177.47827403723505,37.64599870028847,22,90.0,180.0,3,240,2100,15.578182379880444,302.52172596276495,-99.74432435813821,-2.4994616288089238
8,152.19331314936926,-15.9566046383068,22,90.0,180.0,3,240,2100,16.283183545150912,327.80668685063074,-100.13108090975179,-3.0242994646508174
9,70.20795753215017,-39.48087850628226,22,90.0,180.0,3,240,2100,16.483687123578424,49.7920424678498,-100.23549066216886,-3.414192960418752
10,-86.07407616609729,-66.22637551460005,22,90.0,180.0,3,240,2100,16.671459978264405,206.0740761660973,-100.33359557070608,-3.6974153547142494
11,151.61535752680686,76.84410800904504,22,90.0,180.0,3,240,2100,14.197024241535363,328.38464247319314,-98.93878264800146,-1.7150951452009586
12,95.6695862175253,3.09799819976233,22,90.0,180.0,3,240,2100,16.08493501133824,24.330413782474693,-100.0233511188136,-2.9655561668307193
13,60.589394025998445,-53.1786361334333,22,90.0,180.0,3,240,2100,16.58424695741028,59.410605974001555,-100.28796490386185,-3.566394267998156
14,22.715197336445073,-68.19975385612742,22,90.0,180.0,3,240,2100,16.68401239649779,97.2848026635549,-100.3398522312262,-3.789239336293175
15,-154.1867011884506,12.339805068954135,22,90.0,180.0,3,240,2100,15.972496790315457,274.18670118845057,-99.96223411511588,-2.758563029959525
16,163.00344439817087,-63.778226385355865,22,90.0,180.0,3,240,2100,16.6556653747842,316.9965556018291,-100.32679966662812,-3.591965122097566
17,-2.5166488856185936,33.41011762277594,22,90.0,180.0,3,240,2100,15.655984211670981,122.51664888561862,-99.78770065885371,-2.9614620634758597
18,97.8105496777049,-40.70834296129487,22,90.0,180.0,3,240,2100,16.493122360514338,22.1894503222951,-100.2378972672108,-3.3588003130210553
19,-137.5998695800297,30.599088309133336,22,90.0,180.0,3,240,2100,15.7044635660966,257.5998695800297,-99.81354026698241,-2.6064851999541245
20,-9.661328407184726,40.987544963236786,22,90.0,180.0,3,240,2100,15.51222847380371,129.66132840718473,-99.70720574312072,-2.7977124166328666
21,-6.2411101055906215,47.953531247150664,22,90.0,180.0,3,240,2100,15.358929459486626,126.24111010559062,-99.62085706176921,-2.6564272620822815
22,167.32611886707014,-70.4121235440781,22,90.0,180.0,3,240,2100,16.697900172054062,312.67388113292986,-100.34873232190705,-3.720377554704952
23,6.181406073382817,82.25676790432374,22,90.0,180.0,3,240,2100,13.66697418427894,113.81859392661721,-98.61234551170537,-1.4385301104029937
24,15.497936917616641,-57.35798003117218,22,90.0,180.0,3,240,2100,16.61301876594482,104.50206308238336,-100.30326465834362,-3.6744152427325822
25,-53.36843109733938,-88.29368862471256,22,90.0,180.0,3,240,2100,16.803586017405703,173.36843109733945,-100.40096615939032,-4.762981967266996
26,-96.76431241141472,9.449086134676932,22,90.0,180.0,3,240,2100,16.009043406682796,216.76431241141472,-99.9809497622493,-2.903069469482804
27,4.5132632102782395,-21.807305774323126,22,90.0,180.0,3,240,2100,16.33693082603466,115.48673678972176,-100.15845520914685,-3.608917350798306
28,-26.6400698601974,49.7019098038148,22,90.0,180.0,3,240,2100,15.31645814136036,146.6400698601974,-99.59646397961033,-2.5919053308042557
29,-168.3697263912978,49.4674109433916,22,90.0,180.0,3,240,2100,15.322260380518909,288.36972639129783,-99.59905255372361,-2.355045062062435
30,81.24446644349405,-12.454081980998268,22,90.0,180.0,3,240,2100,16.24956864549688,38.75553355650595,-100.11202387838878,-3.1474737504049433
31,170.10306796898237,88.29002259279198,22,90.0,180.0,3,240,2100,12.156639251944693,309.8969320310176,-97.58541061834734,-0.3755140454330348
0,46.19177878042484,-6.49170973178758,23,-90.0,-180.0,1,0,2100,16.045099859434895,226.1917787804248,-100.00179452446285,-3.1372655946628685
1,30.756215657215478,67.87924821029154,23,-90.0,-180.0,1,0,2100,16.68198438618789,210.75621565721548,-100.33918426479225,-3.780201750339283
2,-1.4865460366871162,-59.249304247940906,23,-90.0,-180.0,1,0,2100,15.0460667524945,178.51345396331294,-99.4423743679911,-2.3980848865132995
3,-74.34689805834552,-85.10518441760132,23,-90.0,-180.0,1,0,2100,13.208332276115884,105.65310194165454,-98.32119767756724,-1.1221747159516864
4,-174.24647999487593,-46.92126176208677,23,-90.0,-180.0,1,0,2100,15.383183611860234,5.753520005124074,-99.63945887743768,-2.3919133434655477
5,-24.77966005794198,-32.791297074174345,23,-90.0,-180.0,1,0,2100,15.666860033174911,155.220339942058,-99.79346951451117,-2.912164808555206
6,-74.50749973331364,34.37751541249712,23,-90.0,-180.0,1,0,2100,16.443475332206265,105.49250026668636,-100.21518016096952,-3.358738542452145
7,177.97133078900345,37.38238234021162,23,-90.0,-180.0,1,0,2100,16.46734735819825,357.97133078900345,-100.22445934850758,-3.2265525075177837
8,154.14195059418836,-15.675366491059307,23,-90.0,-180.0,1,0,2100,15.928596399095268,334.14195059418836,-99.94092521312122,-2.732671518696867
9,69.92617255037558,-40.00134931457729,23,-90.0,-180.0,1,0,2100,15.532150038726018,249.9261725503756,-99.7182059589825,-2.64162663761559
10,-84.46760085927447,-65.48124001815765,23,-90.0,-180.0,1,0,2100,14.819592744751654,95.53239914072554,-99.3102446287066,-2.1437087560170616
11,149.24379790128046,78.58534766001233,23,-90.0,-180.0,1,0,2100,16.74759602943051,329.24379790128046,-100.37066772891305,-3.9507840264339507
12,95.87631628731646,3.3092141893110494,23,-90.0,-180.0,1,0,2100,16.156072798262976,275.87631628731646,-100.06237521908756,-3.0236438399087193
13,58.85095724969463,-52.02365434821505,23,-90.0,-180.0,1,0,2100,15.257117559887707,238.85095724969463,-99.56237488683229,-2.476367777803516
14,22.72301913183594,-68.17429793646737,23,-90.0,-180.0,1,0,2100,14.703242520940648,202.7230191318359,-99.2426607477855,-2.136039675589048
15,-152.23796768546208,12.544143530088235,23,-90.0,-180.0,1,0,2100,16.250447302341506,27.76203231453792,-100.11419998690984,-2.992209971516263
16,163.0894716122125,-63.41791439345001,23,-90.0,-180.0,1,0,2100,14.900391693691207,343.0894716122125,-99.36375352767271,-2.1246713289026946
17,-2.108917233656257,32.93810849665584,23,-90.0,-180.0,1,0,2100,16.43183495913495,177.89108276634374,-100.2087446027963,-3.5838997838403115
18,97.23276709305833,-41.16027846172729,23,-90.0,-180.0,1,0,2100,15.508697971933643,277.2327670930583,-99.70546794479868,-2.5601161469512275
19,-139.6420045370498,34.046708678528105,23,-90.0,-180.0,1,0,2100,16.440812090271745,40.357995462950214,-100.21457822816527,-3.223841562946865
20,-9.969242806456236,39.95091877751767,23,-90.0,-180.0,1,0,2100,16.48731074071349,170.03075719354376,-100.23789351901972,-3.585599606988126
21,-5.154259685021742,47.56244390251908,23,-90.0,-180.0,1,0,2100,16.544231857077644,174.84574031497823,-100.26768553366472,-3.618387702021815
22,167.179112654066,-70.11794805038637,23,-90.0,-180.0,1,0,2100,14.609971704792674,347.179112654066,-99.1940944672714,-1.9585352732007473
23,6.199398611650167,81.47037192646184,23,-90.0,-180.0,1,0,2100,16.764564385909125,186.19939861165017,-100.38141973075939,-4.1106693542850845
24,15.978553329522896,-57.514642448432966,23,-90.0,-180.0,1,0,2100,15.100943567754078,195.97855332952287,-99.47370872109809,-2.4339363828504674
25,-53.410306113665015,-87.83737440597397,23,-90.0,-180.0,1,0,2100,12.391481030417713,126.58969388633506,-97.7685154178581,-0.5657348984711853
26,-100.6335922425342,8.138210640349314,23,-90.0,-180.0,1,0,2100,16.206530729591226,79.36640775746582,-100.08971010377472,-3.055165314004122
27,3.6092563898363608,-20.84457662869427,23,-90.0,-180.0,1,0,2100,15.856510454304887,183.60925638983633,-99.89854246572325,-3.245839742954588
28,-25.862708041485433,48.652844141605755,23,-90.0,-180.0,1,0,2100,16.5521271900273,154.13729195851454,-100.27177968300434,-3.598715553049181
29,-171.38391704903475,48.632147630776814,23,-90.0,-180.0,1,0,2100,16.55197791033211,8.616082950965222,-100.26958235383134,-3.3655394106293954
30,80.490135463635,-12.304253530592916,23,-90.0,-180.0,1,0,2100,15.972954468786584,260.49013546363494,-99.9627516808162,-2.926348136180944
31,169.98167970690542,88.37788435050291,23,-90.0,-180.0,1,0,2100,16.8040581364614,349.9816797069055,-100.39583364296358,-4.78544258625911
0,46.19177878042484,-6.49170973178758,23,0.0,0.0,2,120,2100,15.460533693292456,338.9604320368463,-99.67842209859492,-2.6477330145805227
1,30.756215657215478,67.87924821029154,23,0.0,0.0,2,120,2100,15.884514146882156,251.74274702687313,-99.91375201974009,-3.1634378023760705
2,-1.4865460366871162,-59.249304247940906,23,0.0,0.0,2,120,2100,15.702101632090523,60.88425696242368,-99.81364922963803,-2.9695340837286825
3,-74.34689805834552,-85.10518441760132,23,0.0,0.0,2,120,2100,16.105197432713158,64.714114943472,-100.03402760769255,-3.810004783752909
4,-174.24647999487593,-46.92126176208677,23,0.0,0.0,2,120,2100,16.50906914882061,65.35535801007,-100.2486796457604,-3.317060765252485
5,-24.77966005794198,-32.791297074174345,23,0.0,0.0,2,120,2100,15.31523151208792,93.04718803671932,-99.5971135808048,-2.611847979453126
6,-74.50749973331364,34.37751541249712,23,0.0,0.0,2,120,2100,15.96738359755307,185.3722052353968,-99.9587117475542,-2.9786142757621925
7,177.97133078900345,37.38238234021162,23,0.0,0.0,2,120,2100,16.57999152472951,242.65262919076093,-100.28603503488053,-3.3171168861114846
8,154.14195059418836,-15.675366491059307,23,0.0,0.0,2,120,2100,16.631082478979916,2.758069310407677,-100.30925109876983,-3.2852583619540097
9,69.92617255037558,-40.00134931457729,23,0.0,0.0,2,120,2100,15.934387741809804,11.778035841726535,-99.9412643691807,-2.9814465298620862
10,-84.46760085927447,-65.48124001815765,23,0.0,0.0,2,120,2100,16.094156309115878,84.41790857963093,-100.02791964775666,-3.247500301447001
11,149.24379790128046,78.58534766001233,23,0.0,0.0,2,120,2100,16.223242275455103,245.89487977163918,-100.09731529681115,-3.5623179464391446
12,95.87631628731646,3.3092141893110494,23,0.0,0.0,2,120,2100,16.183110359359265,326.67334392440534,-100.07624405948134,-3.044409321483175
13,58.85095724969463,-52.02365434821505,23,0.0,0.0,2,120,2100,15.889016201973117,26.254118139108357,-99.9165733543914,-3.018747897605806
14,22.72301913183594,-68.17429793646737,23,0.0,0.0,2,120,2100,15.867858403947828,51.20601564032802,-99.90499618876616,-3.158654619238564
15,-152.23796768546208,12.544143530088235,23,0.0,0.0,2,120,2100,16.62906880785555,175.53283317684037,-100.31096328667034,-3.284502628473672
16,163.0894716122125,-63.41791439345001,23,0.0,0.0,2,120,2100,16.368116046683827,51.71891299873698,-100.17452191033425,-3.3667385964776084
17,-2.108917233656257,32.93810849665584,23,0.0,0.0,2,120,2100,15.116599864880662,236.7490876741606,-99.48348675111198,-2.4982588095768894
18,97.23276709305833,-41.16027846172729,23,0.0,0.0,2,120,2100,16.17864184173002,11.387211535469817,-100.0731905897005,-3.1191117627909524
19,-139.6420045370498,34.046708678528105,23,0.0,0.0,2,120,2100,16.48114973056353,196.21798609478822,-100.23373422491493,-3.2520864032753054
20,-9.969242806456236,39.95091877751767,23,0.0,0.0,2,120,2100,15.333064837374266,228.3228003850757,-99.6070091697554,-2.6466608099118485
21,-5.154259685021742,47.56244390251908,23,0.0,0.0,2,120,2100,15.486633878477024,235.3042107928261,-99.69337058056298,-2.76862246236967
22,167.179112654066,-70.11794805038637,23,0.0,0.0,2,120,2100,16.314856649661067,55.411874284136616,-100.14631162494373,-3.423887659024926
23,6.199398611650167,81.47037192646184,23,0.0,0.0,2,120,2100,16.02100995524102,240.92788967775908,-99.98811893187637,-3.5545947180007436
24,15.978553329522896,-57.514642448432966,23,0.0,0.0,2,120,2100,15.696221822808685,50.05862065190479,-99.81037688959219,-2.951736751473299
25,-53.410306113665015,-87.83737440597397,23,0.0,0.0,2,120,2100,16.105538947166064,61.736718526475386,-100.03422658066073,-4.156736689958642
26,-100.6335922425342,8.138210640349314,23,0.0,0.0,2,120,2100,16.23056315608876,158.27845311480758,-100.10064885930873,-3.071507062285132
27,3.6092563898363608,-20.84457662869427,23,0.0,0.0,2,120,2100,14.6713699164908,50.611982874580576,-99.22207501326199,-2.2080748444873226
28,-25.862708041485433,48.652844141605755,23,0.0,0.0,2,120,2100,15.600327675625296,219.00010838570398,-99.75695519857254,-2.8384208431310647
29,-171.38391704903475,48.632147630776814,23,0.0,0.0,2,120,2100,16.493830125093982,232.48445592459046,-100.24080439771743,-3.3234381580499384
30,80.490135463635,-12.304253530592916,23,0.0,0.0,2,120,2100,16.01102309092804,342.4703765609724,-99.98310685382674,-2.957042952062658
31,169.98167970690542,88.37788435050291,23,0.0,0.0,2,120,2100,16.137556557445382,240.28226133746756,-100.05117601642671,-4.319942772789898
0,46.19177878042484,-6.49170973178758,23,90.0,180.0,3,240,2100,16.189611028522176,73.80822121957516,-100.08058474875247,-3.253806372747791
1,30.756215657215478,67.87924821029154,23,90.0,180.0,3,240,2100,14.716670409336185,89.24378434278452,-99.25017529910458,-2.1392367470726485
2,-1.4865460366871162,-59.249304247940906,23,90.0,180.0,3,240,2100,16.625771991080388,121.48654603668712,-100.30973250550426,-3.6960068684045906
3,-74.34689805834552,-85.10518441760132,23,90.0,180.0,3,240,2100,16.78554073876427,194.34689805834557,-100.39203993570547,-4.308644371484369
4,-174.24647999487593,-46.92126176208677,23,90.0,180.0,3,240,2100,16.53955993483614,294.2464799948759,-100.26707690482903,-3.3440027908518584
5,-24.77966005794198,-32.791297074174345,23,90.0,180.0,3,240,2100,16.430640055913052,144.77966005794195,-100.20757250591554,-3.5237107794620948
6,-74.50749973331364,34.37751541249712,23,90.0,180.0,3,240,2100,15.638741520352816,194.50749973331364,-99.7767199787241,-2.701989037014756
7,177.97133078900345,37.38238234021162,23,90.0,180.0,3,240,2100,15.583205011173625,302.02866921099655,-99.74712924478135,-2.5023141674005247
8,154.14195059418836,-15.675366491059307,23,90.0,180.0,3,240,2100,16.280525739835156,325.85804940581164,-100.12975637994809,-3.0188940626792076
9,69.92617255037558,-40.00134931457729,23,90.0,180.0,3,240,2100,16.4876987391301,50.07382744962439,-100.23759227679547,-3.4196098504953163
10,-84.46760085927447,-65.48124001815765,23,90.0,180.0,3,240,2100,16.666678979432692,204.4676008592745,-100.33108696046641,-3.6871325394238124
11,149.24379790128046,78.58534766001233,23,90.0,180.0,3,240,2100,14.055052450373113,330.75620209871954,-98.85205055012783,-1.6305322035115637
12,95.87631628731646,3.3092141893110494,23,90.0,180.0,3,240,2100,16.08250154535355,24.123683712683544,-100.02203171489923,-2.963049632346895
13,58.85095724969463,-52.02365434821505,23,90.0,180.0,3,240,2100,16.576147527181465,61.14904275030534,-100.28384778954943,-3.558303988511833
14,22.72301913183594,-68.17429793646737,23,90.0,180.0,3,240,2100,16.6838514735768,97.27698086816406,-100.33976714146327,-3.7888725026117505
15,-152.23796768546208,12.544143530088235,23,90.0,180.0,3,240,2100,15.969862136405427,272.2379676854621,-99.96072095258471,-2.759576305495244
16,163.0894716122125,-63.41791439345001,23,90.0,180.0,3,240,2100,16.653319563178965,316.9105283877875,-100.32560225887987,-3.5856775072417237
17,-2.108917233656257,32.93810849665584,23,90.0,180.0,3,240,2100,15.6642904923248,122.10891723365626,-99.7923324124552,-2.9716594854433893
18,97.23276709305833,-41.16027846172729,23,90.0,180.0,3,240,2100,16.496573983818077,22.767232906941672,-100.23975488950515,-3.3646375090420695
19,-139.6420045370498,34.046708678528105,23,90.0,180.0,3,240,2100,15.644671259981676,259.6420045370498,-99.78021686042722,-2.5663940170695003
20,-9.969242806456236,39.95091877751767,23,90.0,180.0,3,240,2100,15.53315816817209,129.96924280645624,-99.71893992898231,-2.8182555512959118
21,-5.154259685021742,47.56244390251908,23,90.0,180.0,3,240,2100,15.368187779167862,125.15425968502171,-99.62612545082588,-2.6654055024525207
22,167.179112654066,-70.11794805038637,23,90.0,180.0,3,240,2100,16.696064615356775,312.820887345934,-100.34778915826973,-3.7139513955684333
23,6.199398611650167,81.47037192646184,23,90.0,180.0,3,240,2100,13.763700651849343,113.80060138834983,-98.67317444042257,-1.5031783875165174
24,15.978553329522896,-57.514642448432966,23,90.0,180.0,3,240,2100,16.614081342871344,104.02144667047708,-100.30382030474733,-3.675358965608978
25,-53.410306113665015,-87.83737440597397,23,90.0,180.0,3,240,2100,16.801023396546103,173.41030611366506,-100.39966520867755,-4.654717166127378
26,-100.6335922425342,8.138210640349314,23,90.0,180.0,3,240,2100,16.025186279625235,220.63359224253418,-99.98979192134908,-2.9049380362338413
27,3.6092563898363608,-20.84457662869427,23,90.0,180.0,3,240,2100,16.328282930877066,116.39074361016367,-100.1538531857035,-3.6170216972261615
28,-25.862708041485433,48.652844141605755,23,90.0,180.0,3,240,2100,15.342157694508824,145.86270804148546,-99.61103893334038,-2.6146173218584257
29,-171.38391704903475,48.632147630776814,23,90.0,180.0,3,240,2100,15.342658123807178,291.3839170490347,-99.61075495907133,-2.3659084053005834
30,80.490135463635,-12.304253530592916,23,90.0,180.0,3,240,2100,16.24810517917571,39.509864536365,-100.11128985103626,-3.1486940454865584
31,169.98167970690542,88.37788435050291,23,90.0,180.0,3,240,2100,12.103890631929731,310.0183202930946,-97.54647436297229,-0.3367104553247592
0,47.01637576976532,-6.540227667876636,24,-90.0,-180.0,1,0,2100,16.04451869521129,227.0163757697653,-100.00148486754152,-3.1316864303687226
1,28.00161042986585,69.50889703450969,24,-90.0,-180.0,1,0,2100,16.692253598052346,208.00161042986585,-100.34446306911899,-3.806767287780748
2,-0.9404420916039271,-59.00036847486881,24,-90.0,-180.0,1,0,2100,15.054129448197244,179.05955790839607,-99.44700870170902,-2.4043955299169775
3,-74.95002065882551,-84.78495719808285,24,-90.0,-180.0,1,0,2100,13.27170285872106,105.04997934117455,-98.36243556340817,-1.163959055743449
4,-173.34198889364876,-46.1620183752504,24,-90.0,-180.0,1,0,2100,15.400654647201373,6.658011106351239,-99.64924806123466,-2.4018579565392697
5,-25.342195628604856,-33.49665047551211,24,-90.0,-180.0,1,0,2100,15.654453919284409,154.65780437139517,-99.78655186121964,-2.8975745913015754
6,-77.595750755523,33.256479463765345,24,-90.0,-180.0,1,0,2100,16.43442129642191,102.404249244477,-100.21046624039147,-3.3402814822281703
7,179.7560024742533,36.9763920169282,24,-90.0,-180.0,1,0,2100,16.464155090580153,359.7560024742533,-100.22254057334506,-3.221621293023201
8,152.3479210798912,-16.306769994530242,24,-90.0,-180.0,1,0,2100,15.920064898347466,332.3479210798912,-99.93622638660284,-2.729458318171724
9,70.10799894019317,-40.395291260902304,24,-90.0,-180.0,1,0,2100,15.52423978486133,250.10799894019314,-99.71375732793824,-2.6355724090416137
10,-84.11470470750015,-64.97365130989067,24,-90.0,-180.0,1,0,2100,14.840083416694176,95.88529529249985,-99.32219089085076,-2.157091038319537
11,149.314258872631,78.4971067947942,24,-90.0,-180.0,1,0,2100,16.747072472886025,329.314258872631,-100.37039054708981,-3.94761504764455
12,96.13335467370746,3.610679894860283,24,-90.0,-180.0,1,0,2100,16.15929841466337,276.13335467370746,-100.0641146951169,-3.025627525668624
13,54.2181482617184,-50.773322962176906,24,-90.0,-180.0,1,0,2100,15.289511121307637,234.2181482617184,-99.58090398858052,-2.5098792629675772
14,19.53261482848839,-69.14911474632083,24,-90.0,-180.0,1,0,2100,14.657550676668915,199.53261482848836,-99.21594151777504,-2.105961957332087
15,-149.82320088802976,13.600643912799725,24,-90.0,-180.0,1,0,2100,16.260697472175135,30.17679911197024,-100.11965214422504,-3.0059523734202016
16,162.90898658708727,-62.913399454090694,24,-90.0,-180.0,1,0,2100,14.91919333273925,342.9089865870872,-99.37465143876264,-2.1353645894019206
17,-0.5421353338462325,29.838499698833004,24,-90.0,-180.0,1,0,2100,16.406298915734094,179.4578646661538,-100.19526743708386,-3.5864749368560482
18,95.28774076606766,-42.23512025667424,24,-90.0,-180.0,1,0,2100,15.486444664401258,275.2877407660676,-99.69286531975627,-2.549714140730937
19,-135.4449446773042,34.62226343682467,24,-90.0,-180.0,1,0,2100,16.445441182028457,44.55505532269581,-100.21704999478703,-3.235769245705674
20,-9.091347934485242,41.48012864530162,24,-90.0,-180.0,1,0,2100,16.499009635843912,170.90865206551473,-100.2440299403738,-3.5913294184243796
21,-2.311610521913366,46.2707711388901,24,-90.0,-180.0,1,0,2100,16.534797776856376,177.6883894780866,-100.26276852937458,-3.6135811925056767
22,165.5710335160457,-69.8853283742348,24,-90.0,-180.0,1,0,2100,14.621603767308768,345.57103351604565,-99.20055106564904,-1.965180761003148
23,5.506084056797306,80.6637897670058,24,-90.0,-180.0,1,0,2100,16.759849372316843,185.5060840567973,-100.37900468121038,-4.0781986622302195
24,16.600067203393138,-57.58132222041007,24,-90.0,-180.0,1,0,2100,15.098888848763544,196.60006720339314,-99.47251491819601,-2.4317774928657827
25,-52.47767139793275,-87.25780127663847,24,-90.0,-180.0,1,0,2100,12.628917168580104,127.52232860206732,-97.93486384783597,-0.7340957747741433
26,-101.878240752579,7.745095087289712,24,-90.0,-180.0,1,0,2100,16.202516951660392,78.12175924742098,-100.08757955438092,-3.048462619846568
27,3.161733477725278,-20.209136261444783,24,-90.0,-180.0,1,0,2100,15.86565707820412,183.16173347772525,-99.90356833020138,-3.2632774720712994
28,-27.368738211998192,49.34571314334289,24,-90.0,-180.0,1,0,2100,16.557111894972422,152.63126178800178,-100.27438958314197,-3.600541878281696
29,-173.2189526296939,47.66503901625279,24,-90.0,-180.0,1,0,2100,16.54497738663523,6.781047370306112,-100.26572650767638,-3.3524309749660253
30,80.45392466126674,-11.39756982899003,24,-90.0,-180.0,1,0,2100,15.98455657173466,260.45392466126674,-99.9690916432781,-2.935238843177155
31,169.9686073595576,88.32821357973143,24,-90.0,-180.0,1,0,2100,16.803779639576263,349.9686073595576,-100.39570237038393,-4.770955970172982
0,47.01637576976532,-6.540227667876636,24,0.0,0.0,2,120,2100,15.477993508350293,338.9068366484218,-99.68824217985502,-2.6575691474902357
1,28.00161042986585,69.50889703450969,24,0.0,0.0,2,120,2100,15.896765926452913,249.95150581340096,-99.92044975596114,-3.193295341218158
2,-0.9404420916039271,-59.00036847486881,24,0.0,0.0,2,120,2100,15.69777627528387,60.56502269660169,-99.81125135027797,-2.9649797782772898
3,-74.95002065882551,-84.78495719808285,24,0.0,0.0,2,120,2100,16.104822871955108,65.03710167850753,-100.03382761435019,-3.7847629446278086
4,-173.34198889364876,-46.1620183752504,24,0.0,0.0,2,120,2100,16.514016258196776,66.35274091692409,-100.25126833509508,-3.3157562395582465
5,-25.342195628604856,-33.49665047551211,24,0.0,0.0,2,120,2100,15.335940028859548,92.89297918496061,-99.60883972106261,-2.6257663005586602
6,-77.595750755523,33.256479463765345,24,0.0,0.0,2,120,2100,15.997820349133917,183.87997371723964,-99.97523160578376,-2.9915588376976556
7,179.7560024742533,36.9763920169282,24,0.0,0.0,2,120,2100,16.583158785873902,240.3240689543237,-100.28766151134859,-3.317416338284835
8,152.3479210798912,-16.306769994530242,24,0.0,0.0,2,120,2100,16.61890468995971,2.2254968048638943,-100.30299773551104,-3.2798938556214514
9,70.10799894019317,-40.395291260902304,24,0.0,0.0,2,120,2100,15.937395928343832,12.142457484629176,-99.94291227350686,-2.984719060307173
10,-84.11470470750015,-64.97365130989067,24,0.0,0.0,2,120,2100,16.091951693263066,84.91047893600117,-100.02672478957341,-3.240387005132645
11,149.314258872631,78.4971067947942,24,0.0,0.0,2,120,2100,16.22407077302164,245.92916455277935,-100.09776222070889,-3.5601069604977553
12,96.13335467370746,3.610679894860283,24,0.0,0.0,2,120,2100,16.185763136360023,326.3685887421986,-100.07767309354253,-3.0459254737073693
13,54.2181482617184,-50.773322962176906,24,0.0,0.0,2,120,2100,15.844052745670501,26.484773859273105,-99.89192213419574,-2.98611363428133
14,19.53261482848839,-69.14911474632083,24,0.0,0.0,2,120,2100,15.874345694179363,52.74272841917366,-99.90855321321263,-3.175902618058157
15,-149.82320088802976,13.600643912799725,24,0.0,0.0,2,120,2100,16.611709377098734,175.70172650106701,-100.30194113803132,-3.2766822547350554
16,162.90898658708727,-62.913399454090694,24,0.0,0.0,2,120,2100,16.372017129659735,51.452166750857145,-100.17658051527422,-3.3635143758102757
17,-0.5421353338462325,29.838499698833004,24,0.0,0.0,2,120,2100,15.016103472022275,239.0549513743283,-99.42551623192756,-2.4313473415667337
18,95.28774076606766,-42.23512025667424,24,0.0,0.0,2,120,2100,16.162517322650398,12.35674929669176,-100.06458118242367,-3.1151020123237982
19,-135.4449446773042,34.62226343682467,24,0.0,0.0,2,120,2100,16.455652022097222,194.54038038455212,-100.2202989578792,-3.24055965488852
20,-9.091347934485242,41.48012864530162,24,0.0,0.0,2,120,2100,15.364653498306588,229.86699577863487,-99.62483918845233,-2.670840387167961
21,-2.311610521913366,46.2707711388901,24,0.0,0.0,2,120,2100,15.455627598816074,237.79041564038954,-99.67594769117017,-2.7443619810697193
22,165.5710335160457,-69.8853283742348,24,0.0,0.0,2,120,2100,16.315659773582677,54.785680999344436,-100.14673916173176,-3.421024274476018
23,5.506084056797306,80.6637897670058,24,0.0,0.0,2,120,2100,16.01098235612769,240.90376167698287,-99.98267013367094,-3.516496046352625
24,16.600067203393138,-57.58132222041007,24,0.0,0.0,2,120,2100,15.699139439953559,49.71642203940701,-99.8119921419441,-2.9538987077983725
25,-52.47767139793275,-87.25780127663847,24,0.0,0.0,2,120,2100,16.10123610534169,62.17549785758925,-100.03190216824277,-4.048122263168373
26,-101.878240752579,7.745095087289712,24,0.0,0.0,2,120,2100,16.242852818249442,157.91244399105233,-100.1072221098779,-3.0778076999475283
27,3.161733477725278,-20.209136261444783,24,0.0,0.0,2,120,2100,14.637880202567366,51.4786352061584,-99.2021358811024,-2.1870384289444775
28,-27.368738211998192,49.34571314334289,24,0.0,0.0,2,120,2100,15.621103634431925,218.45689251864286,-99.76849563072672,-2.853920093197055
29,-173.2189526296939,47.66503901625279,24,0.0,0.0,2,120,2100,16.50273504926139,233.8601763104631,-100.24550118014056,-3.322827156452353
30,80.45392466126674,-11.39756982899003,24,0.0,0.0,2,120,2100,16.010196948678857,341.5533386341524,-99.98267217441933,-2.955711756597042
31,169.9686073595576,88.32821357973143,24,0.0,0.0,2,120,2100,16.13808968787739,240.2912848451664,-100.0514647823241,-4.305622611314497
0,47.01637576976532,-6.540227667876636,24,90.0,180.0,3,240,2100,16.190113721840685,72.98362423023468,-100.08086769784367,-3.2491486067582134
1,28.00161042986585,69.50889703450969,24,90.0,180.0,3,240,2100,14.640145068934885,91.99838957013412,-99.20501211336754,-2.0880506581954013
2,-0.9404420916039271,-59.00036847486881,24,90.0,180.0,3,240,2100,16.624102679502535,120.94044209160393,-100.30886520502908,-3.6938725642464747
3,-74.95002065882551,-84.78495719808285,24,90.0,180.0,3,240,2100,16.78371029397947,194.95002065882557,-100.39111727562549,-4.2832168825934795
4,-173.34198889364876,-46.1620183752504,24,90.0,180.0,3,240,2100,16.53399939452921,293.3419888936487,-100.2641674500435,-3.3346538113068696
5,-25.342195628604856,-33.49665047551211,24,90.0,180.0,3,240,2100,16.436367947069556,145.34219562860483,-100.21058447848773,-3.524117822554009
6,-77.595750755523,33.256479463765345,24,90.0,180.0,3,240,2100,15.658695472867073,197.595750755523,-99.7878021514625,-2.706867845056969
7,179.7560024742533,36.9763920169282,24,90.0,180.0,3,240,2100,15.590891257722447,300.2439975257467,-99.75136630490418,-2.5067103039902303
8,152.3479210798912,-16.306769994530242,24,90.0,180.0,3,240,2100,16.286482895732142,327.6520789201088,-100.13285036674961,-3.0274312454420125
9,70.10799894019317,-40.395291260902304,24,90.0,180.0,3,240,2100,16.490724448054884,49.89200105980683,-100.23915259750851,-3.4226498604946087
10,-84.11470470750015,-64.97365130989067,24,90.0,180.0,3,240,2100,16.66340900917059,204.1147047075002,-100.32939234145285,-3.679525519747876
11,149.314258872631,78.4971067947942,24,90.0,180.0,3,240,2100,14.062753208024967,330.685741127369,-98.85677867044879,-1.6351640780240246
12,96.13335467370746,3.610679894860283,24,90.0,180.0,3,240,2100,16.07901800254521,23.86664532629254,-100.02013564843487,-2.959569073819934
13,54.2181482617184,-50.773322962176906,24,90.0,180.0,3,240,2100,16.567304862272398,65.7818517382816,-100.27941184492046,-3.556102747282094
14,19.53261482848839,-69.14911474632083,24,90.0,180.0,3,240,2100,16.68999548805679,100.46738517151158,-100.34290623609093,-3.8047709816478497
15,-149.82320088802976,13.600643912799725,24,90.0,180.0,3,240,2100,15.956128225825774,269.82320088802976,-99.95310593139129,-2.753588381810357
16,162.90898658708727,-62.913399454090694,24,90.0,180.0,3,240,2100,16.650025643536246,317.09101341291273,-100.32388816148685,-3.5770760635048
17,-0.5421353338462325,29.838499698833004,24,90.0,180.0,3,240,2100,15.717186607450142,120.5421353338462,-99.82174271509341,-3.038703274584593
18,95.28774076606766,-42.23512025667424,24,90.0,180.0,3,240,2100,16.504735460389764,24.712259233932343,-100.24422363982585,-3.3797971588919493
19,-135.4449446773042,34.62226343682467,24,90.0,180.0,3,240,2100,15.634331648393834,255.4449446773042,-99.77434874231857,-2.5659973624737606
20,-9.091347934485242,41.48012864530162,24,90.0,180.0,3,240,2100,15.502127458114714,129.0913479344852,-99.70154061022966,-2.788453061891497
21,-2.311610521913366,46.2707711388901,24,90.0,180.0,3,240,2100,15.398170776888804,122.31161052191334,-99.643129050922,-2.6939963194033534
22,165.5710335160457,-69.8853283742348,24,90.0,180.0,3,240,2100,16.694610757092168,314.4289664839543,-100.34695466348629,-3.7093467248352714
23,5.506084056797306,80.6637897670058,24,90.0,180.0,3,240,2100,13.854055215734336,114.4939159432027,-98.7296473883844,-1.563652140684888
24,16.600067203393138,-57.58132222041007,24,90.0,180.0,3,240,2100,16.614533262091093,103.39993279660683,-100.30405712083453,-3.675439697205199
25,-52.47767139793275,-87.25780127663847,24,90.0,180.0,3,240,2100,16.797759068251302,172.4776713979328,-100.39799211839919,-4.55028715154286
26,-101.878240752579,7.745095087289712,24,90.0,180.0,3,240,2100,16.02997697156092,221.87824075257902,-99.99241432633194,-2.9053467630294323
27,3.161733477725278,-20.209136261444783,24,90.0,180.0,3,240,2100,16.322533721261145,116.8382665222747,-100.15078790388225,-3.6224010299030556
28,-27.368738211998192,49.34571314334289,24,90.0,180.0,3,240,2100,15.325258349412234,147.36873821199816,-99.60144634404222,-2.59768753785921
29,-173.2189526296939,47.66503901625279,24,90.0,180.0,3,240,2100,15.365767297964467,293.21895262969383,-99.6239520737486,-2.3786729913045583
30,80.45392466126674,-11.39756982899003,24,90.0,180.0,3,240,2100,16.239203053564864,39.54607533873326,-100.10656070553745,-3.1410056560600492
31,169.9686073595576,88.32821357973143,24,90.0,180.0,3,240,2100,12.134051981116174,310.0313926404424,-97.56875147801442,-0.3589005000069065
0,48.39373083793555,-7.0624988369443,25,-90.0,-180.0,1,0,2100,16.03824127471327,228.39373083793552,-99.99807589703227,-3.1182481434904203
1,26.971578445736384,72.18072134674316,25,-90.0,-180.0,1,0,2100,16.708865172996887,206.97157844573638,-100.3529916702347,-3.8530305958197224
2,-1.232998873666503,-59.20363505505041,25,-90.0,-180.0,1,0,2100,15.047550793728105,178.76700112633353,-99.4432333572057,-2.399262072812914
3,-75.28187612255232,-85.00690495219368,25,-90.0,-180.0,1,0,2100,13.228211606957816,104.71812387744774,-98.3340468389178,-1.1349899064284772
4,-173.38537491508112,-48.361891766830006,25,-90.0,-180.0,1,0,2100,15.34916986726405,6.614625084918885,-99.62015037333501,-2.372876534023251
5,-21.879797109384555,-35.24130187425217,25,-90.0,-180.0,1,0,2100,15.623090230290149,158.12020289061547,-99.76910587260248,-2.879451569518416
6,-78.06254174502881,31.900880462816062,25,-90.0,-180.0,1,0,2100,16.42336217326714,101.93745825497115,-100.20463993335447,-3.326976120059562
7,178.46450095465235,37.138277829568125,25,-90.0,-180.0,1,0,2100,16.465429206893017,358.46450095465235,-100.22339864776815,-3.223675100035102
8,153.29442673006457,-16.055049664323633,25,-90.0,-180.0,1,0,2100,15.923474863749458,333.2944267300645,-99.93811909020773,-2.7304122253727705
9,70.0773069980576,-40.466551491012545,25,-90.0,-180.0,1,0,2100,15.522802190468882,250.0773069980576,-99.71295688537937,-2.634659092513324
10,-84.56797679270458,-65.21290236259888,25,-90.0,-180.0,1,0,2100,14.830477463933242,95.4320232072954,-99.31658962252173,-2.150429621376589
11,148.51251596457075,81.01837920612337,25,-90.0,-180.0,1,0,2100,16.761924924276922,328.51251596457075,-100.37796319109236,-4.048447709739477
12,96.3205677954083,3.0575694535862965,25,-90.0,-180.0,1,0,2100,16.15337226483657,276.3205677954083,-100.06092893373264,-3.020197356321133
13,48.161789421558154,-51.340372850851686,25,-90.0,-180.0,1,0,2100,15.274949902027583,228.16178942155813,-99.57269007573937,-2.513199873038868
14,17.330221288698624,-71.49273689711049,25,-90.0,-180.0,1,0,2100,14.53831758086578,197.3302212886986,-99.14564528006878,-2.024210243450293
15,-149.15004372758233,13.649703816900939,25,-90.0,-180.0,1,0,2100,16.261170908300112,30.84995627241767,-100.11991651896733,-3.007480205072341
16,158.23425766228735,-61.62410049770405,25,-90.0,-180.0,1,0,2100,14.965694332683817,338.23425766228735,-99.40071156150036,-2.162826838882077
17,4.879105439521965,27.86018668808451,25,-90.0,-180.0,1,0,2100,16.38965297989401,184.87910543952194,-100.18648223695357,-3.5858814534472643
18,94.0560759346804,-42.281613133146124,25,-90.0,-180.0,1,0,2100,15.485470821066219,274.0560759346804,-99.69227802361593,-2.55162837645803
19,-134.8971625515719,34.85439918256441,25,-90.0,-180.0,1,0,2100,16.447302164082494,45.10283744842809,-100.2180242477301,-3.2389889701624552
20,-8.897114475958261,41.96345491703238,25,-90.0,-180.0,1,0,2100,16.502678935923385,171.10288552404177,-100.24594871553633,-3.593112197647075
21,-0.44682930012018574,45.24915938178353,25,-90.0,-180.0,1,0,2100,16.527272609119766,179.55317069987984,-100.25884361646168,-3.609632680561897
22,164.9649219805903,-69.81104506859938,25,-90.0,-180.0,1,0,2100,14.625289954532123,344.9649219805903,-99.20257778620807,-1.9673051561682207
23,4.898706707086319,80.1812952728209,25,-90.0,-180.0,1,0,2100,16.757018204656134,184.8987067070863,-100.3775597680427,-4.060281881570317
24,17.188619693094466,-57.53076557513535,25,-90.0,-180.0,1,0,2100,15.100447124867339,197.18861969309444,-99.47340135115549,-2.4324496688647055
25,-51.82138066835475,-87.1533851823278,25,-90.0,-180.0,1,0,2100,12.66628750106374,128.17861933164528,-97.96072774779782,-0.760390807684159
26,-99.71697849795905,7.73354000694053,25,-90.0,-180.0,1,0,2100,16.2023987282106,80.28302150204092,-100.0874514835715,-3.0539185519076346
27,3.1563707157914678,-20.26142673332083,25,-90.0,-180.0,1,0,2100,15.86490755224439,183.15637071579144,-99.90315941840275,-3.2619341748770703
28,-27.14793405950138,48.77010030842314,25,-90.0,-180.0,1,0,2100,16.552972514241116,152.85206594049862,-100.27222838823305,-3.5971152436392306
29,-173.79225277788152,48.22928228766912,25,-90.0,-180.0,1,0,2100,16.54906767757473,6.207747222118485,-100.26771206261809,-3.359408056769069
30,79.82952459671117,-11.045319445721177,25,-90.0,-180.0,1,0,2100,15.9890279780504,259.82952459671117,-99.97152498865704,-2.940711747538796
31,171.5996147181508,88.19322770474537,25,-90.0,-180.0,1,0,2100,16.80302240111034,351.5996147181508,-100.39497648333199,-4.733381981219365
0,48.39373083793555,-7.0624988369443,25,0.0,0.0,2,120,2100,15.50744647962776,339.4079668335982,-99.70479469005885,-2.6744060030119443
1,26.971578445736384,72.18072134674316,25,0.0,0.0,2,120,2100,15.926556430779886,248.29453641901517,-99.93673084662888,-3.253032950064749
2,-1.232998873666503,-59.20363505505041,25,0.0,0.0,2,120,2100,15.701270481156214,60.73481181346119,-99.81318802050154,-2.968671746891779
3,-75.28187612255232,-85.00690495219368,25,0.0,0.0,2,120,2100,16.10578508760076,64.83004694093,-100.03434494406744,-3.8025037578538927
4,-173.38537491508112,-48.361891766830006,25,0.0,0.0,2,120,2100,16.497638088491488,65.8471731690791,-100.24270178353447,-3.318915086730221
5,-21.879797109384555,-35.24130187425217,25,0.0,0.0,2,120,2100,15.326891486792412,87.81041101145757,-99.60365009790291,-2.626211332148867
6,-78.06254174502881,31.900880462816062,25,0.0,0.0,2,120,2100,16.00075776090833,182.4655600446343,-99.97682645065176,-2.9890553637691193
7,178.46450095465235,37.138277829568125,25,0.0,0.0,2,120,2100,16.58184097278768,242.02638886809194,-100.28699316625035,-3.317218322401023
8,153.29442673006457,-16.055049664323633,25,0.0,0.0,2,120,2100,16.62508541605472,2.6342270920214332,-100.30618589468574,-3.282712202969092
9,70.0773069980576,-40.466551491012545,25,0.0,0.0,2,120,2100,15.93730989378811,12.219815139458433,-99.94286533629386,-2.984963146876935
10,-84.56797679270458,-65.21290236259888,25,0.0,0.0,2,120,2100,16.09436599060796,84.68908478731731,-100.02802984816981,-3.244464399680545
11,148.51251596457075,81.01837920612337,25,0.0,0.0,2,120,2100,16.201548703214357,244.71931706896356,-100.08566262349542,-3.6354483715785664
12,96.3205677954083,3.0575694535862965,25,0.0,0.0,2,120,2100,16.18774201174745,326.92376725221305,-100.07872918083515,-3.046850265342538
13,48.161789421558154,-51.340372850851686,25,0.0,0.0,2,120,2100,15.800283406010216,29.204161753450308,-99.86785762916264,-2.965474166634902
14,17.330221288698624,-71.49273689711049,25,0.0,0.0,2,120,2100,15.901824475200232,54.305817815870114,-99.9235935288583,-3.2275320520318695
15,-149.15004372758233,13.649703816900939,25,0.0,0.0,2,120,2100,16.607448706405314,175.34094106213058,-100.29971978340713,-3.2745245526603806
16,158.23425766228735,-61.62410049770405,25,0.0,0.0,2,120,2100,16.375393313507036,48.67375542336515,-100.17834525244581,-3.352941070362032
17,4.879105439521965,27.86018668808451,25,0.0,0.0,2,120,2100,14.961263804633624,249.14102466930228,-99.39349995078682,-2.3941377701739897
18,94.0560759346804,-42.281613133146124,25,0.0,0.0,2,120,2100,16.152750635799606,12.353142702613127,-100.05934972392194,-3.110021049211271
19,-134.8971625515719,34.85439918256441,25,0.0,0.0,2,120,2100,16.45162508439025,194.51271753283203,-100.2181735184294,-3.239209045982295
20,-8.897114475958261,41.96345491703238,25,0.0,0.0,2,120,2100,15.374926544125197,230.24125795939773,-99.63062879163914,-2.678712446811548
21,-0.44682930012018574,45.24915938178353,25,0.0,0.0,2,120,2100,15.432376301910821,239.55705342213957,-99.66286853472876,-2.7261150558902516
22,164.9649219805903,-69.81104506859938,25,0.0,0.0,2,120,2100,16.315798740582288,54.551175887833665,-100.14681058792547,-3.420068865521534
23,4.898706707086319,80.1812952728209,25,0.0,0.0,2,120,2100,16.004895823444805,240.8467064403182,-99.97936718239923,-3.49519373870107
24,17.188619693094466,-57.53076557513535,25,0.0,0.0,2,120,2100,15.70014339502155,49.35029741253015,-99.81255334775177,-2.9540532522548455
25,-51.82138066835475,-87.1533851823278,25,0.0,0.0,2,120,2100,16.100224650561273,62.23839212035793,-100.03135932917061,-4.031205827068842
26,-99.71697849795905,7.73354000694053,25,0.0,0.0,2,120,2100,16.221594704149265,157.8447125307859,-100.0958520802144,-3.066471467283211
27,3.1563707157914678,-20.26142673332083,25,0.0,0.0,2,120,2100,14.640364026574064,51.51640468834171,-99.20361950518304,-2.1886103278580666
28,-27.14793405950138,48.77010030842314,25,0.0,0.0,2,120,2100,15.610858083116819,218.2049101475883,-99.76280908533369,-2.8449427724207874
29,-173.79225277788152,48.22928228766912,25,0.0,0.0,2,120,2100,16.498942780685073,234.48329265486308,-100.24351859307818,-3.324006593928347
30,79.82952459671117,-11.045319445721177,25,0.0,0.0,2,120,2100,16.0024289392113,341.21721074969497,-99.97844884562303,-2.951149226790397
31,171.5996147181508,88.19322770474537,25,0.0,0.0,2,120,2100,16.139628772565427,240.26403644470957,-100.05229230579688,-4.269116269816944
0,48.39373083793555,-7.0624988369443,25,90.0,180.0,3,240,2100,16.19550902176171,71.60626916206445,-100.0837679260284,-3.245128769385091
1,26.971578445736384,72.18072134674316,25,90.0,180.0,3,240,2100,14.50043528602105,93.02842155426362,-99.12198603348183,-1.9924324492238275
2,-1.232998873666503,-59.20363505505041,25,90.0,180.0,3,240,2100,16.625465951604923,121.23299887366653,-100.3095746281128,-3.6956219535869765
3,-75.28187612255232,-85.00690495219368,25,90.0,180.0,3,240,2100,16.784979321629987,195.28187612255238,-100.39176621321508,-4.30057193442998
4,-173.38537491508112,-48.361891766830006,25,90.0,180.0,3,240,2100,16.550026561972693,293.3853749150811,-100.27254315321396,-3.3625839819811354
5,-21.879797109384555,-35.24130187425217,25,90.0,180.0,3,240,2100,16.450396203451522,141.87979710938458,-100.21800984177581,-3.542739897191022
6,-78.06254174502881,31.900880462816062,25,90.0,180.0,3,240,2100,15.68230450438092,198.0625417450288,-99.80092442815551,-2.7220069598465613
7,178.46450095465235,37.138277829568125,25,90.0,180.0,3,240,2100,15.587833498709536,301.53549904534765,-99.74970449158236,-2.50494797167236
8,153.29442673006457,-16.055049664323633,25,90.0,180.0,3,240,2100,16.284112220747293,326.7055732699354,-100.1316273295547,-3.0236951727635364
9,70.0773069980576,-40.466551491012545,25,90.0,180.0,3,240,2100,16.49127079263501,49.92269300194238,-100.23943657177756,-3.423367476245201
10,-84.56797679270458,-65.21290236259888,25,90.0,180.0,3,240,2100,16.664951636234616,204.5679767927046,-100.3301899298331,-3.6827520474911872
11,148.51251596457075,81.01837920612337,25,90.0,180.0,3,240,2100,13.815335195784215,331.48748403542925,-98.70351252903009,-1.4844811566099096
12,96.3205677954083,3.0575694535862965,25,90.0,180.0,3,240,2100,16.085400125373596,23.679432204591706,-100.02355307885333,-2.96405516443331
13,48.161789421558154,-51.340372850851686,25,90.0,180.0,3,240,2100,16.571324877072314,71.83821057844182,-100.28161802768948,-3.574171624750138
14,17.330221288698624,-71.49273689711049,25,90.0,180.0,3,240,2100,16.704614064788778,102.66977871130138,-100.35040336182968,-3.8434992612768197
15,-149.15004372758233,13.649703816900939,25,90.0,180.0,3,240,2100,15.955485868880425,269.15004372758233,-99.95272661558064,-2.7541616487878122
16,158.23425766228735,-61.62410049770405,25,90.0,180.0,3,240,2100,16.641558334363637,321.76574233771265,-100.3192123252371,-3.5573863505707157
17,4.879105439521965,27.86018668808451,25,90.0,180.0,3,240,2100,15.7495408844952,115.120894560478,-99.83980224839217,-3.0782055491536884
18,94.0560759346804,-42.281613133146124,25,90.0,180.0,3,240,2100,16.505086991071373,25.943924065319607,-100.24456912476691,-3.382953313460442
19,-134.8971625515719,34.85439918256441,25,90.0,180.0,3,240,2100,15.63013097811271,254.8971625515719,-99.77199493393675,-2.5642188411426314
20,-8.897114475958261,41.96345491703238,25,90.0,180.0,3,240,2100,15.492116104411005,128.8971144759583,-99.69592981176552,-2.7788507863883045
21,-0.44682930012018574,45.24915938178353,25,90.0,180.0,3,240,2100,15.42126427033189,120.44682930012021,-99.65619596801022,-2.715876390274134
22,164.9649219805903,-69.81104506859938,25,90.0,180.0,3,240,2100,16.694146045516007,315.0350780194097,-100.34667991581803,-3.707916938183087
23,4.898706707086319,80.1812952728209,25,90.0,180.0,3,240,2100,13.904443967348886,115.10129329291368,-98.7609973275463,-1.5974184601114392
24,17.188619693094466,-57.53076557513535,25,90.0,180.0,3,240,2100,16.61419063537547,102.8113803069055,-100.3038828405972,-3.6745352516681025
25,-51.82138066835475,-87.1533851823278,25,90.0,180.0,3,240,2100,16.79716983125186,171.82138066835478,-100.39768251468347,-4.534208860843556
26,-99.71697849795905,7.73354000694053,25,90.0,180.0,3,240,2100,16.03011744060107,219.71697849795908,-99.99247276147034,-2.9111451451711163
27,3.1563707157914678,-20.26142673332083,25,90.0,180.0,3,240,2100,16.32300807455244,116.84362928420853,-100.15103907245957,-3.6220386969601726
28,-27.14793405950138,48.77010030842314,25,90.0,180.0,3,240,2100,15.339317771982346,147.14793405950138,-99.60941197606603,-2.6096799242422515
29,-173.79225277788152,48.22928228766912,25,90.0,180.0,3,240,2100,15.352349616189315,293.79225277788146,-99.61635448057892,-2.37107898733837
30,79.82952459671117,-11.045319445721177,25,90.0,180.0,3,240,2100,16.235723052772933,40.17047540328883,-100.10473947705736,-3.1400754863328477
31,171.5996147181508,88.19322770474537,25,90.0,180.0,3,240,2100,12.211700803317708,308.4003852818492,-97.62606917253837,-0.41613667996018394
0,45.85715926856517,-5.399764687908899,26,-90.0,-180.0,1,0,2100,16.058090994543885,225.85715926856514,-100.00885076866601,-3.1500342754187076
1,26.36825186282789,74.98640717719613,26,-90.0,-180.0,1,0,2100,16.726016984495608,206.3682518628279,-100.36178098692672,-3.9105661980168986
2,-1.6854473634611224,-59.250075512897595,26,-90.0,-180.0,1,0,2100,15.046041670967568,178.3145526365389,-99.44236887924214,-2.3980614333467907
3,-73.69518609857047,-86.31014546260207,26,-90.0,-180.0,1,0,2100,12.92574331136657,106.30481390142961,-98.13392156253906,-0.9323233327549367
4,-173.73640314360756,-48.74220219676028,26,-90.0,-180.0,1,0,2100,15.339994190587726,6.263596856392439,-99.61497814221752,-2.3676715316692283
5,-17.990941470504538,-34.21021652388603,26,-90.0,-180.0,1,0,2100,15.641744762101423,162.0090585294954,-99.77953266607206,-2.911869060830077
6,-78.29247220467101,32.280293542132895,26,-90.0,-180.0,1,0,2100,16.42646981134196,101.70752779532899,-100.2062819840895,-3.3296943101075662
7,177.3258914645561,37.435934367729985,26,-90.0,-180.0,1,0,2100,16.467767673544675,357.32589146455604,-100.22476992022041,-3.227298159860095
8,151.11619467122586,-16.445880773078258,26,-90.0,-180.0,1,0,2100,15.918175413698854,331.11619467122586,-99.93515150659523,-2.7299761199628754
9,71.57983936473323,-42.350637731176214,26,-90.0,-180.0,1,0,2100,15.484023275167216,251.5798393647332,-99.69112264195668,-2.603606138891524
10,-84.29986636823858,-64.1118158295903,26,-90.0,-180.0,1,0,2100,14.873940842258282,95.70013363176145,-99.34190647716909,-2.1782000294428214
11,147.54399729858312,82.09226188444629,26,-90.0,-180.0,1,0,2100,16.768184631788493,327.5439972985831,-100.38121024350684,-4.100469157613484
12,98.69077677374986,3.2167477093198045,26,-90.0,-180.0,1,0,2100,16.15508133865362,278.69077677374986,-100.06188855001177,-3.0152883203128407
13,42.66318166273342,-52.384777227622905,26,-90.0,-180.0,1,0,2100,15.247562908532169,222.6631816627334,-99.55715325697405,-2.504993320629862
14,17.31869547624538,-71.50554212067962,26,-90.0,-180.0,1,0,2100,14.53762543912087,197.31869547624535,-99.14522904993817,-2.023731841329179
15,-145.92339823299554,13.824800677633618,26,-90.0,-180.0,1,0,2100,16.262858796530686,34.07660176700449,-100.12083131046317,-3.014272800043588
16,158.141086514162,-61.69608757005071,26,-90.0,-180.0,1,0,2100,14.963154201170296,338.141086514162,-99.39921359042593,-2.161404047086421
17,9.742505060691911,27.28126833201607,26,-90.0,-180.0,1,0,2100,16.384728969523454,189.74250506069188,-100.18389429181184,-3.5745817165360694
18,95.74006690861376,-41.86596070501987,26,-90.0,-180.0,1,0,2100,15.494143631389825,275.7400669086137,-99.69722155685945,-2.553764716408742
19,-137.53714655700065,34.02661426455454,26,-90.0,-180.0,1,0,2100,16.4406500864551,42.46285344299935,-100.2145269998415,-3.2265525749370125
20,-9.610057512187893,42.21244195490581,26,-90.0,-180.0,1,0,2100,16.504563945855136,170.38994248781205,-100.24694080691357,-3.593132715161435
21,-0.9519336323278651,43.98237197734511,26,-90.0,-180.0,1,0,2100,16.517862146221546,179.04806636767216,-100.25391837904809,-3.6048061027528506
22,165.04900899149305,-69.42659459376823,26,-90.0,-180.0,1,0,2100,14.644153518966158,345.04900899149305,-99.2137821524491,-1.9781723909656432
23,5.439681656776855,81.80246588147057,26,-90.0,-180.0,1,0,2100,16.766499255229714,185.43968165677686,-100.38240130203444,-4.125055493890098
24,17.084976842556557,-57.52149940054689,26,-90.0,-180.0,1,0,2100,15.100732467291815,197.08497684255653,-99.47357058758222,-2.4327712919888564
25,-51.86446640178008,-87.16693812512847,26,-90.0,-180.0,1,0,2100,12.661515072495645,128.13553359821998,-97.95742992445533,-0.7570405432542237
26,-98.40052878329784,7.562111615434105,26,-90.0,-180.0,1,0,2100,16.200643149749524,81.59947121670217,-100.08647997500292,-3.055854193833443
27,3.732399418016172,-20.720669876868087,26,-90.0,-180.0,1,0,2100,15.858300565035115,183.73239941801614,-99.89952495178977,-3.2486793832627043
28,-27.164934165930788,48.77893827566382,26,-90.0,-180.0,1,0,2100,16.553036200043934,152.83506583406916,-100.27226177812264,-3.5971435938568823
29,-174.2020594059647,48.42286612905747,26,-90.0,-180.0,1,0,2100,16.550467152413578,5.79794059403531,-100.26835699062266,-3.361747953136085
30,78.80407178954363,-10.26097558710714,26,-90.0,-180.0,1,0,2100,15.998913060219262,258.8040717895436,-99.97689984609084,-2.951687811965617
31,171.44066792693366,87.49891771596734,26,-90.0,-180.0,1,0,2100,16.799118402416585,351.44066792693366,-100.39308149274835,-4.583056579960491
0,45.85715926856517,-5.399764687908899,26,0.0,0.0,2,120,2100,15.451040931326391,337.503853277624,-99.67305901182193,-2.641834990990418
1,26.36825186282789,74.98640717719613,26,0.0,0.0,2,120,2100,15.958483097059526,246.7930393717461,-99.95414557302813,-3.3256797083754797
2,-1.6854473634611224,-59.250075512897595,26,0.0,0.0,2,120,2100,15.702169897865577,61.00248588065739,-99.81368596310908,-2.9695752194107827
3,-73.69518609857047,-86.31014546260207,26,0.0,0.0,2,120,2100,16.10839408302747,63.54184053492193,-100.03575816232859,-3.926932920949402
4,-173.73640314360756,-48.74220219676028,26,0.0,0.0,2,120,2100,16.495033998852016,65.4669461955032,-100.24134009417021,-3.3196698566130682
5,-17.990941470504538,-34.21021652388603,26,0.0,0.0,2,120,2100,15.261317032180536,84.43273362137757,-99.56635644142163,-2.5854781657388886
6,-78.29247220467101,32.280293542132895,26,0.0,0.0,2,120,2100,16.00370184353304,182.82660022439632,-99.97842537701653,-2.991778548547248
7,177.3258914645561,37.435934367729985,26,0.0,0.0,2,120,2100,16.57937408684315,243.48746499498264,-100.28572484112502,-3.3169476201564763
8,151.11619467122586,-16.445880773078258,26,0.0,0.0,2,120,2100,16.611380037195744,1.4294224849861052,-100.29909531439932,-3.2762335146675623
9,71.57983936473323,-42.350637731176214,26,0.0,0.0,2,120,2100,15.957385099629644,13.853873602971248,-99.95381344122741,-3.0040527450568693
10,-84.29986636823858,-64.1118158295903,26,0.0,0.0,2,120,2100,16.09195904129716,85.77679558480324,-100.02672478957341,-3.2306825884709833
11,147.54399729858312,82.09226188444629,26,0.0,0.0,2,120,2100,16.19142029528882,244.2629704239635,-100.08021382529,-3.6765067686861324
12,98.69077677374986,3.2167477093198045,26,0.0,0.0,2,120,2100,16.21200559715718,326.74596915036125,-100.09173895183125,-3.059970318348727
13,42.66318166273342,-52.384777227622905,26,0.0,0.0,2,120,2100,15.768539461538895,32.427501111924585,-99.85036331357612,-2.9546109079563414
14,17.31869547624538,-71.50554212067962,26,0.0,0.0,2,120,2100,15.901976772677461,54.313661763046866,-99.92367209767139,-3.227828419753865
15,-145.92339823299554,13.824800677633618,26,0.0,0.0,2,120,2100,16.58678277636143,173.71094995483645,-100.28895075414495,-3.263998807466493
16,158.141086514162,-61.69608757005071,26,0.0,0.0,2,120,2100,16.37467150281767,48.66209883976876,-100.17796210193531,-3.353277211932304
17,9.742505060691911,27.28126833201607,26,0.0,0.0,2,120,2100,14.982002410326135,258.16580282908285,-99.40533425070939,-2.4044843835908845
18,95.74006690861376,-41.86596070501987,26,0.0,0.0,2,120,2100,16.16633267671908,12.00914403044328,-100.06661989006682,-3.1155278950296923
19,-137.53714655700065,34.02661426455454,26,0.0,0.0,2,120,2100,16.469766725013322,195.0030763665788,-100.22773952651477,-3.246036386911906
20,-9.610057512187893,42.21244195490581,26,0.0,0.0,2,120,2100,15.38347742086992,229.572481572289,-99.63546026345612,-2.6846443884679156
21,-0.9519336323278651,43.98237197734511,26,0.0,0.0,2,120,2100,15.404129225577547,239.0137795235138,-99.64697110475862,-2.704110273511466
22,165.04900899149305,-69.42659459376823,26,0.0,0.0,2,120,2100,16.31924311802137,54.46892617823664,-100.14864215960688,-3.416102188556598
23,5.439681656776855,81.80246588147057,26,0.0,0.0,2,120,2100,16.02491561570671,240.78240579147644,-99.99024437132616,-3.5711759443211317
24,17.084976842556557,-57.52149940054689,26,0.0,0.0,2,120,2100,15.699673152677633,49.40748311118284,-99.81229417270605,-2.953716233811755
25,-51.86446640178008,-87.16693812512847,26,0.0,0.0,2,120,2100,16.100338493910794,62.22904362136629,-100.03141851087396,-4.033348680843905
26,-98.40052878329784,7.562111615434105,26,0.0,0.0,2,120,2100,16.20845204580978,157.64316115123393,-100.08881149826357,-3.0593388519617957
27,3.732399418016172,-20.720669876868087,26,0.0,0.0,2,120,2100,14.66655990738131,50.23586828240275,-99.21920265990089,-2.2049874411628156
28,-27.164934165930788,48.77893827566382,26,0.0,0.0,2,120,2100,15.611109731455203,218.19963151014224,-99.7629478562243,-2.84513286740331
29,-174.2020594059647,48.42286612905747,26,0.0,0.0,2,120,2100,16.49777296892755,234.87893821922313,-100.24290840930911,-3.3245137913521825
30,78.80407178954363,-10.26097558710714,26,0.0,0.0,2,120,2100,15.989416862236475,340.4556913448384,-99.97137765244634,-2.943364322026414
31,171.44066792693366,87.49891771596734,26,0.0,0.0,2,120,2100,16.147072902093775,240.37247619463983,-100.05630849863144,-4.122647226121266
0,45.85715926856517,-5.399764687908899,26,90.0,180.0,3,240,2100,16.17823004631586,74.14284073143483,-100.07448904115742,-3.2470995992271434
1,26.36825186282789,74.98640717719613,26,90.0,180.0,3,240,2100,14.329110417571066,93.63174813717211,-99.01914941650112,-1.876289492891448
2,-1.6854473634611224,-59.250075512897595,26,90.0,180.0,3,240,2100,16.625777158695215,121.6854473634611,-100.30972942997066,-3.695989072465382
3,-73.69518609857047,-86.31014546260207,26,90.0,180.0,3,240,2100,16.792398525566966,193.6951860985705,-100.39553271669712,-4.424293754353167
4,-173.73640314360756,-48.74220219676028,26,90.0,180.0,3,240,2100,16.552771455695613,293.7364031436075,-100.27398045258299,-3.36742496546182
5,-17.990941470504538,-34.21021652388603,26,90.0,180.0,3,240,2100,16.44212933736996,137.99094147050454,-100.21371434651459,-3.552397737930719
6,-78.29247220467101,32.280293542132895,26,90.0,180.0,3,240,2100,15.675752644189783,198.29247220467096,-99.79728094601747,-2.7167435628846484
7,177.3258914645561,37.435934367729985,26,90.0,180.0,3,240,2100,15.582186734581692,302.6741085354439,-99.7465838501563,-2.501766394583234
8,151.11619467122586,-16.445880773078258,26,90.0,180.0,3,240,2100,16.28779061891325,328.88380532877414,-100.13347982595972,-3.0304899098701696
9,71.57983936473323,-42.350637731176214,26,90.0,180.0,3,240,2100,16.505608655340815,48.42016063526677,-100.24680452510512,-3.43664313829316
10,-84.29986636823858,-64.1118158295903,26,90.0,180.0,3,240,2100,16.6578323143377,204.2998663682386,-100.32650544058039,-3.6659941499504893
11,147.54399729858312,82.09226188444629,26,90.0,180.0,3,240,2100,13.687996764651496,332.4560027014169,-98.6234912454715,-1.405709175986086
12,98.69077677374986,3.2167477093198045,26,90.0,180.0,3,240,2100,16.08356760088767,21.30922322625014,-100.02238232572962,-2.9559162797996867
13,42.66318166273342,-52.384777227622905,26,90.0,180.0,3,240,2100,16.578686995147763,77.33681833726655,-100.28549525038112,-3.594531200255995
14,17.31869547624538,-71.50554212067962,26,90.0,180.0,3,240,2100,16.704693354516902,102.68130452375459,-100.35044744447794,-3.843734279894993
15,-145.92339823299554,13.824800677633618,26,90.0,180.0,3,240,2100,15.953189899718739,265.92339823299557,-99.9513692800852,-2.7576144205923043
16,158.141086514162,-61.69608757005071,26,90.0,180.0,3,240,2100,16.642032994951794,321.858913485838,-100.3194552923915,-3.5586196804424692
17,9.742505060691911,27.28126833201607,26,90.0,180.0,3,240,2100,15.758814137221954,110.25749493930806,-99.84505628495872,-3.0781858513339544
18,95.74006690861376,-41.86596070501987,26,90.0,180.0,3,240,2100,16.501939865872526,24.259933091386245,-100.24272380460695,-3.375050461870999
19,-137.53714655700065,34.02661426455454,26,90.0,180.0,3,240,2100,15.645030323816899,257.5371465570007,-99.78036858675148,-2.569563153701342
20,-9.610057512187893,42.21244195490581,26,90.0,180.0,3,240,2100,15.48691934193864,129.6100575121879,-99.6929865261104,-2.772860389927512
21,-0.9519336323278651,43.98237197734511,26,90.0,180.0,3,240,2100,15.449178576460538,120.95193363232784,-99.67192937272958,-2.7424003583343444
22,165.04900899149305,-69.42659459376823,26,90.0,180.0,3,240,2100,16.691737490939204,314.95099100850695,-100.34545277791166,-3.6996669074670447
23,5.439681656776855,81.80246588147057,26,90.0,180.0,3,240,2100,13.72398832791956,114.56031834322312,-98.6483323303581,-1.4767569381700487
24,17.084976842556557,-57.52149940054689,26,90.0,180.0,3,240,2100,16.61412782498472,102.91502315744344,-100.30385003490547,-3.674539060694961
25,-51.86446640178008,-87.16693812512847,26,90.0,180.0,3,240,2100,16.797246332322946,171.86446640178013,-100.39772762250959,-4.536266315467893
26,-98.40052878329784,7.562111615434105,26,90.0,180.0,3,240,2100,16.03219909098127,218.40052878329783,-99.99360558301298,-2.916282116827566
27,3.732399418016172,-20.720669876868087,26,90.0,180.0,3,240,2100,16.3271644634581,116.2676005819838,-100.15325448182938,-3.6175181541583927
28,-27.164934165930788,48.77893827566382,26,90.0,180.0,3,240,2100,15.33910339084726,147.1649341659308,-99.60928792954415,-2.609466711385429
29,-174.2020594059647,48.42286612905747,26,90.0,180.0,3,240,2100,15.347704405927077,294.20205940596475,-99.61372079863952,-2.368429726679068
30,78.80407178954363,-10.26097558710714,26,90.0,180.0,3,240,2100,16.22793047224244,41.19592821045637,-100.10065209290306,-3.1368357637240853
31,171.44066792693366,87.49891771596734,26,90.0,180.0,3,240,2100,12.536880983812402,308.55933207306634,-97.85931341189801,-0.6482047821307539
0,43.43553484589336,-3.6371984043548053,27,-90.0,-180.0,1,0,2100,16.078710990316548,223.43553484589333,-100.02003180772391,-3.182789618288419
1,26.365647370685025,75.27395204409217,27,-90.0,-180.0,1,0,2100,16.72775830715746,206.36564737068502,-100.36267290863516,-3.917119014841053
2,-2.6181880453546853,-59.997107771846416,27,-90.0,-180.0,1,0,2100,15.021447924316238,177.3818119546453,-99.42821979917599,-2.3789375591894695
3,-71.03740879880206,-87.71425554392967,27,-90.0,-180.0,1,0,2100,12.44684954300532,108.962591201198,-97.80432035700524,-0.5998759448471396
4,-175.22221732808222,-49.444323415959616,27,-90.0,-180.0,1,0,2100,15.32282982229345,4.777782671917748,-99.60537008713673,-2.357899169259807
5,-17.357332018357397,-34.301002713546616,27,-90.0,-180.0,1,0,2100,15.64011614629854,162.6426679816426,-99.77863342603165,-2.912237137738771
6,-75.3609494744315,31.764232344068688,27,-90.0,-180.0,1,0,2100,16.4222405672939,104.6390505255685,-100.20400781243085,-3.3334167095903333
7,176.61737394619666,37.793909649241044,27,-90.0,-180.0,1,0,2100,16.47057279606022,356.61737394619666,-100.22631363086964,-3.231558636744581
8,151.08831493408053,-16.87346774062283,27,-90.0,-180.0,1,0,2100,15.912345222436166,331.08831493408053,-99.93197946708341,-2.7260630355973126
9,69.8596957525478,-42.725385552499,27,-90.0,-180.0,1,0,2100,15.476127489291464,249.8596957525478,-99.68665297070801,-2.602637232907299
10,-80.05757010761148,-63.01969359203551,27,-90.0,-180.0,1,0,2100,14.915261380809453,99.94242989238853,-99.36594445330525,-2.21054880927187
11,149.98611169985503,83.32161448105052,27,-90.0,-180.0,1,0,2100,16.775302803972927,329.98611169985503,-100.3845391697602,-4.168812137710269
12,100.7012767515842,4.154673271020997,27,-90.0,-180.0,1,0,2100,16.165092826007022,280.7012767515842,-100.06731372097785,-3.018415669823835
13,36.77881493770391,-51.73771166093678,27,-90.0,-180.0,1,0,2100,15.26461884750895,216.77881493770388,-99.56697537326487,-2.53034105403676
14,16.81776109276194,-70.64540554380378,27,-90.0,-180.0,1,0,2100,14.583084135310804,196.8177610927619,-99.17215593761819,-2.0554295614832343
15,-145.18879789586487,13.746407620502382,27,-90.0,-180.0,1,0,2100,16.262103460039505,34.811202104135134,-100.12042697262201,-3.014729411940879
16,158.26975549098688,-61.34023908041773,27,-90.0,-180.0,1,0,2100,14.975648234138367,338.2697554909869,-99.40649075677533,-2.1684686796897026
17,12.24502368710219,27.610201706492205,27,-90.0,-180.0,1,0,2100,16.38752969757269,192.24502368710216,-100.18538814632454,-3.565431802937627
18,98.53603464563139,-41.38823772537826,27,-90.0,-180.0,1,0,2100,15.504019548814869,278.5360346456314,-99.70287359611649,-2.5544572417256988
19,-138.0375866165324,34.012943678809194,27,-90.0,-180.0,1,0,2100,16.44053985738614,41.962413383467606,-100.21446296443679,-3.225708631046329
20,-9.397452435406592,41.83919949981356,27,-90.0,-180.0,1,0,2100,16.50173690280988,170.60254756459335,-100.2454588446903,-3.5921291738978685
21,-1.2268313158945148,43.26836404676024,27,-90.0,-180.0,1,0,2100,16.512518777727642,178.77316868410549,-100.25112414842404,-3.6022839235807758
22,163.32748953985714,-70.1389531596193,27,-90.0,-180.0,1,0,2100,14.60891466081107,343.32748953985714,-99.19243229112347,-1.957880931859424
23,5.165309876986697,82.16212626372456,27,-90.0,-180.0,1,0,2100,16.76859051987008,185.1653098769867,-100.38347115068882,-4.141420907786623
24,14.94966629127336,-58.57152430984363,27,-90.0,-180.0,1,0,2100,15.067868477184813,194.94966629127333,-99.45472222360195,-2.4090861846283653
25,-51.769187992318706,-86.28323027106079,27,-90.0,-180.0,1,0,2100,12.933011195833483,128.23081200768138,-98.14186744147192,-0.9444604697549353
26,-97.1491135310367,6.178223973006013,27,-90.0,-180.0,1,0,2100,16.186356903707217,82.85088646896327,-100.07875821998654,-3.046868382949348
27,1.363086264955541,-19.901292901174486,27,-90.0,-180.0,1,0,2100,15.870058318637186,181.3630862649555,-99.90598703891638,-3.274494530444794
28,-24.555252351824578,48.587361548836014,27,-90.0,-180.0,1,0,2100,16.551654801186146,155.4447476481754,-100.27153955023668,-3.6006534864210824
29,-173.9517141000936,48.141011041255666,27,-90.0,-180.0,1,0,2100,16.54842888790878,6.048285899906375,-100.2673676436199,-3.358231015854139
30,77.62846877072172,-9.594956745112597,27,-90.0,-180.0,1,0,2100,16.007230853277512,257.6284687707217,-99.98141159774832,-2.9620834957997917
31,170.59984533362302,87.20617063397651,27,-90.0,-180.0,1,0,2100,16.797467751533656,350.599845333623,-100.39243564995229,-4.5336749205423565
0,43.43553484589336,-3.6371984043548053,27,0.0,0.0,2,120,2100,15.39423106578004,335.28227890892384,-99.64098456935203,-2.6091169871950766
1,26.365647370685025,75.27395204409217,27,0.0,0.0,2,120,2100,15.961814638728141,246.65759597650447,-99.95596490021919,-3.3338631710735385
2,-2.6181880453546853,-59.997107771846416,27,0.0,0.0,2,120,2100,15.715025697931656,61.51091139185357,-99.82080613424718,-2.983324356428634
3,-71.03740879880206,-87.71425554392967,27,0.0,0.0,2,120,2100,16.111678515982106,62.161820319025196,-100.03753667455182,-4.136959840821778
4,-175.22221732808222,-49.444323415959616,27,0.0,0.0,2,120,2100,16.490649503026127,64.07701610188889,-100.23903966054584,-3.321317286598541
5,-17.357332018357397,-34.301002713546616,27,0.0,0.0,2,120,2100,15.256612769395845,83.62067829491795,-99.56366571466738,-2.5830764541231757
6,-75.3609494744315,31.764232344068688,27,0.0,0.0,2,120,2100,15.971615407656765,182.6166626952555,-99.96101167099148,-2.972841544361807
7,176.61737394619666,37.793909649241044,27,0.0,0.0,2,120,2100,16.57652699004251,244.3508966447883,-100.28425142078632,-3.316757855064067
8,151.08831493408053,-16.87346774062283,27,0.0,0.0,2,120,2100,16.6098781755015,2.1036583462944236,-100.29838717470746,-3.276104562255526
9,69.8596957525478,-42.725385552499,27,0.0,0.0,2,120,2100,15.942275314335017,14.530612570039807,-99.94559279651916,-2.9974833089772632
10,-80.05757010761148,-63.01969359203551,27,0.0,0.0,2,120,2100,16.068755436815813,86.63133313571231,-100.01417316659122,-3.2064462438634593
11,149.98611169985503,83.32161448105052,27,0.0,0.0,2,120,2100,16.18220315926295,243.3519765157286,-100.07524970482757,-3.734999132215572
12,100.7012767515842,4.154673271020997,27,0.0,0.0,2,120,2100,16.232029828009743,325.77205687344855,-100.10247124762238,-3.071013247956013
13,36.77881493770391,-51.73771166093678,27,0.0,0.0,2,120,2100,15.71889374050665,34.722993616894655,-99.82291524770984,-2.9229029444499197
14,16.81776109276194,-70.64540554380378,27,0.0,0.0,2,120,2100,15.8899069437123,54.1968968672536,-99.91706619512796,-3.207111226277977
15,-145.18879789586487,13.746407620502382,27,0.0,0.0,2,120,2100,16.58225690012547,173.1961876144834,-100.28658246563656,-3.2615565012668557
16,158.26975549098688,-61.34023908041773,27,0.0,0.0,2,120,2100,16.37767552806995,48.560048891288034,-100.17954776343554,-3.351381472367176
17,12.24502368710219,27.610201706492205,27,0.0,0.0,2,120,2100,15.021595926310717,262.0735492913728,-99.42819471419146,-2.428100147254226
18,98.53603464563139,-41.38823772537826,27,0.0,0.0,2,120,2100,16.188595092291745,11.70503213829619,-100.07851796337663,-3.1254809854838923
19,-138.0375866165324,34.012943678809194,27,0.0,0.0,2,120,2100,16.472583757935663,195.26416841200836,-100.22921702835023,-3.2474651951766633
20,-9.397452435406592,41.83919949981356,27,0.0,0.0,2,120,2100,15.374141971956634,229.66456099027766,-99.63019411223173,-2.6777443161093943
21,-1.2268313158945148,43.26836404676024,27,0.0,0.0,2,120,2100,15.387898175480625,238.69700144534585,-99.6378295723387,-2.6916528145727376
22,163.32748953985714,-70.1389531596193,27,0.0,0.0,2,120,2100,16.311440351197813,54.08320968587259,-100.14449739962366,-3.4230850638972834
23,5.165309876986697,82.16212626372456,27,0.0,0.0,2,120,2100,16.029238129530924,240.71003910561666,-99.99258919122805,-3.589993967762565
24,14.94966629127336,-58.57152430984363,27,0.0,0.0,2,120,2100,15.710311259897596,51.04151185399087,-99.81818581331244,-2.9682908794042002
25,-51.769187992318706,-86.28323027106079,27,0.0,0.0,2,120,2100,16.094086604624582,62.921181146196716,-100.02804209266016,-3.9143678050280277
26,-97.1491135310367,6.178223973006013,27,0.0,0.0,2,120,2100,16.195971269235457,156.22625341994683,-100.08212804728126,-3.051908027064017
27,1.363086264955541,-19.901292901174486,27,0.0,0.0,2,120,2100,14.61318444032221,56.240540926453946,-99.18749147064467,-2.1718862510324954
28,-24.555252351824578,48.587361548836014,27,0.0,0.0,2,120,2100,15.590663946060019,219.87021148414675,-99.75157170431564,-2.832651432314155
29,-173.9517141000936,48.141011041255666,27,0.0,0.0,2,120,2100,16.49972232817266,234.607034705672,-100.24392980387908,-3.3239336778650324
30,77.62846877072172,-9.594956745112597,27,0.0,0.0,2,120,2100,15.974349622314634,339.818669783676,-99.96317588466071,-2.9345989086190376
31,170.59984533362302,87.20617063397651,27,0.0,0.0,2,120,2100,16.15012938705603,240.45666463989613,-100.05795538258342,-4.075021352395918
0,43.43553484589336,-3.6371984043548053,27,90.0,180.0,3,240,2100,16.159581659604438,76.56446515410664,-100.06446075126594,-3.248407422123339
1,26.365647370685025,75.27395204409217,27,90.0,180.0,3,240,2100,14.309772345793874,93.63435262931495,-99.00746648953287,-1.8632292273493496
2,-2.6181880453546853,-59.997107771846416,27,90.0,180.0,3,240,2100,16.63076991256315,122.61818804535466,-100.3123005760602,-3.702541998406794
3,-71.03740879880206,-87.71425554392967,27,90.0,180.0,3,240,2100,16.80033084530812,191.03740879880212,-100.39953911179995,-4.630917517991666
4,-175.22221732808222,-49.444323415959616,27,90.0,180.0,3,240,2100,16.557819311001996,295.22221732808225,-100.2766295121904,-3.3762927978811974
5,-17.357332018357397,-34.301002713546616,27,90.0,180.0,3,240,2100,16.442859977921437,137.3573320183574,-100.21409981339244,-3.554600251757609
6,-75.3609494744315,31.764232344068688,27,90.0,180.0,3,240,2100,15.684653725045258,195.3609494744315,-99.80226331044935,-2.7317749391037993
7,176.61737394619666,37.793909649241044,27,90.0,180.0,3,240,2100,15.575353173825551,303.38262605380334,-99.74276916331452,-2.4979062383443416
8,151.08831493408053,-16.87346774062283,27,90.0,180.0,3,240,2100,16.291799514563508,328.91168506591947,-100.13561629663381,-3.034618223577356
9,69.8596957525478,-42.725385552499,27,90.0,180.0,3,240,2100,16.508436131330118,50.14030424745221,-100.24835869475095,-3.4444861365626878
10,-80.05757010761148,-63.01969359203551,27,90.0,180.0,3,240,2100,16.65072052838784,200.05757010761147,-100.32274303780981,-3.6550874786511294
11,149.98611169985503,83.32161448105052,27,90.0,180.0,3,240,2100,13.519031454957076,330.01388830014497,-98.51604235326877,-1.299223486915354
12,100.7012767515842,4.154673271020997,27,90.0,180.0,3,240,2100,16.072701095484515,19.298723248415797,-100.01639528698843,-2.9418604787824885
13,36.77881493770391,-51.73771166093678,27,90.0,180.0,3,240,2100,16.574132152291075,83.22118506229612,-100.28318654982543,-3.60044654793223
14,16.81776109276194,-70.64540554380378,27,90.0,180.0,3,240,2100,16.69935338218988,103.18223890723806,-100.34770201815107,-3.8293619055995953
15,-145.18879789586487,13.746407620502382,27,90.0,180.0,3,240,2100,15.954218485643059,265.1887978958649,-99.95190339775372,-2.759515951028529
16,158.26975549098688,-61.34023908041773,27,90.0,180.0,3,240,2100,16.639684440664382,321.7302445090131,-100.31824968322032,-3.552729145085833
17,12.24502368710219,27.610201706492205,27,90.0,180.0,3,240,2100,15.753555757393295,107.75497631289778,-99.84222166815745,-3.062232132857752
18,98.53603464563139,-41.38823772537826,27,90.0,180.0,3,240,2100,16.498310495672314,21.46396535436861,-100.2404694384782,-3.364154939724735
19,-138.0375866165324,34.012943678809194,27,90.0,180.0,3,240,2100,15.645274527633326,258.0375866165324,-99.78051928789787,-2.5690083661931586
20,-9.397452435406592,41.83919949981356,27,90.0,180.0,3,240,2100,15.494699449353886,129.3974524354066,-99.69736506077882,-2.780746356698625
21,-1.2268313158945148,43.26836404676024,27,90.0,180.0,3,240,2100,15.46457539724292,121.22683131589451,-99.68059622641417,-2.757257623127909
22,163.32748953985714,-70.1389531596193,27,90.0,180.0,3,240,2100,16.69619579197158,316.67251046014286,-100.34762615498894,-3.715518284513313
23,5.165309876986697,82.16212626372456,27,90.0,180.0,3,240,2100,13.679122576883056,114.83469012301327,-98.62013071242465,-1.4468192795746027
24,14.94966629127336,-58.57152430984363,27,90.0,180.0,3,240,2100,16.621220388221538,105.05033370872667,-100.30750581917792,-3.685172911723903
25,-51.769187992318706,-86.28323027106079,27,90.0,180.0,3,240,2100,16.79224585570942,171.76918799231873,-100.3951739044438,-4.422139017525842
26,-97.1491135310367,6.178223973006013,27,90.0,180.0,3,240,2100,16.048846778309976,217.14911353103668,-100.00265892875329,-2.932538199233488
27,1.363086264955541,-19.901292901174486,27,90.0,180.0,3,240,2100,16.31973654770574,118.63691373504446,-100.14927371617321,-3.6276954628236524
28,-24.555252351824578,48.587361548836014,27,90.0,180.0,3,240,2100,15.343740168046018,144.55525235182455,-99.61196261859823,-2.6185058132790093
29,-173.9517141000936,48.141011041255666,27,90.0,180.0,3,240,2100,15.354460618696535,293.95171410009357,-99.61755188832716,-2.372241963447852
30,77.62846877072172,-9.594956745112597,27,90.0,180.0,3,240,2100,16.22126545870133,42.371531229278276,-100.09715726155568,-3.135194624822578
31,170.59984533362302,87.20617063397651,27,90.0,180.0,3,240,2100,12.647570243049243,309.400154666377,-97.9366917869164,-0.7250383654812098
0,42.183765945289224,-2.177954126439033,28,-90.0,-180.0,1,0,2100,16.0954665036501,222.1837659452892,-100.0290996784264,-3.2050812675152662
1,29.056746832952058,75.65920225847992,28,-90.0,-180.0,1,0,2100,16.730086574135214,209.05674683295206,-100.3638758594522,-3.9252161201329328
2,-3.618544853690537,-60.56657107027621,28,-90.0,-180.0,1,0,2100,15.002285212320752,176.38145514630946,-99.41719015811066,-2.3640849529105976
3,-68.32437720959857,-89.65158102562134,28,-90.0,-180.0,1,0,2100,10.565830048708905,111.67562279040197,-96.34191454634393,0.8670865837837463
4,-177.6117203849116,-49.75050776164933,28,-90.0,-180.0,1,0,2100,15.315251452061373,2.388279615088379,-99.60127090644387,-2.3535971335172983
5,-18.84120033696061,-33.6574484631831,28,-90.0,-180.0,1,0,2100,15.651604049339857,161.15879966303942,-99.78501775588111,-2.919349206652892
6,-75.31337656172816,31.753207603831086,28,-90.0,-180.0,1,0,2100,16.422150021504375,104.6866234382718,-100.20395749889857,-3.3334578260830265
7,176.33296988681445,36.88474019632781,28,-90.0,-180.0,1,0,2100,16.463433027952473,356.33296988681445,-100.22269242873337,-3.221270983077358
8,151.33762535569065,-17.74667591669315,28,-90.0,-180.0,1,0,2100,15.900332298621565,331.33762535569065,-99.92545105757335,-2.717613648154215
9,66.74397358944009,-43.659074893648175,28,-90.0,-180.0,1,0,2100,15.456179516391627,246.74397358944006,-99.67539005781124,-2.5969424924337496
10,-76.15910121577014,-62.12840242169711,28,-90.0,-180.0,1,0,2100,14.947762324950515,103.84089878422986,-99.38481477228142,-2.237305028877757
11,149.80389701456517,84.49580392973797,28,-90.0,-180.0,1,0,2100,16.78205458687099,329.80389701456517,-100.3879495124567,-4.248543333460613
12,100.85392355905208,4.206968768293535,28,-90.0,-180.0,1,0,2100,16.165648092918712,280.8539235590521,-100.06761926133746,-3.018501000012117
13,34.420676934121985,-51.77912288736106,28,-90.0,-180.0,1,0,2100,15.263535962916016,214.42067693412196,-99.56639082149903,-2.534329661831816
14,16.89578854193067,-73.32579291801065,28,-90.0,-180.0,1,0,2100,14.434017418399133,196.89578854193064,-99.08367455976614,-1.9528311387488366
15,-142.568106052012,12.605357132886311,28,-90.0,-180.0,1,0,2100,16.25104407298005,37.43189394798799,-100.11454486330376,-3.0083735393047677
16,162.49323791687993,-63.67388112377781,28,-90.0,-180.0,1,0,2100,14.890715741049847,342.49323791687993,-99.35799308562342,-2.119278875846847
17,12.509725016792032,27.453143481853374,28,-90.0,-180.0,1,0,2100,16.386193391940857,192.509725016792,-100.18468604385149,-3.5644899126625553
18,98.23966794155729,-39.18592469445012,28,-90.0,-180.0,1,0,2100,15.54832740622108,278.2396679415573,-99.72779663302488,-2.5837100162515596
19,-138.78966624807327,33.96595509836281,28,-90.0,-180.0,1,0,2100,16.440160884999084,41.210333751926726,-100.21424981801826,-3.224165654309701
20,-9.793809283267166,40.0765395682248,28,-90.0,-180.0,1,0,2100,16.488276952455895,170.20619071673286,-100.23839894132117,-3.5862060727424443
21,-1.3102197022758162,43.94442045827529,28,-90.0,-180.0,1,0,2100,16.517578848560767,178.68978029772416,-100.25376835324276,-3.6046230784912496
22,160.79750859533345,-71.68850837453667,28,-90.0,-180.0,1,0,2100,14.527683151302005,340.79750859533345,-99.14333314456304,-1.9108307579869446
23,7.761037417270103,84.05670432336825,28,-90.0,-180.0,1,0,2100,16.779535024936248,187.7610374172701,-100.38904726225171,-4.245017717583665
24,16.006118840067217,-58.43525837190505,28,-90.0,-180.0,1,0,2100,15.072194851274645,196.0061188400672,-99.45718575710023,-2.4115728129781373
25,-50.637140356075776,-86.0491753996006,28,-90.0,-180.0,1,0,2100,12.994080430757036,129.36285964392425,-98.18275313258695,-0.9863351026780802
26,-99.07359784717632,4.259948955416689,28,-90.0,-180.0,1,0,2100,16.16621031555288,80.9264021528237,-100.06796642471012,-3.024599053463468
27,1.044525480392764,-19.611195198864806,28,-90.0,-180.0,1,0,2100,15.87418819571465,181.04452548039276,-99.9082493182856,-3.2825529504049857
28,-24.442362175497095,48.81457506997458,28,-90.0,-180.0,1,0,2100,16.553292955266855,155.55763782450288,-100.27239670986829,-3.602295054142916
29,-173.97453003422433,46.81454495374737,28,-90.0,-180.0,1,0,2100,16.53878022824224,6.025469965775642,-100.26244926714253,-3.341400414932419
30,77.13514298786419,-8.093400478391473,28,-90.0,-180.0,1,0,2100,16.025733517812853,257.1351429878641,-99.99148665388775,-2.9780489635132943
31,167.70059348585852,85.63189816129378,28,-90.0,-180.0,1,0,2100,16.788544208535917,347.7005934858585,-100.38857065588238,-4.340802538689139
0,42.183765945289224,-2.177954126439033,28,0.0,0.0,2,120,2100,15.363271149318102,333.241465285773,-99.62344841842348,-2.5912433566081754
1,29.056746832952058,75.65920225847992,28,0.0,0.0,2,120,2100,15.970375112856845,247.0779353476796,-99.96063209179066,-3.347363841080914
2,-3.618544853690537,-60.56657107027621,28,0.0,0.0,2,120,2100,15.724960341534866,62.039508830257574,-99.82629880854303,-2.9940181208823673
3,-68.32437720959857,-89.65158102562134,28,0.0,0.0,2,120,2100,16.11853271671451,60.32378274377129,-100.04124267363086,-5.136870062294822
4,-177.6117203849116,-49.75050776164933,28,0.0,0.0,2,120,2100,16.4892822728102,62.02036837475791,-100.23831060318297,-3.322269223473378
5,-18.84120033696061,-33.6574484631831,28,0.0,0.0,2,120,2100,15.258340481855273,85.87419878720144,-99.56468812961154,-2.582059976671547
6,-75.31337656172816,31.753207603831086,28,0.0,0.0,2,120,2100,15.971079436532003,182.61112999814588,-99.96071270135212,-2.9725097239013856
7,176.33296988681445,36.88474019632781,28,0.0,0.0,2,120,2100,16.582713292259115,244.87162643175037,-100.28748039492883,-3.316580381701944
8,151.33762535569065,-17.74667591669315,28,0.0,0.0,2,120,2100,16.60847149057779,3.712691403739882,-100.29780607160296,-3.2767521401634987
9,66.74397358944009,-43.659074893648175,28,0.0,0.0,2,120,2100,15.916107945419727,16.08599196299707,-99.93132796526227,-2.9874541184355685
10,-76.15910121577014,-62.12840242169711,28,0.0,0.0,2,120,2100,16.045943973573426,87.1797164429272,-100.00182867957076,-3.1850224800409634
11,149.80389701456517,84.49580392973797,28,0.0,0.0,2,120,2100,16.171453511455685,242.77477335727934,-100.06946112201494,-3.804003349234401
12,100.85392355905208,4.206968768293535,28,0.0,0.0,2,120,2100,16.233533574064204,325.7166822658805,-100.10327326174026,-3.07183947498531
13,34.420676934121985,-51.77912288736106,28,0.0,0.0,2,120,2100,15.702960748623605,36.00361475507805,-99.814092072039,-2.9143241309056607
14,16.89578854193067,-73.32579291801065,28,0.0,0.0,2,120,2100,15.925099198407436,55.024878399648856,-99.93630739133764,-3.273145933277691
15,-142.568106052012,12.605357132886311,28,0.0,0.0,2,120,2100,16.567489055261564,170.19926860958998,-100.27886945709072,-3.252621285230715
16,162.49323791687993,-63.67388112377781,28,0.0,0.0,2,120,2100,16.365262077758537,51.53400176407001,-100.17300869540192,-3.368060535130079
17,12.509725016792032,27.453143481853374,28,0.0,0.0,2,120,2100,15.020221593781288,262.63257690596623,-99.42738249633163,-2.4268989996254806
18,98.23966794155729,-39.18592469445012,28,0.0,0.0,2,120,2100,16.188429153666238,9.477385489497465,-100.07837460080212,-3.1162056992735323
19,-138.78966624807327,33.96595509836281,28,0.0,0.0,2,120,2100,16.476890360251712,195.63719383123248,-100.23148736093583,-3.2495838527603467
20,-9.793809283267166,40.0765395682248,28,0.0,0.0,2,120,2100,15.335164363815206,228.57046891716834,-99.60819178344829,-2.648357111971833
21,-1.3102197022758162,43.94442045827529,28,0.0,0.0,2,120,2100,15.403433283235662,238.6409646714145,-99.64658438293843,-2.7035507411870325
22,160.79750859533345,-71.68850837453667,28,0.0,0.0,2,120,2100,16.29540643688508,53.787867895594445,-100.13597523434056,-3.4403815794760795
23,7.761037417270103,84.05670432336825,28,0.0,0.0,2,120,2100,16.052295331365965,240.80543139176274,-100.00509387699724,-3.7073267564194397
24,16.006118840067217,-58.43525837190505,28,0.0,0.0,2,120,2100,15.710995226680147,50.385226679933794,-99.81856437213908,-2.9675305519653032
25,-50.637140356075776,-86.0491753996006,28,0.0,0.0,2,120,2100,16.09174082953963,63.05650748156913,-100.02677274716062,-3.8877699670843215
26,-99.07359784717632,4.259948955416689,28,0.0,0.0,2,120,2100,16.215761737209142,154.3137284815882,-100.09273993891729,-3.0616660467335466
27,1.044525480392764,-19.611195198864806,28,0.0,0.0,2,120,2100,14.597615605294537,57.0711604873959,-99.17819892284376,-2.162125823622128
28,-24.442362175497095,48.81457506997458,28,0.0,0.0,2,120,2100,15.593595379093049,220.09725898696826,-99.75320328265468,-2.8355670420862684
29,-173.97453003422433,46.81454495374737,28,0.0,0.0,2,120,2100,16.509668652916144,234.3731630310184,-100.24914391601948,-3.3219168830839148
30,77.13514298786419,-8.093400478391473,28,0.0,0.0,2,120,2100,15.967400754549113,338.29892572376184,-99.95940152051055,-2.9297114653409295
31,167.70059348585852,85.63189816129378,28,0.0,0.0,2,120,2100,16.166292077955337,240.93221888533805,-100.06666019484756,-3.8941328133455535
0,42.183765945289224,-2.177954126439033,28,90.0,180.0,3,240,2100,16.143874930453304,77.81623405471078,-100.05599585762107,-3.2447771000641583
1,29.056746832952058,75.65920225847992,28,90.0,180.0,3,240,2100,14.28326293082806,90.94325316704794,-98.99130148493165,-1.8440484662827408
2,-3.618544853690537,-60.56657107027621,28,90.0,180.0,3,240,2100,16.63455921902883,123.61854485369054,-100.31425456507402,-3.707645432265938
3,-68.32437720959857,-89.65158102562134,28,90.0,180.0,3,240,2100,16.811173204396848,188.3243772095991,-100.40502073785288,-5.606280065485766
4,-177.6117203849116,-49.75050776164933,28,90.0,180.0,3,240,2100,16.560012649950593,297.6117203849117,-100.2777725855117,-3.3799730171693683
5,-18.84120033696061,-33.6574484631831,28,90.0,180.0,3,240,2100,16.437669143362555,138.84120033696064,-100.21134003457544,-3.548204282047291
6,-75.31337656172816,31.753207603831086,28,90.0,180.0,3,240,2100,15.684843019280638,195.31337656172815,-99.80237197930322,-2.7320617277044885
7,176.33296988681445,36.88474019632781,28,90.0,180.0,3,240,2100,15.592618274974042,303.66703011318555,-99.75247247182229,-2.507829856368441
8,151.33762535569065,-17.74667591669315,28,90.0,180.0,3,240,2100,16.299936802204908,328.66237464430935,-100.13994869829824,-3.0426317458518732
9,66.74397358944009,-43.659074893648175,28,90.0,180.0,3,240,2100,16.515446248213077,53.25602641055991,-100.25213442483378,-3.460981204354536
10,-76.15910121577014,-62.12840242169711,28,90.0,180.0,3,240,2100,16.64487881635256,196.15910121577014,-100.31964905100828,-3.647595865851278
11,149.80389701456517,84.49580392973797,28,90.0,180.0,3,240,2100,13.32566619557544,330.19610298543483,-98.39113468199713,-1.1756710706869031
12,100.85392355905208,4.206968768293535,28,90.0,180.0,3,240,2100,16.072091727112106,19.146076440947922,-100.01604518874697,-2.9409576179881114
13,34.420676934121985,-51.77912288736106,28,90.0,180.0,3,240,2100,16.574424277618732,85.57932306587799,-100.28334340203904,-3.605187849239158
14,16.89578854193067,-73.32579291801065,28,90.0,180.0,3,240,2100,16.715900830849165,103.1042114580693,-100.3561679369738,-3.8773869500432863
15,-142.568106052012,12.605357132886311,28,90.0,180.0,3,240,2100,15.969071520951857,262.568106052012,-99.95997052238633,-2.774363185721576
16,162.49323791687993,-63.67388112377781,28,90.0,180.0,3,240,2100,16.65498660071215,317.50676208312007,-100.32642035081746,-3.5903305753553463
17,12.509725016792032,27.453143481853374,28,90.0,180.0,3,240,2100,15.756069964053037,107.490274983208,-99.84361898558969,-3.0643913947122536
18,98.23966794155729,-39.18592469445012,28,90.0,180.0,3,240,2100,16.481406553242117,21.760332058442714,-100.23179848408215,-3.3425705696492387
19,-138.78966624807327,33.96595509836281,28,90.0,180.0,3,240,2100,15.646113451285265,258.78966624807333,-99.7810011214952,-2.5684638988741693
20,-9.793809283267166,40.0765395682248,28,90.0,180.0,3,240,2100,15.530645061429619,129.79380928326714,-99.71752210799274,-2.81596917954704
21,-1.3102197022758162,43.94442045827529,28,90.0,180.0,3,240,2100,15.450002953384455,121.31021970227579,-99.67238455170236,-2.7431321677761207
22,160.79750859533345,-71.68850837453667,28,90.0,180.0,3,240,2100,16.70582559233472,319.2024914046665,-100.35237067815576,-3.7513350990216003
23,7.761037417270103,84.05670432336825,28,90.0,180.0,3,240,2100,13.402419158999281,112.23896258272987,-98.44326805204946,-1.2607618529669493
24,16.006118840067217,-58.43525837190505,28,90.0,180.0,3,240,2100,16.620302793424365,103.99388115993276,-100.3070332121814,-3.6832357924536936
25,-50.637140356075776,-86.0491753996006,28,90.0,180.0,3,240,2100,16.790917253002505,170.6371403560758,-100.39449011080674,-4.39718953893787
26,-99.07359784717632,4.259948955416689,28,90.0,180.0,3,240,2100,16.071474001568372,219.0735978471763,-100.01498669259966,-2.944973251968481
27,1.044525480392764,-19.611195198864806,28,90.0,180.0,3,240,2100,16.317093437512213,118.95547451960721,-100.14784461822711,-3.630262117327055
28,-24.442362175497095,48.81457506997458,28,90.0,180.0,3,240,2100,15.338238488332676,144.44236217549707,-99.60883992681643,-2.614115623994003
29,-173.97453003422433,46.81454495374737,28,90.0,180.0,3,240,2100,15.385657798112728,293.97453003422436,-99.63527106257419,-2.3898025550672717
30,77.13514298786419,-8.093400478391473,28,90.0,180.0,3,240,2100,16.206074022760163,42.864857012135815,-100.08908552362267,-3.1239926152052244
31,167.70059348585852,85.63189816129378,28,90.0,180.0,3,240,2100,13.09448444972204,312.2994065141415,-98.24015468722105,-1.0258440093066603
0,35.675252094105076,-2.2597395013180517,29,-90.0,-180.0,1,0,2100,16.09453480738664,215.67525209410505,-100.02857321592056,-3.2544592547470907
1,30.60046657929479,75.74531110952009,29,-90.0,-180.0,1,0,2100,16.730606234217298,210.6004665792948,-100.36415121169244,-3.926732972968848
2,-4.707292271750816,-61.06337320634205,29,-90.0,-180.0,1,0,2100,14.985262306522698,175.29270772824918,-99.40738267848377,-2.3508913776496634
3,-61.669179511979905,-87.75802036831679,29,-90.0,-180.0,1,0,2100,12.42751708681651,118.33082048802015,-97.79265127668431,-0.5892286478515565
4,-177.59296853258235,-49.73435364527728,29,-90.0,-180.0,1,0,2100,15.315652721021879,2.407031467417653,-99.60149594515185,-2.3538210085194917
5,-18.666072830748647,-32.82506975561515,29,-90.0,-180.0,1,0,2100,15.666269517273617,161.3339271692514,-99.79318044039849,-2.935535881346656
6,-77.48644048124714,32.183028402164,29,-90.0,-180.0,1,0,2100,16.425674067120053,102.51355951875286,-100.20585020250347,-3.331071898330303
7,177.15814290692515,36.190822018059336,29,-90.0,-180.0,1,0,2100,16.45794913324565,357.15814290692515,-100.21975640542746,-3.2132106176120514
8,151.54109672193147,-19.10462655663362,29,-90.0,-180.0,1,0,2100,15.881359143726769,331.54109672193147,-99.9151276355428,-2.7046853374370636
9,63.58496240030598,-44.19440941298612,29,-90.0,-180.0,1,0,2100,15.44456018528994,243.58496240030595,-99.66882459924561,-2.5971593343254904
10,-73.8904297095634,-61.03154782902422,29,-90.0,-180.0,1,0,2100,14.986361532055824,106.10957029043664,-99.40716861727374,-2.2658954797154154
11,148.23299595655067,84.63109120341633,29,-90.0,-180.0,1,0,2100,16.782829590317437,328.2329959565507,-100.3885116518309,-4.2592557664572155
12,101.90602944629535,4.287727953825254,29,-90.0,-180.0,1,0,2100,16.166504978382125,281.90602944629535,-100.06809037895782,-3.016536589653605
13,34.50442078237464,-51.99447614090659,29,-90.0,-180.0,1,0,2100,15.25788559052531,214.5044207823746,-99.56316892585068,-2.529770117655911
14,17.757914467176903,-74.46252971742541,29,-90.0,-180.0,1,0,2100,14.36340896265746,197.75791446717687,-99.04142034057334,-1.904456873558836
15,-136.7946412449854,11.796305777465165,29,-90.0,-180.0,1,0,2100,16.24312774296651,43.20535875501463,-100.1102718722267,-3.0108797828509863
16,163.4063693529364,-64.76066304188936,29,-90.0,-180.0,1,0,2100,14.848557964044836,343.40636935293634,-99.33360657392734,-2.0952020966640115
17,12.987567689417261,27.061690916959265,29,-90.0,-180.0,1,0,2100,16.38285498565651,192.98756768941723,-100.18291775189003,-3.562734256957877
18,96.69011914501374,-38.92223889692638,29,-90.0,-180.0,1,0,2100,15.553503215176514,276.69011914501374,-99.73065627124087,-2.5903340292600014
19,-138.89851219484672,33.97151395324897,29,-90.0,-180.0,1,0,2100,16.440205725776927,41.10148780515328,-100.21427543218014,-3.2240760629239906
20,-9.861699595207313,38.870513122392964,29,-90.0,-180.0,1,0,2100,16.478962035989753,170.13830040479274,-100.23351486952488,-3.5828774078084837
21,-3.1701926069717388,44.646886742803275,29,-90.0,-180.0,1,0,2100,16.522809604883665,176.8298073930282,-100.2564967188791,-3.6067439732006665
22,161.01287417529062,-72.69598595197169,29,-90.0,-180.0,1,0,2100,14.471092859911915,341.0128741752906,-99.10948951838297,-1.8777879776369177
23,9.669516233795491,84.36012536557624,29,-90.0,-180.0,1,0,2100,16.78127673817976,189.6695162337955,-100.38994238573038,-4.2652145601413896
24,15.322122257116376,-58.66699179866849,29,-90.0,-180.0,1,0,2100,15.064826243980395,195.32212225711638,-99.45297222747041,-2.4064520227404924
25,-51.389528173545386,-86.22755522936902,29,-90.0,-180.0,1,0,2100,12.947879493111483,128.61047182645467,-98.15185787939798,-0.9547012901324163
26,-100.75252735041846,1.6771049487865213,29,-90.0,-180.0,1,0,2100,16.13842661295616,79.24747264958154,-100.05302605000008,-2.996996367358418
27,-0.4380378942129255,-19.34646756265468,29,-90.0,-180.0,1,0,2100,15.877942074422862,179.56196210578707,-99.91030393998525,-3.290028080827882
28,-24.05585839760883,48.21057201228956,29,-90.0,-180.0,1,0,2100,16.548932311607043,155.94414160239114,-100.27011613466915,-3.5991952615129446
29,-175.3217824561875,45.8137722841484,29,-90.0,-180.0,1,0,2100,16.531438532346808,4.67821754381248,-100.25848181642507,-3.328410480821567
30,72.79684162595672,-8.039327244025444,29,-90.0,-180.0,1,0,2100,16.026393481570697,252.79684162595672,-99.99179905518358,-2.994324066698849
31,168.44141319482583,84.66547017670416,29,-90.0,-180.0,1,0,2100,16.783026437211632,348.4414131948258,-100.38568082954701,-4.256750063185297
0,35.675252094105076,-2.2597395013180517,29,0.0,0.0,2,120,2100,15.196348168016431,333.8708988259351,-99.52853321073275,-2.4964087682895584
1,30.60046657929479,75.74531110952009,29,0.0,0.0,2,120,2100,15.973830404370561,247.3689432751164,-99.96251570255605,-3.3512947767721766
2,-4.707292271750816,-61.06337320634205,29,0.0,0.0,2,120,2100,15.733813567390477,62.59778418073071,-99.83119354356015,-3.0035630503999293
3,-61.669179511979905,-87.75802036831679,29,0.0,0.0,2,120,2100,16.108073791120898,61.973667065630195,-100.03559388208306,-4.142555600209051
4,-177.59296853258235,-49.73435364527728,29,0.0,0.0,2,120,2100,16.48940104537667,62.03737239287858,-100.2383759071315,-3.322242575272286
5,-18.666072830748647,-32.82506975561515,29,0.0,0.0,2,120,2100,15.237485414203679,86.38815581339892,-99.55281199434695,-2.56759384273296
6,-77.48644048124714,32.183028402164,29,0.0,0.0,2,120,2100,15.995072085638148,182.8071813959432,-99.97374594095471,-2.986810056147087
7,177.15814290692515,36.190822018059336,29,0.0,0.0,2,120,2100,16.587972019536675,243.8766915427364,-100.29021091627672,-3.3168857450924047
8,151.54109672193147,-19.10462655663362,29,0.0,0.0,2,120,2100,16.604955323541095,6.012071264621284,-100.29619643130913,-3.277185887188519
9,63.58496240030598,-44.19440941298612,29,0.0,0.0,2,120,2100,15.888449166889787,17.350576476927415,-99.91621520304868,-2.9748146956505694
10,-73.8904297095634,-61.03154782902422,29,0.0,0.0,2,120,2100,16.030242048696145,88.0063490138547,-99.99331365690705,-3.1658408373295983
11,148.23299595655067,84.63109120341633,29,0.0,0.0,2,120,2100,16.169417770581582,242.83254163663287,-100.06836728087708,-3.8126867519937213
12,101.90602944629535,4.287727953825254,29,0.0,0.0,2,120,2100,16.243873216516924,325.61836656431564,-100.10880522044263,-3.0774376619715147
13,34.50442078237464,-51.99447614090659,29,0.0,0.0,2,120,2100,15.706264312173213,36.12281547290911,-99.81592466409461,-2.917540016041216
14,17.757914467176903,-74.46252971742541,29,0.0,0.0,2,120,2100,15.940573234160796,55.15304640188208,-99.94475813042702,-3.304337319471115
15,-136.7946412449854,11.796305777465165,29,0.0,0.0,2,120,2100,16.52928247980441,166.96445722822227,-100.25887114322778,-3.2319049032489438
16,163.4063693529364,-64.76066304188936,29,0.0,0.0,2,120,2100,16.3574009259433,52.33270123167358,-100.16885475205093,-3.3758419992911692
17,12.987567689417261,27.061690916959265,29,0.0,0.0,2,120,2100,15.01477360688859,263.7449235609137,-99.42421423445376,-2.4227814932734444
18,96.69011914501374,-38.92223889692638,29,0.0,0.0,2,120,2100,16.176136247736036,9.113724347702146,-100.07179573817487,-3.108513402522183
19,-138.89851219484672,33.97151395324897,29,0.0,0.0,2,120,2100,16.477458336814482,195.7054366533485,-100.23178837132359,-3.249900139357489
20,-9.861699595207313,38.870513122392964,29,0.0,0.0,2,120,2100,15.306760914470832,228.004110408464,-99.59212293061327,-2.6275036660845608
21,-3.1701926069717388,44.646886742803275,29,0.0,0.0,2,120,2100,15.420923338383291,236.79547178820707,-99.65645446253413,-2.7167871584771754
22,161.01287417529062,-72.69598595197169,29,0.0,0.0,2,120,2100,16.28675149823565,54.212152047607674,-100.13137181615633,-3.4537004277891192
23,9.669516233795491,84.36012536557624,29,0.0,0.0,2,120,2100,16.05620115578265,240.95028542157672,-100.00721115345347,-3.7299896241012203
24,15.322122257116376,-58.66699179866849,29,0.0,0.0,2,120,2100,15.71281171755195,50.86099618726348,-99.8195714814703,-2.970491633293131
25,-51.389528173545386,-86.22755522936902,29,0.0,0.0,2,120,2100,16.093470744462177,62.94947160224339,-100.02771047104653,-3.907836645118778
26,-100.75252735041846,1.6771049487865213,29,0.0,0.0,2,120,2100,16.232774954190702,151.7070599488576,-100.10185494160814,-3.070109430836634
27,-0.4380378942129255,-19.34646756265468,29,0.0,0.0,2,120,2100,14.58291059968408,61.24738606222152,-99.16948594758607,-2.1529900698001656
28,-24.05585839760883,48.21057201228956,29,0.0,0.0,2,120,2100,15.581302633249164,219.9820354611757,-99.74636065329783,-2.8253449484134956
29,-175.3217824561875,45.8137722841484,29,0.0,0.0,2,120,2100,16.518001037551173,235.46734981703435,-100.2535315250613,-3.321157940109398
30,72.79684162595672,-8.039327244025444,29,0.0,0.0,2,120,2100,15.910217406510085,338.4105668049254,-99.92815460151341,-2.8983851559857046
31,168.44141319482583,84.66547017670416,29,0.0,0.0,2,120,2100,16.176407401742473,241.07185310024016,-100.0721059319304,-3.8194058091922263
0,35.675252094105076,-2.2597395013180517,29,90.0,180.0,3,240,2100,16.144761792251064,84.32474790589492,-100.05636389647519,-3.295323998996837
1,30.60046657929479,75.74531110952009,29,90.0,180.0,3,240,2100,14.277240368014613,89.39953342070521,-98.98756163607415,-1.8391919109705943
2,-4.707292271750816,-61.06337320634205,29,90.0,180.0,3,240,2100,16.637853338628975,124.70729227175082,-100.31595328479904,-3.712152702866019
3,-61.669179511979905,-87.75802036831679,29,90.0,180.0,3,240,2100,16.8005770801082,181.66917951197996,-100.39951860824262,-4.638928984352432
4,-177.59296853258235,-49.73435364527728,29,90.0,180.0,3,240,2100,16.559897050735163,297.5929685325823,-100.27770902448397,-3.3797584391375617
5,-18.666072830748647,-32.82506975561515,29,90.0,180.0,3,240,2100,16.430915059404224,138.66607283074865,-100.20779086880113,-3.5467774832899113
6,-77.48644048124714,32.183028402164,29,90.0,180.0,3,240,2100,15.677436354496477,197.4864404812471,-99.79822616001051,-2.720300592816737
7,177.15814290692515,36.190822018059336,29,90.0,180.0,3,240,2100,15.60559805430822,302.84185709307485,-99.75971432827225,-2.5151965202322306
8,151.54109672193147,-19.10462655663362,29,90.0,180.0,3,240,2100,16.3124612211288,328.45890327806853,-100.1466215810322,-3.0554599706162664
9,63.58496240030598,-44.19440941298612,29,90.0,180.0,3,240,2100,16.519443472274617,56.41503759969402,-100.254339069836,-3.473901118836885
10,-73.8904297095634,-61.03154782902422,29,90.0,180.0,3,240,2100,16.63764264077657,193.89042970956342,-100.3158651195025,-3.635825287856227
11,148.23299595655067,84.63109120341633,29,90.0,180.0,3,240,2100,13.300780197729722,331.76700404344933,-98.37484153016258,-1.1596741935900852
12,101.90602944629535,4.287727953825254,29,90.0,180.0,3,240,2100,16.071149958181383,18.09397055370465,-100.01544802263966,-2.9373700529945457
13,34.50442078237464,-51.99447614090659,29,90.0,180.0,3,240,2100,16.575942059977557,85.49557921762539,-100.28412971346275,-3.606741595158946
14,17.757914467176903,-74.46252971742541,29,90.0,180.0,3,240,2100,16.722836656292387,102.24208553282307,-100.35972222863745,-3.9003968698344496
15,-136.7946412449854,11.796305777465165,29,90.0,180.0,3,240,2100,15.97947084228677,256.7946412449854,-99.96551058357767,-2.791897219250404
16,163.4063693529364,-64.76066304188936,29,90.0,180.0,3,240,2100,16.662033712476944,316.5936306470636,-100.33009663864723,-3.60923515294622
17,12.987567689417261,27.061690916959265,29,90.0,180.0,3,240,2100,15.762309008752347,107.01243231058271,-99.8470820364232,-3.070383642372763
18,96.69011914501374,-38.92223889692638,29,90.0,180.0,3,240,2100,16.479363333320396,23.30988085498626,-100.2309516871643,-3.343395562772136
19,-138.89851219484672,33.97151395324897,29,90.0,180.0,3,240,2100,15.646014241425332,258.8985121948467,-99.780948837424,-2.5682485788370144
20,-9.861699595207313,38.870513122392964,29,90.0,180.0,3,240,2100,15.554515389379006,129.8616995952073,-99.73090067915241,-2.8402327882458063
21,-3.1701926069717388,44.646886742803275,29,90.0,180.0,3,240,2100,15.434632862114285,123.17019260697174,-99.66369411892684,-2.7278947919562486
22,161.01287417529062,-72.69598595197169,29,90.0,180.0,3,240,2100,16.712037237950803,318.9871258247094,-100.35557025827755,-3.7754459704445815
23,9.669516233795491,84.36012536557624,29,90.0,180.0,3,240,2100,13.350017270409468,110.33048376620451,-98.40907939537483,-1.2250400526392993
24,15.322122257116376,-58.66699179866849,29,90.0,180.0,3,240,2100,16.621862751045757,104.6778777428836,-100.3078287502059,-3.685743856228492
25,-51.389528173545386,-86.22755522936902,29,90.0,180.0,3,240,2100,16.791929978626467,171.38952817354544,-100.39501192634086,-4.416047134385623
26,-100.75252735041846,1.6771049487865213,29,90.0,180.0,3,240,2100,16.10115330309733,220.75252735041846,-100.03113631953288,-2.9640865095389746
27,-0.4380378942129255,-19.34646756265468,29,90.0,180.0,3,240,2100,16.314675365085428,120.43803789421293,-100.14654366751435,-3.632745086331824
28,-24.05585839760883,48.21057201228956,29,90.0,180.0,3,240,2100,15.3527974438352,144.05585839760886,-99.6170833820421,-2.627057439630784
29,-175.3217824561875,45.8137722841484,29,90.0,180.0,3,240,2100,15.408567193978135,295.3217824561875,-99.64832157681654,-2.402638601207307
30,72.79684162595672,-8.039327244025444,29,90.0,180.0,3,240,2100,16.20552262849353,47.203158374043255,-100.08892662105335,-3.139387849312229
31,168.44141319482583,84.66547017670416,29,90.0,180.0,3,240,2100,13.294356274535115,311.5585868051742,-98.37176702174054,-1.156026000355229
0,31.851890189556826,-2.5835815659805235,30,-90.0,-180.0,1,0,2100,16.090837062003278,211.85189018955683,-100.02656845035743,-3.2857903983008656
1,27.974512425499967,75.37544711909635,30,-90.0,-180.0,1,0,2100,16.728372220704156,207.97451242549997,-100.36299948919918,-3.918929235792323
2,-5.444878713059239,-61.56829931091971,30,-90.0,-180.0,1,0,2100,14.967658900343617,174.5551212869408,-99.39722391892248,-2.3373685459673386
3,-57.5748817244863,-86.63696184361672,30,-90.0,-180.0,1,0,2100,12.833001290068584,122.42511827551374,-98.07386458604573,-0.8743534599034913
4,-176.2782610799736,-49.31971114898722,30,-90.0,-180.0,1,0,2100,15.325897732829963,3.7217389200263824,-99.6072024145029,-2.359585600032812
5,-16.469858512135033,-32.41514601201063,30,-90.0,-180.0,1,0,2100,15.673413577810656,163.53014148786497,-99.79716710173734,-2.951182700468676
6,-77.79258656953714,32.153150969349,30,-90.0,-180.0,1,0,2100,16.425429507097512,102.20741343046285,-100.20573036481751,-3.3299542448188895
7,178.45023867607858,32.78666767935346,30,-90.0,-180.0,1,0,2100,16.430602353878285,358.4502386760786,-100.20552087756496,-3.1749701362388527
8,151.83072525802424,-19.65274491231959,30,-90.0,-180.0,1,0,2100,15.87359773283839,331.83072525802424,-99.91090907455974,-2.69915773727281
9,62.97765941002575,-44.551964116908266,30,-90.0,-180.0,1,0,2100,15.436723642739645,242.97765941002572,-99.66440615632071,-2.593226617313506
10,-69.8378254917105,-59.617125700330156,30,-90.0,-180.0,1,0,2100,15.034033240219241,110.16217450828952,-99.4347257962944,-2.3038631947366186
11,146.19466858415467,84.45080314282518,30,-90.0,-180.0,1,0,2100,16.781796663257847,326.19466858415467,-100.38819787834781,-4.246024970934088
12,100.99194560851038,4.239486680560788,30,-90.0,-180.0,1,0,2100,16.16599320855819,280.9919456085104,-100.06779810307489,-3.0184228318881274
13,35.43623235120515,-52.20531449291128,30,-90.0,-180.0,1,0,2100,15.252322575659505,215.43623235120512,-99.55998270707067,-2.5235967907000796
14,17.886205009694436,-74.30152931707785,30,-90.0,-180.0,1,0,2100,14.37371771139751,197.8862050096944,-99.04759060921276,-1.9114057707590102
15,-133.2396121843758,8.049041517639267,30,-90.0,-180.0,1,0,2100,16.205621709053922,46.7603878156242,-100.0901775622291,-2.9829477808793015
16,166.22039708972943,-65.0677168809863,30,-90.0,-180.0,1,0,2100,14.836317675118742,346.22039708972943,-99.32710011941317,-2.087998620759253
17,11.048074070747504,27.72483252334186,30,-90.0,-180.0,1,0,2100,16.388503890110908,191.04807407074748,-100.18590134435371,-3.569733544622587
18,97.40976305163304,-39.29032999620587,30,-90.0,-180.0,1,0,2100,15.546270639702731,277.40976305163304,-99.72661609459949,-2.5841093654713356
19,-137.18708525534234,33.84570645557669,30,-90.0,-180.0,1,0,2100,16.439190400860024,42.81291474465763,-100.21376497852546,-3.2251478836305596
20,-9.860266063555542,38.86847179555309,30,-90.0,-180.0,1,0,2100,16.478946195726408,170.1397339364445,-100.23350617900567,-3.582880260102244
21,-4.021298429080275,44.556183388107286,30,-90.0,-180.0,1,0,2100,16.52213573922507,175.97870157091972,-100.2561463537362,-3.6060698254211077
22,160.59399508593924,-72.19959885102045,30,-90.0,-180.0,1,0,2100,14.49937533845118,340.59399508593924,-99.12634317950656,-1.8943392213159862
23,9.317015530447463,83.96715761949406,30,-90.0,-180.0,1,0,2100,16.779020424007864,189.31701553044746,-100.38879112063287,-4.239388276147951
24,12.294231445921326,-58.60246399996085,30,-90.0,-180.0,1,0,2100,15.066883544895202,192.2942314459213,-99.45419987765783,-2.41023079671155
25,-49.04961542624568,-85.84699528027762,30,-90.0,-180.0,1,0,2100,13.043988104452795,130.95038457375438,-98.2160277584566,-1.0205948067209563
26,-99.30591867248333,3.32656375832525,30,-90.0,-180.0,1,0,2100,16.15625871725005,80.69408132751664,-100.06260117258704,-3.0156145289849885
27,0.29622060635608705,-18.381035288880625,30,-90.0,-180.0,1,0,2100,15.891513874876843,180.29622060635606,-99.91776314984232,-3.3167486927708185
28,-23.879289157237253,47.015162698635805,30,-90.0,-180.0,1,0,2100,16.5402455021845,156.12071084276272,-100.26558791676476,-3.592318825625074
29,-175.37999295905396,45.51556049020158,30,-90.0,-180.0,1,0,2100,16.529240377866213,4.620007040946007,-100.2573557080937,-3.324695186788551
30,73.31195856077946,-8.62360993078481,30,-90.0,-180.0,1,0,2100,16.01923913332203,253.31195856077943,-99.98790844695176,-2.9868515889827023
31,169.73749118538734,83.69432924608216,30,-90.0,-180.0,1,0,2100,16.77745091788984,349.73749118538734,-100.38265744365327,-4.187196199146248
0,31.851890189556826,-2.5835815659805235,30,0.0,0.0,2,120,2100,15.084185705923383,334.88712821477225,-99.46430677735405,-2.4322849860521742
1,27.974512425499967,75.37544711909635,30,0.0,0.0,2,120,2100,15.965460952512181,246.97832284860914,-99.95794748728157,-3.3381724953332865
2,-5.444878713059239,-61.56829931091971,30,0.0,0.0,2,120,2100,15.742570388647763,62.940908861407905,-99.8360311376223,-3.013244303243413
3,-57.5748817244863,-86.63696184361672,30,0.0,0.0,2,120,2100,16.099732416406248,62.839653951208476,-100.03108995038293,-3.9597712365357767
4,-176.2782610799736,-49.31971114898722,30,0.0,0.0,2,120,2100,16.492113239061204,63.19341354614414,-100.23979881894749,-3.3213078529842033
5,-16.469858512135033,-32.41514601201063,30,0.0,0.0,2,120,2100,15.202232050362314,84.05984317093075,-99.53263817612233,-2.5461609378405674
6,-77.79258656953714,32.153150969349,30,0.0,0.0,2,120,2100,15.998263893680813,182.74646828903013,-99.97547649559075,-2.9884437132445774
7,178.45023867607858,32.78666767935346,30,0.0,0.0,2,120,2100,16.611815729020318,242.40428262842227,-100.3026008099489,-3.3180213811703148
8,151.83072525802424,-19.65274491231959,30,0.0,0.0,2,120,2100,16.604580404159766,7.107084202414512,-100.29609031239276,-3.2779439062547207
9,62.97765941002575,-44.551964116908266,30,0.0,0.0,2,120,2100,15.884368774764864,17.85895036266379,-99.91398772617931,-2.974294226661489
10,-69.8378254917105,-59.617125700330156,30,0.0,0.0,2,120,2100,16.001684496924888,88.82694010965616,-99.97781723399585,-3.1373659426281804
11,146.19466858415467,84.45080314282518,30,0.0,0.0,2,120,2100,16.16990413634912,243.09410169316288,-100.06863155779378,-3.7998835801627684
12,100.99194560851038,4.239486680560788,30,0.0,0.0,2,120,2100,16.234893147175192,325.68157909473445,-100.10400435985153,-3.0725861029732293
13,35.43623235120515,-52.20531449291128,30,0.0,0.0,2,120,2100,15.715255356684455,35.78892615907955,-99.82090613091837,-2.923895298870825
14,17.886205009694436,-74.30152931707785,30,0.0,0.0,2,120,2100,15.93868658957951,55.06641206145014,-99.9437265321151,-3.299969636725912
15,-133.2396121843758,8.049041517639267,30,0.0,0.0,2,120,2100,16.508328592131267,160.9854986382619,-100.24788579463609,-3.2178939063559735
16,166.22039708972943,-65.0677168809863,30,0.0,0.0,2,120,2100,16.35782540112952,53.68159257310026,-100.16908943811596,-3.379181936294697
17,11.048074070747504,27.72483252334186,30,0.0,0.0,2,120,2100,15.010697065420052,260.03297758752853,-99.42192349438426,-2.422131345167676
18,97.40976305163304,-39.29032999620587,30,0.0,0.0,2,120,2100,16.181668225354382,9.526004533836783,-100.07476196596198,-3.1129694277376667
19,-137.18708525534234,33.84570645557669,30,0.0,0.0,2,120,2100,16.468555601964514,194.61770233585344,-100.22709260927464,-3.244803354852319
20,-9.860266063555542,38.86847179555309,30,0.0,0.0,2,120,2100,15.306704154277817,228.00493761430096,-99.592090278639,-2.6274696860546713
21,-4.021298429080275,44.556183388107286,30,0.0,0.0,2,120,2100,15.4201110729159,235.9261467314417,-99.65600753863639,-2.7159182445436447
22,160.59399508593924,-72.19959885102045,30,0.0,0.0,2,120,2100,16.29072098947019,53.910740471739814,-100.1334829703674,-3.446880290552572
23,9.317015530447463,83.96715761949406,30,0.0,0.0,2,120,2100,16.051530522332275,240.98022826085588,-100.00467960507375,-3.70126876678719
24,12.294231445921326,-58.60246399996085,30,0.0,0.0,2,120,2100,15.704466096486831,52.59524646004502,-99.81495224748603,-2.9653047498895364
25,-49.04961542624568,-85.84699528027762,30,0.0,0.0,2,120,2100,16.089269092859915,63.13903102291172,-100.02544115883514,-3.8659131517972334
26,-99.30591867248333,3.32656375832525,30,0.0,0.0,2,120,2100,16.2181997929358,153.37082686068646,-100.09404907901047,-3.0626823124636737
27,0.29622060635608705,-18.381035288880625,30,0.0,0.0,2,120,2100,14.531599125334937,59.10861884028509,-99.13864003564787,-2.1206087082772633
28,-23.879289157237253,47.015162698635805,30,0.0,0.0,2,120,2100,15.560415246951058,219.32889980284347,-99.734733489337,-2.807246869940419
29,-175.37999295905396,45.51556049020158,30,0.0,0.0,2,120,2100,16.520244014128043,235.4767335168845,-100.25471005725741,-3.3208185393734886
30,73.31195856077946,-8.62360993078481,30,0.0,0.0,2,120,2100,15.91752163080785,338.99671055694205,-99.93215038686405,-2.9027908366825805
31,169.73749118538734,83.69432924608216,30,0.0,0.0,2,120,2100,16.18662894626097,241.12782005096193,-100.07759758585203,-3.759927156457816
0,31.851890189556826,-2.5835815659805235,30,90.0,180.0,3,240,2100,16.148265758341417,88.14810981044315,-100.05817641094342,-3.332152030182755
1,27.974512425499967,75.37544711909635,30,90.0,180.0,3,240,2100,14.302856274944125,92.02548757450006,-99.00319867407404,-1.857768170913541
2,-5.444878713059239,-61.56829931091971,30,90.0,180.0,3,240,2100,16.641190243447486,125.44487871305921,-100.31767045772567,-3.7169024704884817
3,-57.5748817244863,-86.63696184361672,30,90.0,180.0,3,240,2100,16.79425045437453,177.57488172448637,-100.39625136638163,-4.463427766859608
4,-176.2782610799736,-49.31971114898722,30,90.0,180.0,3,240,2100,16.556925276967544,296.2782610799736,-100.27615690519387,-3.374485410879729
5,-16.469858512135033,-32.41514601201063,30,90.0,180.0,3,240,2100,16.427572018018754,136.46985851213503,-100.20605114196144,-3.5534822995866513
6,-77.79258656953714,32.153150969349,30,90.0,180.0,3,240,2100,15.677952979810707,197.7925865695371,-99.79852038605824,-2.7197648459039647
7,178.45023867607858,32.78666767935346,30,90.0,180.0,3,240,2100,15.666940951052077,301.5497613239214,-99.79402498111301,-2.550558369066416
8,151.83072525802424,-19.65274491231959,30,90.0,180.0,3,240,2100,16.3174724301594,328.16927474197576,-100.14929832044201,-3.060389677314413
9,62.97765941002575,-44.551964116908266,30,90.0,180.0,3,240,2100,16.52210438178787,57.02234058997425,-100.25573689985717,-3.4786532238299923
10,-69.8378254917105,-59.617125700330156,30,90.0,180.0,3,240,2100,16.628233435920823,189.83782549171053,-100.3109391398533,-3.6234716054309435
11,146.19466858415467,84.45080314282518,30,90.0,180.0,3,240,2100,13.33380866598089,333.80533141584533,-98.39634668627113,-1.181193459447417
12,100.99194560851038,4.239486680560788,30,90.0,180.0,3,240,2100,16.071712627871268,19.008054391489623,-100.01583759022898,-2.9402961940878902
13,35.43623235120515,-52.20531449291128,30,90.0,180.0,3,240,2100,16.577425793493937,84.56376764879485,-100.284896546507,-3.606731530813027
14,17.886205009694436,-74.30152931707785,30,90.0,180.0,3,240,2100,16.7218572280368,102.11379499030556,-100.35922194183853,-3.896955582922121
15,-133.2396121843758,8.049041517639267,30,90.0,180.0,3,240,2100,16.026274950963845,253.2396121843758,-99.99101598372185,-2.8330226658051627
16,166.22039708972943,-65.0677168809863,30,90.0,180.0,3,240,2100,16.66401580283222,313.77960291027057,-100.33127354283813,-3.613872344704536
17,11.048074070747504,27.72483252334186,30,90.0,180.0,3,240,2100,15.751716734987474,108.95192592925247,-99.84116573495481,-3.0643514795223514
18,97.40976305163304,-39.29032999620587,30,90.0,180.0,3,240,2100,16.48221440540093,22.590236948366964,-100.2323254255056,-3.345445200977718
19,-137.18708525534234,33.84570645557669,30,90.0,180.0,3,240,2100,15.648257144136837,257.18708525534237,-99.78217495015251,-2.5720740706004213
20,-9.860266063555542,38.86847179555309,30,90.0,180.0,3,240,2100,15.55455531322447,129.86026606355557,-99.73091093093107,-2.8402645942703635
21,-4.021298429080275,44.556183388107286,30,90.0,180.0,3,240,2100,15.436630801186697,124.02129842908028,-99.66479003406629,-2.729392679858642
22,160.59399508593924,-72.19959885102045,30,90.0,180.0,3,240,2100,16.708981564171555,319.40600491406076,-100.35396893044985,-3.76350521447877
23,9.317015530447463,83.96715761949406,30,90.0,180.0,3,240,2100,13.417373602229553,110.68298446955254,-98.45268533593244,-1.2705178353115285
24,12.294231445921326,-58.60246399996085,30,90.0,180.0,3,240,2100,16.621428614308446,107.70576855407865,-100.30759295929658,-3.6870815177555767
25,-49.04961542624568,-85.84699528027762,30,90.0,180.0,3,240,2100,16.78976816331019,169.04961542624574,-100.39388218033181,-4.377023899515817
26,-99.30591867248333,3.32656375832525,30,90.0,180.0,3,240,2100,16.082301393706704,219.3059186724833,-100.02087633944352,-2.952901744792043
27,0.29622060635608705,-18.381035288880625,30,90.0,180.0,3,240,2100,16.305807045660224,119.70377939364391,-100.14183297521713,-3.641399169809319
28,-23.879289157237253,47.015162698635805,30,90.0,180.0,3,240,2100,15.381001481879725,143.87928915723728,-99.63304027553639,-2.651307200500339
29,-175.37999295905396,45.51556049020158,30,90.0,180.0,3,240,2100,15.415293496309884,295.379992959054,-99.65213831401405,-2.4064286227534035
30,73.31195856077946,-8.62360993078481,30,90.0,180.0,3,240,2100,16.211464615945665,46.68804143922057,-100.09207904299326,-3.1424605805003383
31,169.73749118538734,83.69432924608216,30,90.0,180.0,3,240,2100,13.461604613109033,310.26250881461266,-98.48005348426031,-1.2629267836512803
0,30.32859116072035,-3.5401607994646866,31,-90.0,-180.0,1,0,2100,16.079833963609314,210.32859116072032,-100.0205930323066,-3.2913198644783264
1,28.621257003886427,77.01092440002881,31,-90.0,-180.0,1,0,2100,16.738213119919035,208.62125700388643,-100.36803724596676,-3.9594468025612044
2,-4.617205933872498,-61.0293539043581,31,-90.0,-180.0,1,0,2100,14.986437264128034,175.38279406612753,-99.40806145377368,-2.3518097531320707
3,-55.75550522679269,-86.41783424891892,31,-90.0,-180.0,1,0,2100,12.896123923941092,124.24449477320735,-98.11669237950642,-0.918173393511712
4,-176.23966945291272,-49.302647492007594,31,-90.0,-180.0,1,0,2100,15.326317102405623,3.7603305470872783,-99.60743477154284,-2.359818100901885
5,-17.215037693814054,-32.91832464077515,31,-90.0,-180.0,1,0,2100,15.664637140909711,162.7849623061859,-99.7922766264006,-2.9389735368118814
6,-77.63001609881383,32.178082255958,31,-90.0,-180.0,1,0,2100,16.425633584853216,102.36998390118617,-100.20582916229907,-3.3306212351779383
7,177.7044591591636,31.502687476394158,31,-90.0,-180.0,1,0,2100,16.420090295902085,357.7044591591636,-100.20021645907634,-3.161032632746084
8,151.56550765166662,-19.766541355515642,31,-90.0,-180.0,1,0,2100,15.871978784541904,331.5655076516666,-99.91001349368533,-2.6984601129787604
9,63.315401955669415,-45.784310825175275,31,-90.0,-180.0,1,0,2100,15.409233728259574,243.31540195566936,-99.648842808602,-2.5728471721962007
10,-68.02988380230609,-58.28614754358118,31,-90.0,-180.0,1,0,2100,15.076907694982221,111.97011619769393,-99.4594141891841,-2.335431839722423
11,146.32224898436482,84.1631235241191,31,-90.0,-180.0,1,0,2100,16.78014624342562,326.3222489843648,-100.3873548979844,-4.22509706293118
12,98.48030273773702,3.910807031602957,31,-90.0,-180.0,1,0,2100,16.162499406391557,278.480302737737,-100.06588207228685,-3.0220192926894915
13,37.445715862664855,-52.925893916458584,31,-90.0,-180.0,1,0,2100,15.23307285929136,217.44571586266483,-99.54896404350329,-2.504820702966137
14,17.830383080799322,-74.64392371630485,31,-90.0,-180.0,1,0,2100,14.351665670084243,197.8303830807993,-99.03438193480434,-1.8964784976635853
15,-126.92986055563395,5.211445314387376,31,-90.0,-180.0,1,0,2100,16.176254093096304,53.07013944436608,-100.07426659374197,-2.9693351820838805
16,169.35518730370364,-66.18340320065992,31,-90.0,-180.0,1,0,2100,14.790536899622923,349.35518730370364,-99.30110174510143,-2.0619791283075997
17,9.181644770303762,26.569000243423105,31,-90.0,-180.0,1,0,2100,16.378637291794707,189.18164477030373,-100.18067148137199,-3.5774349783029975
18,97.42244716454667,-39.21625236648509,31,-90.0,-180.0,1,0,2100,15.54773039209823,277.42244716454667,-99.72743711996701,-2.585033958200982
19,-135.07165022113406,34.16774984774763,31,-90.0,-180.0,1,0,2100,16.441787385351425,44.928349778865936,-100.21514539889269,-3.2315537536224657
20,-11.263125145850665,39.02471656028615,31,-90.0,-180.0,1,0,2100,16.480157897159554,168.7368748541494,-100.2341392147208,-3.5810600862398094
21,-2.178011194534008,44.71397130209439,31,-90.0,-180.0,1,0,2100,16.52330770662488,177.82198880546594,-100.2567716137236,-3.607309145043564
22,160.684990486949,-72.17348466431656,31,-90.0,-180.0,1,0,2100,14.500841318714881,340.684990486949,-99.12724379173422,-1.8951900346078532
23,8.389420982848776,83.11496987037236,31,-90.0,-180.0,1,0,2100,16.774109831672636,188.38942098284878,-100.38628733630875,-4.189476284663782
24,10.17456835866301,-58.50403228805821,31,-90.0,-180.0,1,0,2100,15.070013653995215,190.17456835866298,-99.45603037544099,-2.4139430904936736
25,-47.141688735759885,-85.8992754932502,31,-90.0,-180.0,1,0,2100,13.031319697983156,132.85831126424011,-98.20776353208319,-1.0124799947705392
26,-99.84700836539679,4.642377778128747,31,-90.0,-180.0,1,0,2100,16.17025927900841,80.15299163460321,-100.0701710722151,-3.0259843593511437
27,0.08138661232982258,-17.380815748469388,31,-90.0,-180.0,1,0,2100,15.905383096800339,180.0813866123298,-99.92537238550472,-3.3453853079619695
28,-21.77908045100628,45.60825955747879,31,-90.0,-180.0,1,0,2100,16.52992419137054,158.22091954899372,-100.26019339131379,-3.5883878020804163
29,-174.68743603328218,44.617091688099435,31,-90.0,-180.0,1,0,2100,16.52258829750337,5.312563966717846,-100.25408304151733,-3.3138791381777177
30,73.67859544504478,-8.661738115830772,31,-90.0,-180.0,1,0,2100,16.018770482452844,253.67859544504472,-99.98765825147765,-2.9851288772138935
31,171.6120964303259,82.54276670282661,31,-90.0,-180.0,1,0,2100,16.77079902100681,351.6120964303259,-100.37895985642709,-4.117874452134754
0,30.32859116072035,-3.5401607994646866,31,0.0,0.0,2,120,2100,15.038371252379557,336.98492189799623,-99.43801989732256,-2.4062578936506163
1,28.621257003886427,77.01092440002881,31,0.0,0.0,2,120,2100,15.984791224896433,246.30524693700994,-99.96847672860775,-3.3883654482981473
2,-4.617205933872498,-61.0293539043581,31,0.0,0.0,2,120,2100,15.733193473030408,62.55181316868695,-99.83084967745617,-3.002899544258313
3,-55.75550522679269,-86.41783424891892,31,0.0,0.0,2,120,2100,16.097321670704897,62.962396888770854,-100.02978795290912,-3.9317553119917807
4,-176.23966945291272,-49.302647492007594,31,0.0,0.0,2,120,2100,16.492226874838654,63.22835022692152,-100.23985953121215,-3.321271851040808
5,-17.215037693814054,-32.91832464077515,31,0.0,0.0,2,120,2100,15.222763953804769,84.5680749572235,-99.54437860161889,-2.5594333355224204
6,-77.63001609881383,32.178082255958,31,0.0,0.0,2,120,2100,15.996583042764396,182.78776203234474,-99.97456530143393,-2.9876104658027276
7,177.7044591591636,31.502687476394158,31,0.0,0.0,2,120,2100,16.620215958051663,243.73926802294642,-100.30698280693264,-3.318436150405078
8,151.56550765166662,-19.766541355515642,31,0.0,0.0,2,120,2100,16.60271714099843,7.042579991629509,-100.29513524214552,-3.277189239914949
9,63.315401955669415,-45.784310825175275,31,0.0,0.0,2,120,2100,15.89333641366669,18.99763201030794,-99.91890082793195,-2.9853342209547633
10,-68.02988380230609,-58.28614754358118,31,0.0,0.0,2,120,2100,15.98526103919265,89.81576251051231,-99.96888487828606,-3.1169702876833143
11,146.32224898436482,84.1631235241191,31,0.0,0.0,2,120,2100,16.172499973635507,243.24444366858387,-100.07003151119038,-3.7815174911446374
12,98.48030273773702,3.910807031602957,31,0.0,0.0,2,120,2100,16.209808478298832,326.0460983375697,-100.09057266412547,-3.058969659344216
13,37.445715862664855,-52.925893916458584,31,0.0,0.0,2,120,2100,15.737641742134027,35.32584697397988,-99.83329551440343,-2.9410621204429415
14,17.830383080799322,-74.64392371630485,31,0.0,0.0,2,120,2100,15.942939497890592,55.19335838096856,-99.9460427815395,-3.3094346893811792
15,-126.92986055563395,5.211445314387376,31,0.0,0.0,2,120,2100,16.46238669767189,156.50931524078487,-100.22374068004153,-3.1923449543388167
16,169.35518730370364,-66.18340320065992,31,0.0,0.0,2,120,2100,16.350917483962817,55.33868917416885,-100.1654364984951,-3.3883513263481464
17,9.181644770303762,26.569000243423105,31,0.0,0.0,2,120,2100,14.952405483348944,257.6965779147995,-99.38816234148204,-2.385624508535688
18,97.42244716454667,-39.21625236648509,31,0.0,0.0,2,120,2100,16.181833986710657,9.452615601909883,-100.07484869776863,-3.112763506090794
19,-135.07165022113406,34.16774984774763,31,0.0,0.0,2,120,2100,16.45531419416417,193.86477304464756,-100.22011324977557,-3.238880164206636
20,-11.263125145850665,39.02471656028615,31,0.0,0.0,2,120,2100,15.318164983746493,226.451116484117,-99.5986074086274,-2.6346083492226318
21,-2.178011194534008,44.71397130209439,31,0.0,0.0,2,120,2100,15.421374262897608,237.80174266365702,-99.65669323009594,-2.7173358922253756
22,160.684990486949,-72.17348466431656,31,0.0,0.0,2,120,2100,16.29104070161834,53.928572732085286,-100.1336492913613,-3.4465643945857893
23,8.389420982848776,83.11496987037236,31,0.0,0.0,2,120,2100,16.04126902193243,241.0092872364574,-99.9991165249584,-3.6451640404910233
24,10.17456835866301,-58.50403228805821,31,0.0,0.0,2,120,2100,15.698614459381533,53.82276006655934,-99.81170847791768,-2.9612166850537927
25,-47.141688735759885,-85.8992754932502,31,0.0,0.0,2,120,2100,16.088496089259568,63.0083624867045,-100.02502076466648,-3.870586737091755
26,-99.84700836539679,4.642377778128747,31,0.0,0.0,2,120,2100,16.223466220567545,154.71148207859483,-100.09686531179081,-3.065916618549066
27,0.08138661232982258,-17.380815748469388,31,0.0,0.0,2,120,2100,14.47553203658252,59.73999182118234,-99.10487687388395,-2.08534829651356
28,-21.77908045100628,45.60825955747879,31,0.0,0.0,2,120,2100,15.52185472943637,220.03728333516676,-99.71321889941915,-2.7784807812891255
29,-174.68743603328218,44.617091688099435,31,0.0,0.0,2,120,2100,16.526420969641723,234.63935746304168,-100.25793648046445,-3.3195280470479376
30,73.67859544504478,-8.661738115830772,31,0.0,0.0,2,120,2100,15.922458822323945,339.01959889366384,-99.93485233773447,-2.9055219011143913
31,171.6120964303259,82.54276670282661,31,0.0,0.0,2,120,2100,16.198744162921553,241.09386918634465,-100.08411165471784,-3.7031825368352966
0,30.32859116072035,-3.5401607994646866,31,90.0,180.0,3,240,2100,16.15854480766164,89.67140883927965,-100.06368161608728,-3.354456620806354
1,28.621257003886427,77.01092440002881,31,90.0,180.0,3,240,2100,14.184263197596808,91.3787429961136,-98.93113892182778,-1.7777978763745699
2,-4.617205933872498,-61.0293539043581,31,90.0,180.0,3,240,2100,16.637628114404418,124.61720593387247,-100.31583026345504,-3.71183732873272
3,-55.75550522679269,-86.41783424891892,31,90.0,180.0,3,240,2100,16.79300913085133,175.7555052267927,-100.39559627772485,-4.437173727618272
4,-176.23966945291272,-49.302647492007594,31,90.0,180.0,3,240,2100,16.556802791062367,296.2396694529127,-100.27609539452187,-3.374271127700726
5,-17.215037693814054,-32.91832464077515,31,90.0,180.0,3,240,2100,16.431674020865202,137.21503769381405,-100.20821221690431,-3.551973201246822
6,-77.63001609881383,32.178082255958,31,90.0,180.0,3,240,2100,15.677521899168665,197.63001609881383,-99.79828151961532,-2.7199455887741615
7,177.7044591591636,31.502687476394158,31,90.0,180.0,3,240,2100,15.689134807265852,302.29554084083634,-99.80644296061165,-2.563494385780155
8,151.56550765166662,-19.766541355515642,31,90.0,180.0,3,240,2100,16.318509681223482,328.4344923483334,-100.14983243811054,-3.0618477977362843
9,63.315401955669415,-45.784310825175275,31,90.0,180.0,3,240,2100,16.531221583414016,56.684598044330585,-100.26044810474332,-3.488995688028933
10,-68.02988380230609,-58.28614754358118,31,90.0,180.0,3,240,2100,16.6192977373086,188.02988380230607,-100.30627560573794,-3.6099127937137516
11,146.32224898436482,84.1631235241191,31,90.0,180.0,3,240,2100,13.38435118306307,333.6777510156352,-98.4291913347626,-1.2137185259411478
12,98.48030273773702,3.910807031602957,31,90.0,180.0,3,240,2100,16.075537830980075,21.51969726226298,-100.01809913260279,-2.9502113766993876
13,37.445715862664855,-52.925893916458584,31,90.0,180.0,3,240,2100,16.582480174711634,82.55428413733512,-100.2875056241776,-3.609022488001351
14,17.830383080799322,-74.64392371630485,31,90.0,180.0,3,240,2100,16.72393899874391,102.16961691920068,-100.36028300093051,-3.9042677249080504
15,-126.92986055563395,5.211445314387376,31,90.0,180.0,3,240,2100,16.06031451159171,246.92986055563392,-100.009410750183,-2.8713725763925906
16,169.35518730370364,-66.18340320065992,31,90.0,180.0,3,240,2100,16.671184876045025,310.64481269629636,-100.33511180877085,-3.6336301046198716
17,9.181644770303762,26.569000243423105,31,90.0,180.0,3,240,2100,15.770106679000913,110.81835522969624,-99.85129141674363,-3.0952473417653255
18,97.42244716454667,-39.21625236648509,31,90.0,180.0,3,240,2100,16.481641285552893,22.577552835453332,-100.23202453580174,-3.3446757424501126
19,-135.07165022113406,34.16774984774763,31,90.0,180.0,3,240,2100,15.642505663331612,255.07165022113406,-99.77891385935871,-2.571608032530894
20,-11.263125145850665,39.02471656028615,31,90.0,180.0,3,240,2100,15.551494893323465,131.26312514585067,-99.72917222926925,-2.834734955852719
21,-2.178011194534008,44.71397130209439,31,90.0,180.0,3,240,2100,15.433152606304354,122.17801119453401,-99.66287397663352,-2.7268190656580455
22,160.684990486949,-72.17348466431656,31,90.0,180.0,3,240,2100,16.70882055090232,319.315009513051,-100.35389614282133,-3.7628565969478993
23,8.389420982848776,83.11496987037236,31,90.0,180.0,3,240,2100,13.549504653325299,111.61057901715122,-98.53753623242078,-1.3594700121975325
24,10.17456835866301,-58.50403228805821,31,90.0,180.0,3,240,2100,16.620766012104983,109.82543164133699,-100.30723722257686,-3.6873278393829354
25,-47.141688735759885,-85.8992754932502,31,90.0,180.0,3,240,2100,16.790065424233934,167.14168873575989,-100.39402775558888,-4.382318843452143
26,-99.84700836539679,4.642377778128747,31,90.0,180.0,3,240,2100,16.06700369624963,219.8470083653968,-100.01256112176719,-2.939385532337928
27,0.08138661232982258,-17.380815748469388,31,90.0,180.0,3,240,2100,16.29653546574568,119.91861338767018,-100.13690392003431,-3.6514464570596212
28,-21.77908045100628,45.60825955747879,31,90.0,180.0,3,240,2100,15.413207468710524,141.77908045100628,-99.65125358551514,-2.6834744410264006
29,-174.68743603328218,44.617091688099435,31,90.0,180.0,3,240,2100,15.435289603491299,294.6874360332822,-99.66344295034952,-2.417756606577149
30,73.67859544504478,-8.661738115830772,31,90.0,180.0,3,240,2100,16.21185114421475,46.32140455495522,-100.09227638973259,-3.1414228311436716
31,171.6120964303259,82.54276670282661,31,90.0,180.0,3,240,2100,13.629339518646809,308.3879035696741,-98.58707180175905,-1.3683606167281037
0,29.700736517814477,-3.6914775264807105,32,-90.0,-180.0,1,0,2100,16.078082291619083,209.70073651781445,-100.01963890477644,-3.296161299404561
1,28.830697761321687,74.90067966351438,32,-90.0,-180.0,1,0,2100,16.725497245988937,208.8306977613217,-100.3615239305164,-3.9077421582273226
2,-4.672829475759954,-61.06602210048664,32,-90.0,-180.0,1,0,2100,14.985170761140095,175.32717052424005,-99.40732413182803,-2.3508241658899696
3,-53.90457936723324,-85.3743708776458,32,-90.0,-180.0,1,0,2100,13.151768170501743,126.09542063276683,-98.2866652133908,-1.0918806919477055
4,-174.96536568784907,-48.78555705331864,32,-90.0,-180.0,1,0,2100,15.338942810130177,5.034634312150956,-99.61448232522679,-2.366970850271074
5,-20.015789728045604,-33.33825181221058,32,-90.0,-180.0,1,0,2100,15.65725334675455,159.98421027195445,-99.78814817237988,-2.9210325907620973
6,-75.53797461225246,32.59489983388792,32,-90.0,-180.0,1,0,2100,16.429039336147092,104.46202538774753,-100.20759379509454,-3.340173439715553
7,177.59122137613815,31.428822807370494,32,-90.0,-180.0,1,0,2100,16.419482184869054,357.59122137613815,-100.1999182370487,-3.160253575527487
8,151.3083590807173,-19.50467622935122,32,-90.0,-180.0,1,0,2100,15.875700345838395,331.3083590807173,-99.91203335330813,-2.7012749231968733
9,63.29608215952726,-45.61760832314353,32,-90.0,-180.0,1,0,2100,15.41299684961273,243.29608215952726,-99.65097335799581,-2.575553606554009
10,-67.48615878832575,-56.54412728486087,32,-90.0,-180.0,1,0,2100,15.130381446927588,112.51384121167428,-99.49010361428651,-2.372129753120367
11,145.07765825762897,84.40714470412433,32,-90.0,-180.0,1,0,2100,16.781546369767618,325.07765825762897,-100.38817363637318,-4.243038027675984
12,98.81902865372268,3.80970511086241,32,-90.0,-180.0,1,0,2100,16.161422252705094,278.8190286537227,-100.06530483885298,-3.0202237070906826
13,36.23201157290438,-51.905995739641995,32,-90.0,-180.0,1,0,2100,15.260210977355758,216.23201157290436,-99.56446061144281,-2.5280620331635233
14,17.453977377164506,-75.39425261375128,32,-90.0,-180.0,1,0,2100,14.301569563174569,197.45397737716448,-99.00433103416603,-1.8627451330412734
15,-124.57537785786425,6.447216443738768,32,-90.0,-180.0,1,0,2100,16.18914981226503,55.424622142135775,-100.08111746725432,-2.985282555485816
16,172.981515299421,-67.5141539844543,32,-90.0,-180.0,1,0,2100,14.73304028507902,352.981515299421,-99.26836090006961,-2.0296013311817167
17,7.714481146843866,25.752401806208695,32,-90.0,-180.0,1,0,2100,16.371607360588406,187.71448114684384,-100.176931813737,-3.5837292239051415
18,95.57472752728984,-40.00881489143563,32,-90.0,-180.0,1,0,2100,15.532000712037531,275.57472752728984,-99.718537113504,-2.578687013435318
19,-132.84234141455062,33.76181840998032,32,-90.0,-180.0,1,0,2100,16.43851281206086,47.15765858544938,-100.21344114233594,-3.230622097393583
20,-12.494191210879166,39.19577798558902,32,-90.0,-180.0,1,0,2100,16.481482822500787,167.5058087891208,-100.23483354146614,-3.5793963450460216
21,0.29810012423445187,44.9563102850594,32,-90.0,-180.0,1,0,2100,16.525105005390085,180.29810012423442,-100.2577069880281,-3.608481517981042
22,161.31188823610722,-72.8694928529746,32,-90.0,-180.0,1,0,2100,14.461015282361164,341.31188823610717,-99.10351089856192,-1.871875314073369
23,7.232790420833851,81.81277161048803,32,-90.0,-180.0,1,0,2100,16.766559239347746,187.23279042083385,-100.38243606411127,-4.125549651092856
24,8.418333583174388,-58.21203150949053,32,-90.0,-180.0,1,0,2100,15.079241991721133,188.41833358317436,-99.4613508027808,-2.4220453955492935
25,-40.848002025124686,-85.5922660735953,32,-90.0,-180.0,1,0,2100,13.103516586843075,139.15199797487537,-98.25580289269568,-1.062728920043625
26,-100.51104717310466,5.811009459655438,32,-90.0,-180.0,1,0,2100,16.182531533708886,79.48895282689534,-100.07679416264497,-3.0346986920379457
27,-0.24187536584710756,-18.775028719962904,32,-90.0,-180.0,1,0,2100,15.885997443564198,179.75812463415286,-99.91473061603361,-3.3057521607013145
28,-21.750158188395403,45.565602079658504,32,-90.0,-180.0,1,0,2100,16.52960957789645,158.2498418116046,-100.26002689926155,-3.588211147311941
29,-175.92027023884302,45.74315756167181,32,-90.0,-180.0,1,0,2100,16.53091845930403,4.079729761157012,-100.25811818680548,-3.3273363889554237
30,73.57361800182602,-8.65892701039364,32,-90.0,-180.0,1,0,2100,16.01880504252932,253.573618001826,-99.98767517512033,-2.9855478660189503
31,173.37345934202625,82.47372078127552,32,-90.0,-180.0,1,0,2100,16.770398773938147,353.37345934202625,-100.37839177090817,-4.113620953855321
0,29.700736517814477,-3.6914775264807105,32,0.0,0.0,2,120,2100,15.018296323637294,337.41904031833235,-99.4264733429232,-2.394764975115824
1,28.830697761321687,74.90067966351438,32,0.0,0.0,2,120,2100,15.961470723018413,247.41297709803678,-99.95577817174136,-3.325506602770795
2,-4.672829475759954,-61.06602210048664,32,0.0,0.0,2,120,2100,15.73383124097121,62.57855228921679,-99.83120170655371,-3.0035994051889077
3,-53.90457936723324,-85.3743708776458,32,0.0,0.0,2,120,2100,16.089238953312325,63.740497897789794,-100.02541769022864,-3.8225379472679077
4,-174.96536568784907,-48.78555705331864,32,0.0,0.0,2,120,2100,16.495512358564728,64.39541593128263,-100.2415844737901,-3.3201046517518473
5,-20.015789728045604,-33.33825181221058,32,0.0,0.0,2,120,2100,15.265115560236874,87.48853663985466,-99.56856453118128,-2.584946715321372
6,-75.53797461225246,32.59489983388792,32,0.0,0.0,2,120,2100,15.974988422409234,183.43776938542584,-99.9628412019245,-2.977142414648164
7,177.59122137613815,31.428822807370494,32,0.0,0.0,2,120,2100,16.620660938851056,243.93439589611802,-100.30721290131379,-3.3184405282258425
8,151.3083590807173,-19.50467622935122,32,0.0,0.0,2,120,2100,16.602247072989364,6.419593192877528,-100.29484341512553,-3.2764829711904513
9,63.29608215952726,-45.61760832314353,32,0.0,0.0,2,120,2100,15.892372271592377,18.837248073934006,-99.91837635559533,-2.983963368432309
10,-67.48615878832575,-56.54412728486087,32,0.0,0.0,2,120,2100,15.974469007528311,91.40067083144339,-99.96300446179582,-3.097067328457681
11,145.07765825762897,84.40714470412433,32,0.0,0.0,2,120,2100,16.169635394688466,243.20856726472556,-100.06849074615477,-3.7966430695447295
12,98.81902865372268,3.80970511086241,32,0.0,0.0,2,120,2100,16.213245318936725,326.14485249615245,-100.09241545992305,-3.06079569093159
13,36.23201157290438,-51.905995739641995,32,0.0,0.0,2,120,2100,15.717080749485447,35.13946669155905,-99.82191528099798,-2.922982298183048
14,17.453977377164506,-75.39425261375128,32,0.0,0.0,2,120,2100,15.951947634668198,55.53081633293937,-99.95095486291795,-3.3306889770803147
15,-124.57537785786425,6.447216443738768,32,0.0,0.0,2,120,2100,16.44306113504189,157.81457746408074,-100.21355428444514,-3.1828246414186157
16,172.981515299421,-67.5141539844543,32,0.0,0.0,2,120,2100,16.341401240641815,57.104606557230454,-100.16039840090347,-3.3996775877457397
17,7.714481146843866,25.752401806208695,32,0.0,0.0,2,120,2100,14.90882898117718,255.55037264018995,-99.36284685768493,-2.3584627523053356
18,95.57472752728984,-40.00881489143563,32,0.0,0.0,2,120,2100,16.166286680892387,10.1426293294208,-100.06655101480861,-3.107571715440842
19,-132.84234141455062,33.76181840998032,32,0.0,0.0,2,120,2100,16.443846194160116,192.3551517923251,-100.21405222705268,-3.231523580456347
20,-12.494191210879166,39.19577798558902,32,0.0,0.0,2,120,2100,15.329603665267735,225.14172742199122,-99.6051031107577,-2.641783307554749
21,0.29810012423445187,44.9563102850594,32,0.0,0.0,2,120,2100,15.425862451406989,240.29855104244695,-99.6591921265014,-2.72098854714782
22,161.31188823610722,-72.8694928529746,32,0.0,0.0,2,120,2100,16.285494049799034,54.35977278961673,-100.130702960871,-3.456204053908671
23,7.232790420833851,81.81277161048803,32,0.0,0.0,2,120,2100,16.02538868874411,241.03774027715627,-99.99049844450091,-3.5720045152280893
24,8.418333583174388,-58.21203150949053,32,0.0,0.0,2,120,2100,15.690783361916578,54.81580377369471,-99.80737086721145,-2.9544282247749676
25,-40.848002025124686,-85.5922660735953,32,0.0,0.0,2,120,2100,16.082229323809937,62.88615557277194,-100.02163414271071,-3.837673668059062
26,-100.51104717310466,5.811009459655438,32,0.0,0.0,2,120,2100,16.22987797493251,155.9094877889802,-100.10028968759181,-3.069829023531984
27,-0.24187536584710756,-18.775028719962904,32,0.0,0.0,2,120,2100,14.552762031521793,60.71148187115699,-99.15139675384341,-2.1339796968634928
28,-21.750158188395403,45.565602079658504,32,0.0,0.0,2,120,2100,15.520902278423817,220.03314588807865,-99.71268932521154,-2.777738503392555
29,-175.92027023884302,45.74315756167181,32,0.0,0.0,2,120,2100,16.518855602101915,236.0344560154362,-100.25398865270101,-3.3212861088170826
30,73.57361800182602,-8.65892701039364,32,0.0,0.0,2,120,2100,15.921052614846221,339.0214509373324,-99.93407787371987,-2.9047467228357977
31,173.37345934202625,82.47372078127552,32,0.0,0.0,2,120,2100,16.199757161754498,240.87347467062824,-100.08465143266741,-3.7003904675428467
0,29.700736517814477,-3.6914775264807105,32,90.0,180.0,3,240,2100,16.16016116637957,90.2992634821855,-100.06453763960593,-3.361920860781438
1,28.830697761321687,74.90067966351438,32,90.0,180.0,3,240,2100,14.334804167204554,91.16930223867831,-99.02246996761117,-1.8788780702405627
2,-4.672829475759954,-61.06602210048664,32,90.0,180.0,3,240,2100,16.637870873460265,124.67282947575995,-100.31596251139985,-3.7121887474956012
3,-53.90457936723324,-85.3743708776458,32,90.0,180.0,3,240,2100,16.787076842626018,173.90457936723328,-100.39255354981665,-4.333270978699388
4,-174.96536568784907,-48.78555705331864,32,90.0,180.0,3,240,2100,16.55308389185855,294.96536568784904,-100.27414550621953,-3.3677423953030567
5,-20.015789728045604,-33.33825181221058,32,90.0,180.0,3,240,2100,16.43508450885197,140.0157897280456,-100.20996937176774,-3.54332078306711
6,-75.53797461225246,32.59489983388792,32,90.0,180.0,3,240,2100,15.67028714921901,195.53797461225247,-99.79427717486821,-2.7211057119311475
7,177.59122137613815,31.428822807370494,32,90.0,180.0,3,240,2100,15.690396712457737,302.40877862386185,-99.80714725780604,-2.564236001483099
8,151.3083590807173,-19.50467622935122,32,90.0,180.0,3,240,2100,16.316121175955107,328.6916409192827,-100.14855096577723,-3.059651252165837
9,63.29608215952726,-45.61760832314353,32,90.0,180.0,3,240,2100,16.529993128490162,56.70391784047274,-100.25981659517747,-3.4875200855307753
10,-67.48615878832575,-56.54412728486087,32,90.0,180.0,3,240,2100,16.607480494822987,187.48615878832578,-100.30012863924956,-3.5903284785891634
11,145.07765825762897,84.40714470412433,32,90.0,180.0,3,240,2100,13.341645389618419,334.92234174237103,-98.40142234188887,-1.1863537852320796
12,98.81902865372268,3.80970511086241,32,90.0,180.0,3,240,2100,16.076711527547907,21.180971346277317,-100.01870347495517,-2.950186549226233
13,36.23201157290438,-51.905995739641995,32,90.0,180.0,3,240,2100,16.57531874013632,83.76798842709559,-100.28380063136755,-3.6028403625839767
14,17.453977377164506,-75.39425261375128,32,90.0,180.0,3,240,2100,16.728485928178987,102.5460226228355,-100.36261323022138,-3.921030218012069
15,-124.57537785786425,6.447216443738768,32,90.0,180.0,3,240,2100,16.045632518339776,244.57537785786428,-100.00135182697333,-2.864843177271132
16,172.981515299421,-67.5141539844543,32,90.0,180.0,3,240,2100,16.679669218111613,307.01848470057894,-100.33961541513901,-3.65841877595268
17,7.714481146843866,25.752401806208695,32,90.0,180.0,3,240,2100,15.782898320985057,112.28551885315613,-99.85832208655306,-3.1178003765940607
18,95.57472752728984,-40.00881489143563,32,90.0,180.0,3,240,2100,16.48775616439551,24.425272472710162,-100.235435815153,-3.3566978741465316
19,-132.84234141455062,33.76181840998032,32,90.0,180.0,3,240,2100,15.649749913962644,252.84234141455056,-99.78292435517302,-2.579500448000859
20,-12.494191210879166,39.19577798558902,32,90.0,180.0,3,240,2100,15.548133478755505,132.49419121087914,-99.72727052432663,-2.8290273581979535
21,0.29810012423445187,44.9563102850594,32,90.0,180.0,3,240,2100,15.427786941040676,119.70189987576555,-99.65989891046453,-2.7220730194782443
22,161.31188823610722,-72.8694928529746,32,90.0,180.0,3,240,2100,16.713103118206234,318.6881117638928,-100.35613923199354,-3.77965037539965
23,7.232790420833851,81.81277161048803,32,90.0,180.0,3,240,2100,13.722730364116801,112.76720957916615,-98.64734918478399,-1.4756244296822996
24,8.418333583174388,-58.21203150949053,32,90.0,180.0,3,240,2100,16.618797794736405,111.58166641682561,-100.30619974257581,-3.6856040017194607
25,-40.848002025124686,-85.5922660735953,32,90.0,180.0,3,240,2100,16.788318528814106,160.84800202512474,-100.39309996961957,-4.3538352243711
26,-100.51104717310466,5.811009459655438,32,90.0,180.0,3,240,2100,16.05321810600912,220.51104717310466,-100.00506707156204,-2.9268631538834553
27,-0.24187536584710756,-18.775028719962904,32,90.0,180.0,3,240,2100,16.309435715507423,120.24187536584708,-100.14376646067362,-3.6377714530169407
28,-21.750158188395403,45.565602079658504,32,90.0,180.0,3,240,2100,15.414167939879432,141.7501581883954,-99.6517959046066,-2.6843762122949686
29,-175.92027023884302,45.74315756167181,32,90.0,180.0,3,240,2100,15.410164034137885,295.92027023884305,-99.64925243831945,-2.403522499453887
30,73.57361800182602,-8.65892701039364,32,90.0,180.0,3,240,2100,16.21182265145471,46.42638199817395,-100.09226049947566,-3.141788132802485
31,173.37345934202625,82.47372078127552,32,90.0,180.0,3,240,2100,13.638555825893464,306.62654065797375,-98.59298707804957,-1.3742712857576582
0,29.78693127836695,-3.566181234872289,33,-90.0,-180.0,1,0,2100,16.079532964333733,209.78693127836695,-100.02042654025436,-3.2965485865578343
1,30.237282056277166,74.66939045587958,33,-90.0,-180.0,1,0,2100,16.724093664450642,210.23728205627717,-100.36081725408586,-3.9020353528301484
2,-5.646784357282172,-61.27860238884064,33,-90.0,-180.0,1,0,2100,14.977796559392246,174.35321564271783,-99.40307675491286,-2.3450048654787277
3,-53.70343548947507,-85.28042918205041,33,-90.0,-180.0,1,0,2100,13.171873610739988,126.29656451052495,-98.29985010322034,-1.1054192957417588
4,-174.2524122688335,-47.853529055876024,33,-90.0,-180.0,1,0,2100,15.361305008251701,5.7475877311665045,-99.6270982147459,-2.3796126635686323
5,-19.95891078217136,-33.321524292447755,33,-90.0,-180.0,1,0,2100,15.657548520288849,160.04108921782858,-99.78832106797259,-2.92155769062136
6,-71.96847947878642,32.359878740468375,33,-90.0,-180.0,1,0,2100,16.42712044197679,108.03152052121357,-100.2065262334189,-3.3484618048058357
7,177.1626895260211,29.69162367708111,33,-90.0,-180.0,1,0,2100,16.405072547817834,357.1626895260211,-100.19254821936246,-3.1414792288799958
8,151.01948997368095,-19.247111587694818,33,-90.0,-180.0,1,0,2100,15.87934732855615,331.0194899736809,-99.91401067512639,-2.7040936187052838
9,63.3419663376182,-44.6517363105602,33,-90.0,-180.0,1,0,2100,15.434525927314303,243.34196633761815,-99.6631538067629,-2.590684716509722
10,-69.60204403068896,-56.034685013358384,33,-90.0,-180.0,1,0,2100,15.145493961226181,110.39795596931106,-99.4987483939222,-2.3781866512674403
11,142.68264865216378,84.92352935080888,33,-90.0,-180.0,1,0,2100,16.784502794923483,322.68264865216383,-100.38987514855543,-4.283818289303766
12,96.98000428698009,4.465265712738756,33,-90.0,-180.0,1,0,2100,16.168386143718063,276.98000428698003,-100.06901934972184,-3.030929491630849
13,36.466973271068554,-49.99657259269121,33,-90.0,-180.0,1,0,2100,15.30911920047137,216.46697327106853,-99.59230960895063,-2.5655327253741653
14,17.749950646715376,-73.89990640803072,33,-90.0,-180.0,1,0,2100,14.39897948338358,197.74995064671535,-99.06271485701348,-1.92862614422466
15,-124.44647708692432,6.525186029459093,33,-90.0,-180.0,1,0,2100,16.189957902766103,55.55352291307571,-100.08154558967436,-2.9862483625103815
16,169.0782676972142,-68.9203503090028,33,-90.0,-180.0,1,0,2100,14.6684623719008,349.0782676972142,-99.22924075654154,-1.9922787527904084
17,7.1081132711105965,25.27580581201488,33,-90.0,-180.0,1,0,2100,16.367481486625845,187.10811327111057,-100.17474912122793,-3.5867806497356662
18,94.19030355943715,-40.06595992417448,33,-90.0,-180.0,1,0,2100,15.530856956222351,274.19030355943715,-99.7178528494651,-2.580901198127596
19,-133.22182257094244,33.739747557191805,33,-90.0,-180.0,1,0,2100,16.43833446287621,46.778177429057564,-100.21334508922888,-3.229826385115027
20,-12.849364474656625,39.225874906107265,33,-90.0,-180.0,1,0,2100,16.481715751268364,167.15063552534343,-100.2349506347776,-3.578837466373455
21,3.5601647502559786,46.60555946959212,33,-90.0,-180.0,1,0,2100,16.537251551252222,183.56016475025595,-100.26406661850717,-3.614665564557403
22,160.78084289052367,-72.68460768683559,33,-90.0,-180.0,1,0,2100,14.471750194097378,340.7808428905236,-99.10982250248746,-1.8781834429378734
23,8.412701003058174,81.69014855693541,33,-90.0,-180.0,1,0,2100,16.765845282958157,188.41270100305817,-100.38208158240664,-4.120167687632177
24,9.181131728564907,-58.76778704251989,33,-90.0,-180.0,1,0,2100,15.061604156685146,189.18113172856488,-99.45120485030044,-2.407912919733716
25,-36.07174511424057,-84.54122105857842,33,-90.0,-180.0,1,0,2100,13.317380613570963,143.92825488575943,-98.39530859581114,-1.20723099043492
26,-100.71200617503969,5.926264182972176,33,-90.0,-180.0,1,0,2100,16.183733748846393,79.28799382496032,-100.07744183502403,-3.0352050182639525
27,1.7355898500900935,-21.09984898198951,33,-90.0,-180.0,1,0,2100,15.852812340525276,181.73558985009007,-99.89650065110453,-3.2427926873956645
28,-22.689740491881906,46.063235730024104,33,-90.0,-180.0,1,0,2100,16.533273652581666,157.31025950811807,-100.26194247265383,-3.5891276058783776
29,-177.0109213940471,46.16538981477299,33,-90.0,-180.0,1,0,2100,16.53402415472006,2.9890786059528978,-100.2595091272749,-3.332258791606229
30,70.8879024056383,-7.948221232650695,33,-90.0,-180.0,1,0,2100,16.027504446133683,250.88790240563827,-99.99238909569839,-3.002470722401669
31,173.70318305079076,80.90600864000513,33,-90.0,-180.0,1,0,2100,16.761267641156714,353.7031830507907,-100.37377847739465,-4.03634355011805
0,29.78693127836695,-3.566181234872289,33,0.0,0.0,2,120,2100,15.020690917603146,337.1505776775803,-99.42784268509392,-2.396097526884536
1,30.237282056277166,74.66939045587958,33,0.0,0.0,2,120,2100,15.96130748264091,247.86021102593315,-99.95569143993472,-3.320471524873807
2,-5.646784357282172,-61.27860238884064,33,0.0,0.0,2,120,2100,15.738066073296594,63.08627051746117,-99.83354244495881,-3.0079667595179824
3,-53.70343548947507,-85.28042918205041,33,0.0,0.0,2,120,2100,16.08845269333447,63.806818063659335,-100.02499423493738,-3.8140651451534784
4,-174.2524122688335,-47.853529055876024,33,0.0,0.0,2,120,2100,16.502094208937894,65.17894728643043,-100.24502976726212,-3.318398133726382
5,-19.95891078217136,-33.321524292447755,33,0.0,0.0,2,120,2100,15.264065399316042,87.43945355907593,-99.56796863265095,-2.5842933406510116
6,-71.96847947878642,32.359878740468375,33,0.0,0.0,2,120,2100,15.93554288921998,183.67810278234555,-99.94138885483258,-2.9549879498265312
7,177.1626895260211,29.69162367708111,33,0.0,0.0,2,120,2100,16.632024599874132,244.9615523137333,-100.3131223984686,-3.3193624340117522
8,151.01948997368095,-19.247111587694818,33,0.0,0.0,2,120,2100,16.601557625467773,5.778052492835457,-100.2944424080666,-3.275683005588705
9,63.3419663376182,-44.6517363105602,33,0.0,0.0,2,120,2100,15.888268142806767,17.86652114121125,-99.91611928787428,-2.9769180737009355
10,-69.60204403068896,-56.034685013358384,33,0.0,0.0,2,120,2100,15.986702921726419,92.26781676905571,-99.9696481181845,-3.099802013251633
11,142.68264865216378,84.92352935080888,33,0.0,0.0,2,120,2100,16.163824404055216,243.0826056774377,-100.06535921774794,-3.831793348866656
12,96.98000428698009,4.465265712738756,33,0.0,0.0,2,120,2100,16.194439181967116,325.5015297586647,-100.08234130548819,-3.050865663158609
13,36.466973271068554,-49.99657259269121,33,0.0,0.0,2,120,2100,15.695502909459872,33.490562736668835,-99.80995139355255,-2.899195982398566
14,17.749950646715376,-73.89990640803072,33,0.0,0.0,2,120,2100,15.93344172662178,54.971218593610274,-99.94086132137336,-3.2889477517941064
15,-124.44647708692432,6.525186029459093,33,0.0,0.0,2,120,2100,16.441984926344198,157.8966317054726,-100.21298593601809,-3.182300801409512
16,169.0782676972142,-68.9203503090028,33,0.0,0.0,2,120,2100,16.326798448168894,55.82297506966779,-100.15265223019627,-3.4120107692736745
17,7.1081132711105965,25.27580581201488,33,0.0,0.0,2,120,2100,14.885642192351382,254.68496130425757,-99.34933404221032,-2.343895993929435
18,94.19030355943715,-40.06595992417448,33,0.0,0.0,2,120,2100,16.15496249446215,10.141525079489213,-100.06048489021474,-3.101681270123649
19,-133.22182257094244,33.739747557191805,33,0.0,0.0,2,120,2100,16.446176249815114,192.50778291761247,-100.21528687982956,-3.2326909097353247
20,-12.849364474656625,39.225874906107265,33,0.0,0.0,2,120,2100,15.332552304205267,224.76105271810974,-99.60677244294197,-2.643580341155764
21,3.5601647502559786,46.60555946959212,33,0.0,0.0,2,120,2100,15.46411257621338,243.36000353600946,-99.68065263658687,-2.750735480657534
22,160.78084289052367,-72.68460768683559,33,0.0,0.0,2,120,2100,16.286630670632942,54.14048163408131,-100.13130549183361,-3.4534689485428
23,8.412701003058174,81.69014855693541,33,0.0,0.0,2,120,2100,16.02418892898472,241.2241610016536,-99.9898505068866,-3.565995821983878
24,9.181131728564907,-58.76778704251989,33,0.0,0.0,2,120,2100,15.701275733915631,54.47364813332581,-99.81318393900476,-2.964934974954195
25,-36.07174511424057,-84.54122105857842,33,0.0,0.0,2,120,2100,16.06972351531904,63.22048175064441,-100.01487416366372,-3.746054601967238
26,-100.71200617503969,5.926264182972176,33,0.0,0.0,2,120,2100,16.231843675837105,156.0305997236208,-100.10134067301347,-3.0709361825830794
27,1.7355898500900935,-21.09984898198951,33,0.0,0.0,2,120,2100,14.672638453861463,55.51196802585889,-99.2229392702058,-2.2094176516203903
28,-22.689740491881906,46.063235730024104,33,0.0,0.0,2,120,2100,15.536088468125541,219.61071872114394,-99.72116965515261,-2.7887351257525665
29,-177.0109213940471,46.16538981477299,33,0.0,0.0,2,120,2100,16.516199665900295,237.13380349299632,-100.25261012716251,-3.3221530378540964
30,70.8879024056383,-7.948221232650695,33,0.0,0.0,2,120,2100,15.883939169426347,338.4054407037625,-99.91375814198527,-2.8839116519293566
31,173.70318305079076,80.90600864000513,33,0.0,0.0,2,120,2100,16.21566427692965,241.00577835660272,-100.09318890356344,-3.6397888136238943
0,29.78693127836695,-3.566181234872289,33,90.0,180.0,3,240,2100,16.15882294289526,90.21306872163302,-100.06381591438782,-3.3601008298125707
1,30.237282056277166,74.66939045587958,33,90.0,180.0,3,240,2100,14.350005879864216,89.76271794372286,-99.03157764777842,-1.8883679943065141
2,-5.646784357282172,-61.27860238884064,33,90.0,180.0,3,240,2100,16.639277085402092,125.64678435728217,-100.31667501001716,-3.7140164313723862
3,-53.70343548947507,-85.28042918205041,33,90.0,180.0,3,240,2100,16.786541035370487,173.7034354894751,-100.3922757266148,-4.325273431484098
4,-174.2524122688335,-47.853529055876024,33,90.0,180.0,3,240,2100,16.546345643287097,294.2524122688335,-100.27062504542548,-3.355863317747292
5,-19.95891078217136,-33.321524292447755,33,90.0,180.0,3,240,2100,16.434948876534172,139.95891078217136,-100.20989965967281,-3.543472304095471
6,-71.96847947878642,32.359878740468375,33,90.0,180.0,3,240,2100,15.674372871002854,191.96847947878643,-99.79658895095749,-2.7349764608476
7,177.1626895260211,29.69162367708111,33,90.0,180.0,3,240,2100,15.719624994152893,302.8373104739789,-99.82345476213071,-2.5813608516567212
8,151.01948997368095,-19.247111587694818,33,90.0,180.0,3,240,2100,16.31376631758255,328.98051002631905,-100.14728384593406,-3.0575437660278504
9,63.3419663376182,-44.6517363105602,33,90.0,180.0,3,240,2100,16.522845621164617,56.6580336623818,-100.25611570307889,-3.4786413556651934
10,-69.60204403068896,-56.034685013358384,33,90.0,180.0,3,240,2100,16.603998063876844,189.60204403068894,-100.29833765351654,-3.580839004347078
11,142.68264865216378,84.92352935080888,33,90.0,180.0,3,240,2100,13.244771875900597,337.3173513478363,-98.33802431743788,-1.123760335579409
12,96.98000428698009,4.465265712738756,33,90.0,180.0,3,240,2100,16.069076487728434,23.01999571301991,-100.01474526321208,-2.94939209673154
13,36.466973271068554,-49.99657259269121,33,90.0,180.0,3,240,2100,16.56177184528079,83.53302672893142,-100.27678533922612,-3.5873382752915086
14,17.749950646715376,-73.89990640803072,33,90.0,180.0,3,240,2100,16.719409809812404,102.25004935328462,-100.35797225001909,-3.8886609005312063
15,-124.44647708692432,6.525186029459093,33,90.0,180.0,3,240,2100,16.044698905162655,244.44647708692435,-100.00084333875148,-2.8643972341199393
16,169.0782676972142,-68.9203503090028,33,90.0,180.0,3,240,2100,16.688557032065415,310.9217323027858,-100.34402573032129,-3.6878955665431463
17,7.1081132711105965,25.27580581201488,33,90.0,180.0,3,240,2100,15.79028905485672,112.8918867288894,-99.86238589161643,-3.130244966975004
18,94.19030355943715,-40.06595992417448,33,90.0,180.0,3,240,2100,16.488195615163093,25.809696440562846,-100.23583307157632,-3.360363382583615
19,-133.22182257094244,33.739747557191805,33,90.0,180.0,3,240,2100,15.650142290083016,253.22182257094244,-99.78313964252501,-2.579146536284866
20,-12.849364474656625,39.225874906107265,33,90.0,180.0,3,240,2100,15.547540893486449,132.84936447465662,-99.72692503938558,-2.8277325635602955
21,3.5601647502559786,46.60555946959212,33,90.0,180.0,3,240,2100,15.390485381820772,116.43983524974402,-99.63888994044345,-2.6866411303968585
22,160.78084289052367,-72.68460768683559,33,90.0,180.0,3,240,2100,16.711967299763124,319.2191571094763,-100.35551182313915,-3.775230829401768
23,8.412701003058174,81.69014855693541,33,90.0,180.0,3,240,2100,13.73759665313482,111.58729899694185,-98.6565470806035,-1.4853301513740242
24,9.181131728564907,-58.76778704251989,33,90.0,180.0,3,240,2100,16.622540514702138,110.81886827143506,-100.30813835392163,-3.690034072598505
25,-36.07174511424057,-84.54122105857842,33,90.0,180.0,3,240,2100,16.782314829329568,156.07174511424057,-100.39002546119751,-4.270314159325004
26,-100.71200617503969,5.926264182972176,33,90.0,180.0,3,240,2100,16.05184816827507,220.71200617503973,-100.00431869171939,-2.925265999637929
27,1.7355898500900935,-21.09984898198951,33,90.0,180.0,3,240,2100,16.330583258488296,118.2644101499099,-100.15503316542801,-3.61867775933681
28,-22.689740491881906,46.063235730024104,33,90.0,180.0,3,240,2100,15.402905469250566,142.68974049188188,-99.64543057523261,-2.672607629372349
29,-177.0109213940471,46.16538981477299,33,90.0,180.0,3,240,2100,15.400577737445113,297.01092139404705,-99.6438487257844,-2.3981134585840347
30,70.8879024056383,-7.948221232650695,33,90.0,180.0,3,240,2100,16.20459291627157,49.11209759436167,-100.08847913091455,-3.145904902766528
31,173.70318305079076,80.90600864000513,33,90.0,180.0,3,240,2100,13.827768733426591,306.29681694920924,-98.7117180526747,-1.4908228731076107
0,30.997484623920087,-3.5243103863134593,34,-90.0,-180.0,1,0,2100,16.08001727367472,210.9974846239201,-100.0206904576009,-3.2848351383851355
1,31.878481239753086,75.08974622705767,34,-90.0,-180.0,1,0,2100,16.726643137257916,211.87848123975306,-100.36212037457167,-3.9108266128252915
2,-3.86062664131407,-60.99238837441046,34,-90.0,-180.0,1,0,2100,14.987712415364186,176.13937335868593,-99.40878688342988,-2.352917905815939
3,-54.77175440679699,-84.92757089040154,34,-90.0,-180.0,1,0,2100,13.243975428453544,125.22824559320304,-98.34680452111877,-1.15328774363882
4,-173.66084667544504,-48.18253397570933,34,-90.0,-180.0,1,0,2100,15.353468154831884,6.339153324554957,-99.62260750329283,-2.375258000658393
5,-19.715949415813753,-33.20898567452356,34,-90.0,-180.0,1,0,2100,15.659532113181921,160.28405058418628,-99.78942705089105,-2.924536826687947
6,-75.7661357767855,30.806430903926767,34,-90.0,-180.0,1,0,2100,16.41434343468833,104.23386422321448,-100.19983270404384,-3.3238895017966223
7,175.98801942340805,29.285071067729547,34,-90.0,-180.0,1,0,2100,16.401670099127756,355.98801942340805,-100.19093955851704,-3.137411176538629
8,150.05725745494317,-18.712889648199877,34,-90.0,-180.0,1,0,2100,15.886869496896878,330.05725745494317,-99.91806411624445,-2.7104646754164783
9,63.261375471003504,-44.515250939405924,34,-90.0,-180.0,1,0,2100,15.437531122072125,243.26137547100348,-99.66485714852816,-2.5930355156757265
10,-72.50549960402705,-55.566624949203764,34,-90.0,-180.0,1,0,2100,15.159180400170873,107.49450039597298,-99.50655979850517,-2.3816815386426216
11,145.050375200551,83.49822892062807,34,-90.0,-180.0,1,0,2100,16.77632128344609,325.050375200551,-100.38554544040564,-4.181032570047919
12,97.8755786387299,4.359020973256719,34,-90.0,-180.0,1,0,2100,16.16726081453028,277.8755786387299,-100.068432968373,-3.027601745543851
13,36.398328409553244,-50.01439195692975,34,-90.0,-180.0,1,0,2100,15.308673655393084,216.39832840955322,-99.5920543821233,-2.5653372018313996
14,17.65147733151909,-73.72742509775745,34,-90.0,-180.0,1,0,2100,14.409635561779375,197.65147733151906,-99.06907997624153,-1.9359055995073817
15,-125.17673543327814,6.409962613945524,34,-90.0,-180.0,1,0,2100,16.188763476356062,54.82326456672183,-100.08092353145719,-2.9837205130686755
16,168.1234171484304,-70.49903347175317,34,-90.0,-180.0,1,0,2100,14.59061833083135,348.1234171484304,-99.1828704330132,-1.9474343734938129
17,7.561631462066146,24.5453555055402,34,-90.0,-180.0,1,0,2100,16.3611247812221,187.56163146206612,-100.17137445539979,-3.5874172773915647
18,91.69438933877404,-40.4384627819521,34,-90.0,-180.0,1,0,2100,15.523369095131395,271.69438933877404,-99.7135766566178,-2.581435645359039
19,-138.9109724473629,32.36281588935651,34,-90.0,-180.0,1,0,2100,16.42714444586966,41.089027552637106,-100.2074474284552,-3.207270420291537
20,-12.430108158796799,39.35185454202011,34,-90.0,-180.0,1,0,2100,16.482690155656524,167.56989184120323,-100.23546566238976,-3.5799585341973645
21,5.037338317791381,48.424960445728516,34,-90.0,-180.0,1,0,2100,16.550482282144312,185.03733831779135,-100.27097420909226,-3.622623773167791
22,159.78615199858035,-72.32222043394685,34,-90.0,-180.0,1,0,2100,14.49246280761517,339.7861519985803,-99.1219814536544,-1.8903337282924655
23,6.314491857661267,83.41174372916092,34,-90.0,-180.0,1,0,2100,16.775822680375562,186.31449185766127,-100.38715547343831,-4.205906578440483
24,10.155686400734055,-59.05027838272114,34,-90.0,-180.0,1,0,2100,15.052518135031104,190.15568640073403,-99.44596949856975,-2.400363706259779
25,-32.1158112031589,-87.05386136384567,34,-90.0,-180.0,1,0,2100,12.70065226547405,147.8841887968411,-97.98541614068753,-0.7876245878399799
26,-101.6572691125094,5.682671831153158,34,-90.0,-180.0,1,0,2100,16.181191148639144,78.34273088749057,-100.07611081339758,-3.0305969072533068
27,2.1548920766727804,-21.46992165857057,34,-90.0,-180.0,1,0,2100,15.847426720135656,182.15489207667275,-99.89353855624101,-3.2328162860632217
28,-22.58481953598519,46.039700891615695,34,-90.0,-180.0,1,0,2100,16.533100667775216,157.41518046401484,-100.26185282308724,-3.5892030975050266
29,-176.51268984668744,44.88274251401907,34,-90.0,-180.0,1,0,2100,16.52455973392399,3.487310153312592,-100.25476959253496,-3.316513515289366
30,70.96053897970518,-6.827828979633836,34,-90.0,-180.0,1,0,2100,16.041066757238937,250.96053897970518,-99.99976048557185,-3.0127652507870666
31,173.9665918108256,80.72177704869151,34,-90.0,-180.0,1,0,2100,16.760189089544685,353.96659181082555,-100.3731852351096,-4.028096546978967
0,30.997484623920087,-3.5243103863134593,34,0.0,0.0,2,120,2100,15.059846636564473,336.81957190489993,-99.45037152696239,-2.4185962731132213
1,31.878481239753086,75.08974622705767,34,0.0,0.0,2,120,2100,15.968872861039065,248.00461250426451,-99.95981783318243,-3.333761126659786
2,-3.86062664131407,-60.99238837441046,34,0.0,0.0,2,120,2100,15.732083936301231,62.13803841970193,-99.8302374529387,-3.0019433401164552
3,-54.77175440679699,-84.92757089040154,34,0.0,0.0,2,120,2100,16.08694210328008,64.14706953197125,-100.02417385408398,-3.7846694571957573
4,-173.66084667544504,-48.18253397570933,34,0.0,0.0,2,120,2100,16.499197351536445,65.64147004067476,-100.24351961345238,-3.318723108405357
5,-19.715949415813753,-33.20898567452356,34,0.0,0.0,2,120,2100,15.25867300611123,87.26474986021378,-99.56489832669587,-2.5808739947171757
6,-75.7661357767855,30.806430903926767,34,0.0,0.0,2,120,2100,15.974399048925767,181.59804110520884,-99.96252386554961,-2.971611811228639
7,175.98801942340805,29.285071067729547,34,0.0,0.0,2,120,2100,16.633887997367914,247.1110494619499,-100.31410654938043,-3.3191484893001757
8,150.05725745494317,-18.712889648199877,34,0.0,0.0,2,120,2100,16.59796833821983,4.162351734712047,-100.29247614699135,-3.2729298621338145
9,63.261375471003504,-44.515250939405924,34,0.0,0.0,2,120,2100,15.88687252608237,17.750844504027327,-99.91535706835003,-2.9754901179467748
10,-72.50549960402705,-55.566624949203764,34,0.0,0.0,2,120,2100,16.004842681683762,93.17905688720938,-99.97949268842531,-3.106128840041679
11,145.050375200551,83.49822892062807,34,0.0,0.0,2,120,2100,16.177450763408135,243.73534755214877,-100.07269978971233,-3.742516985120266
12,97.8755786387299,4.359020973256719,34,0.0,0.0,2,120,2100,16.20361674416899,325.59963532134213,-100.0872584887376,-3.0557722495620983
13,36.398328409553244,-50.01439195692975,34,0.0,0.0,2,120,2100,15.69520085684549,33.542126954951755,-99.80978099106187,-2.8991339499949165
14,17.65147733151909,-73.72742509775745,34,0.0,0.0,2,120,2100,15.93113156910068,54.94181746974971,-99.93960626111257,-3.2842700976470116
15,-125.17673543327814,6.409962613945524,34,0.0,0.0,2,120,2100,16.4478648488283,157.8259425822888,-100.21608481245065,-3.185319342502339
16,168.1234171484304,-70.49903347175317,34,0.0,0.0,2,120,2100,16.312118008992798,55.83148151234377,-100.14486167321155,-3.428245267550066
17,7.561631462066146,24.5453555055402,34,0.0,0.0,2,120,2100,14.863316442103523,256.0742775056403,-99.33625998763988,-2.329234379738192
18,91.69438933877404,-40.4384627819521,34,0.0,0.0,2,120,2100,16.134189996806448,10.450833454095857,-100.04935158736467,-3.09197640687112
19,-138.9109724473629,32.36281588935651,34,0.0,0.0,2,120,2100,16.484147118004632,193.95615632985528,-100.23529437706026,-3.2483606816025716
20,-12.430108158796799,39.35185454202011,34,0.0,0.0,2,120,2100,15.33280692392316,225.29184352521332,-99.60691427495519,-2.6442073438432616
21,5.037338317791381,48.424960445728516,34,0.0,0.0,2,120,2100,15.504208845735532,244.45368939589468,-99.70312535787457,-2.783012500746833
22,159.78615199858035,-72.32222043394685,34,0.0,0.0,2,120,2100,16.288829335031902,53.71571201118866,-100.13247739159746,-3.448221823630644
23,6.314491857661267,83.41174372916092,34,0.0,0.0,2,120,2100,16.0444242346336,240.72778549011798,-100.00082565173632,-3.663401359404614
24,10.155686400734055,-59.05027838272114,34,0.0,0.0,2,120,2100,15.707593030600114,53.96423644661252,-99.81668280212207,-2.9708654073412175
25,-32.1158112031589,-87.05386136384567,34,0.0,0.0,2,120,2100,16.09184992909049,61.567253400400546,-100.02683907148334,-4.011126713608728
26,-101.6572691125094,5.682671831153158,34,0.0,0.0,2,120,2100,16.24118941703627,155.80154441792695,-100.10634152694695,-3.075794439324475
27,2.1548920766727804,-21.46992165857057,34,0.0,0.0,2,120,2100,14.691583189986853,54.53894385404362,-99.23418175309482,-2.2213225190485786
28,-22.58481953598519,46.039700891615695,34,0.0,0.0,2,120,2100,15.534955024070761,219.6774098124771,-99.72053294165444,-2.787980332628019
29,-176.51268984668744,44.88274251401907,34,0.0,0.0,2,120,2100,16.52550887947648,236.50489010713602,-100.25748445469573,-3.3204928152588304
30,70.96053897970518,-6.827828979633836,34,0.0,0.0,2,120,2100,15.88425129023404,337.2189114779228,-99.91392752410177,-2.883396012711339
31,173.9665918108256,80.72177704869151,34,0.0,0.0,2,120,2100,16.21755782341136,240.9837366800395,-100.09420723701082,-3.6336282287164963
0,30.997484623920087,-3.5243103863134593,34,90.0,180.0,3,240,2100,16.158375342967823,89.00251537607994,-100.06360985363662,-3.347754327948472
1,31.878481239753086,75.08974622705767,34,90.0,180.0,3,240,2100,14.322203591719356,88.12151876024694,-99.01472372365083,-1.8687337630377288
2,-3.86062664131407,-60.99238837441046,34,90.0,180.0,3,240,2100,16.637383327206948,123.86062664131407,-100.31570416657745,-3.711622151404636
3,-54.77175440679699,-84.92757089040154,34,90.0,180.0,3,240,2100,16.784525899263485,174.77175440679702,-100.39125977534896,-4.296570818882478
4,-173.66084667544504,-48.18253397570933,34,90.0,180.0,3,240,2100,16.548729426410226,293.6608466754451,-100.27187166171132,-3.360216448714583
5,-19.715949415813753,-33.20898567452356,34,90.0,180.0,3,240,2100,16.434035897304504,139.71594941581372,-100.2094147505419,-3.5440230161521926
6,-75.7661357767855,30.806430903926767,34,90.0,180.0,3,240,2100,15.700966897899805,195.76613577678552,-99.81132075690113,-2.742085233202797
7,175.98801942340805,29.285071067729547,34,90.0,180.0,3,240,2100,15.726343602233273,304.01198057659195,-99.82723254256928,-2.585469073819236
8,150.05725745494317,-18.712889648199877,34,90.0,180.0,3,240,2100,16.308864290034347,329.94274254505683,-100.14462658490372,-3.053712218287454
9,63.261375471003504,-44.515250939405924,34,90.0,180.0,3,240,2100,16.52183148956448,56.73862452899647,-100.25559234977797,-3.477611725454847
10,-72.50549960402705,-55.566624949203764,34,90.0,180.0,3,240,2100,16.60078778723332,192.50549960402702,-100.29669941928564,-3.5704280020027457
11,145.050375200551,83.49822892062807,34,90.0,180.0,3,240,2100,13.492229835475625,334.949624799449,-98.49878758459532,-1.2828041876622809
12,97.8755786387299,4.359020973256719,34,90.0,180.0,3,240,2100,16.07031784072083,22.124421361270095,-100.01534550485299,-2.947832040741602
13,36.398328409553244,-50.01439195692975,34,90.0,180.0,3,240,2100,16.56189912146191,83.60167159044676,-100.27684890025385,-3.5876157126839345
14,17.65147733151909,-73.72742509775745,34,90.0,180.0,3,240,2100,16.718356898164547,102.34852266848088,-100.35743300646124,-3.885184400633367
15,-125.17673543327814,6.409962613945524,34,90.0,180.0,3,240,2100,16.046078290718103,245.17673543327817,-100.00161324732932,-2.8639572898696875
16,168.1234171484304,-70.49903347175317,34,90.0,180.0,3,240,2100,16.698441816824175,311.8765828515696,-100.34905627811291,-3.722091814197246
17,7.561631462066146,24.5453555055402,34,90.0,180.0,3,240,2100,15.801511429848203,112.43836853793385,-99.86859641913254,-3.145141978449413
18,91.69438933877404,-40.4384627819521,34,90.0,180.0,3,240,2100,16.49105547513862,28.305610661225955,-100.23761534329748,-3.3697165405765417
19,-138.9109724473629,32.36281588935651,34,90.0,180.0,3,240,2100,15.674321913038117,258.91097244736295,-99.79676835708415,-2.5857425803425507
20,-12.430108158796799,39.35185454202011,34,90.0,180.0,3,240,2100,15.545056632826507,132.43010815879683,-99.72555027586641,-2.8260428473470034
21,5.037338317791381,48.424960445728516,34,90.0,180.0,3,240,2100,15.347654032830796,114.96266168220859,-99.61466601263255,-2.647212109751192
22,159.78615199858035,-72.32222043394685,34,90.0,180.0,3,240,2100,16.709737270411853,320.21384800141965,-100.35429596218931,-3.766709912670891
23,6.314491857661267,83.41174372916092,34,90.0,180.0,3,240,2100,13.505443915001988,113.68550814233873,-98.5096800994284,-1.330306543374047
24,10.155686400734055,-59.05027838272114,34,90.0,180.0,3,240,2100,16.624437588390247,109.84431359926594,-100.30912457502934,-3.692072616233084
25,-32.1158112031589,-87.05386136384567,34,90.0,180.0,3,240,2100,16.796607878795925,152.11581120315896,-100.39728679602693,-4.520335307139819
26,-101.6572691125094,5.682671831153158,34,90.0,180.0,3,240,2100,16.054741344313967,221.65726911250937,-100.00591079294628,-2.92503305889164
27,2.1548920766727804,-21.46992165857057,34,90.0,180.0,3,240,2100,16.333908714471693,117.84510792332719,-100.15681287420449,-3.615773411167943
28,-22.58481953598519,46.039700891615695,34,90.0,180.0,3,240,2100,15.40344097824838,142.58481953598516,-99.6457289019918,-2.6732861521458573
29,-176.51268984668744,44.88274251401907,34,90.0,180.0,3,240,2100,15.429418862066159,296.5126898466874,-99.66019108615653,-2.4143872651338087
30,70.96053897970518,-6.827828979633836,34,90.0,180.0,3,240,2100,16.193088375484034,49.03946102029482,-100.0823388280823,-3.1360283232050277
31,173.9665918108256,80.72177704869151,34,90.0,180.0,3,240,2100,13.847824844632552,306.0334081891744,-98.72420574426826,-1.5030720738772376
0,31.34209760492587,-3.1575125967943904,35,-90.0,-180.0,1,0,2100,16.08424993184618,211.3420976049259,-100.02298566946396,-3.285106489593571
1,31.850776370173776,75.09529074802106,35,-90.0,-180.0,1,0,2100,16.726676721582106,211.85077637017378,-100.36213867040159,-3.9109650125434663
2,-3.158092354299157,-61.29799579609973,35,-90.0,-180.0,1,0,2100,14.977121106482258,176.84190764570087,-99.4026696726972,-2.344958080284782
3,-61.709936254491026,-84.09446313587345,35,-90.0,-180.0,1,0,2100,13.396045723821246,118.29006374550897,-98.44437069331599,-1.2515713008078644
4,-171.4621505117542,-48.71496311077597,35,-90.0,-180.0,1,0,2100,15.340654189269516,8.537849488245797,-99.61517024843165,-2.368373041428866
5,-17.179476240233242,-32.88879665931678,35,-90.0,-180.0,1,0,2100,15.665154300610157,162.82052375976673,-99.79256844488776,-2.9396628700131395
6,-76.71051422576303,30.63105546883523,35,-90.0,-180.0,1,0,2100,16.41289067393009,103.28948577423694,-100.19908714897473,-3.3196375159379574
7,175.19776410798738,28.142818653948495,35,-90.0,-180.0,1,0,2100,16.39204813650699,355.1977641079874,-100.18607012338468,-3.1253893733672093
8,150.82753657426304,-16.57206452965454,35,-90.0,-180.0,1,0,2100,15.916458418077696,330.82753657426304,-99.93420927135452,-2.7292384586243323
9,61.67284021915313,-44.447178166847735,35,-90.0,-180.0,1,0,2100,15.439026609509732,241.67284021915313,-99.66570241587031,-2.5983571186364207
10,-74.58881076177927,-54.244653626485686,35,-90.0,-180.0,1,0,2100,15.196853898393664,105.41118923822074,-99.5280967346917,-2.4025265506440636
11,147.91193292791434,82.34212251770916,35,-90.0,-180.0,1,0,2100,16.769635478018568,327.91193292791434,-100.38190457025219,-4.113443408196645
12,98.38020056300729,4.365897556299828,35,-90.0,-180.0,1,0,2100,16.16733368866312,278.3802005630073,-100.06847962273929,-3.026326930178497
13,38.043294120360656,-48.382588931910774,35,-90.0,-180.0,1,0,2100,15.348672671133045,218.04329412036063,-99.61473755205412,-2.592845926292311
14,18.03395225735855,-74.60658698707202,35,-90.0,-180.0,1,0,2100,14.354094115344353,198.03395225735852,-99.03582730536777,-1.8980440750887428
15,-126.1654706283912,6.424603273742278,35,-90.0,-180.0,1,0,2100,16.18891532318283,53.83452937160877,-100.08104062476866,-2.9818690089018007
16,168.31908798227494,-70.77161159355106,35,-90.0,-180.0,1,0,2100,14.576542057340857,348.31908798227494,-99.17455726529477,-1.9393229221224808
17,12.754051659096376,24.496818994799455,35,-90.0,-180.0,1,0,2100,16.360700959646305,192.75405165909635,-100.1711695421047,-3.565849121981653
18,93.75128720473083,-40.16833032491238,35,-90.0,-180.0,1,0,2100,15.528804739714563,273.75128720473083,-99.71668374593342,-2.580502746045685
19,-139.55111072236414,32.019006142420125,35,-90.0,-180.0,1,0,2100,16.42433073455816,40.44888927763583,-100.20596180706596,-3.2028030282931557
20,-11.563174571857559,39.24969570109684,35,-90.0,-180.0,1,0,2100,16.48190006882956,168.43682542814247,-100.23505400621663,-3.581173645255879
21,5.6168272661290075,48.32321758493137,35,-90.0,-180.0,1,0,2100,16.549747008224898,185.61682726612898,-100.27059411322573,-3.6218404358404688
22,161.12551040034958,-72.47351049225925,35,-90.0,-180.0,1,0,2100,14.483867775452605,341.1255104003496,-99.11718245746724,-1.885249789803117
23,6.180719531788839,83.35194688209194,35,-90.0,-180.0,1,0,2100,16.775477795105378,186.18071953178884,-100.3869825778456,-4.202508849198735
24,10.492462827119681,-59.170110391147816,35,-90.0,-180.0,1,0,2100,15.04863879291542,190.49246282711965,-99.44372825940495,-2.3971699163936186
25,-31.956282572890302,-88.98363955222746,35,-90.0,-180.0,1,0,2100,11.6363907365165,148.04371742710975,-97.21442072007937,-0.00878581807698719
26,-104.90198550833824,4.062415713383487,35,-90.0,-180.0,1,0,2100,16.164112494659665,75.09801449166173,-100.06701138238847,-3.0078920310210506
27,1.5726086043376597,-21.90723275048809,35,-90.0,-180.0,1,0,2100,15.841024971935774,181.57260860433763,-99.89001294981604,-3.2224905089729123
28,-26.83856699696392,47.58518869180534,35,-90.0,-180.0,1,0,2100,16.544397184960996,153.1614330030361,-100.26774773948642,-3.5900742857843992
29,-177.20309836538883,43.414094052003946,35,-90.0,-180.0,1,0,2100,16.513611688082307,2.7969016346111744,-100.24907318589037,-3.298420827212047
30,70.97122074577467,-6.816799388574083,35,-90.0,-180.0,1,0,2100,16.04119935998902,250.97122074577467,-99.99983366889153,-3.0128282790766177
31,173.91016147237906,80.7759120958006,35,-90.0,-180.0,1,0,2100,16.760506134411667,353.91016147237906,-100.37335126976609,-4.03049128847163
0,31.34209760492587,-3.1575125967943904,35,0.0,0.0,2,120,2100,15.069653610444028,336.0539484391846,-99.4559897072843,-2.4241124520173396
1,31.850776370173776,75.09529074802106,35,0.0,0.0,2,120,2100,15.968883294622902,247.99539601393758,-99.9598249758018,-3.3338888797529886
2,-3.158092354299157,-61.29799579609973,35,0.0,0.0,2,120,2100,15.736677883361422,61.72774933670706,-99.83277818468618,-3.0073865371799484
3,-61.709936254491026,-84.09446313587345,35,0.0,0.0,2,120,2100,16.08841562348151,65.20431031634419,-100.02496362371151,-3.7265800282123447
4,-171.4621505117542,-48.71496311077597,35,0.0,0.0,2,120,2100,16.49328700438048,67.42713893688563,-100.24043502225857,-3.3187126283221504
5,-17.179476240233242,-32.88879665931678,35,0.0,0.0,2,120,2100,15.221661356954442,84.54911405776852,-99.5437490307401,-2.5587113988216617
6,-76.71051422576303,30.63105546883523,35,0.0,0.0,2,120,2100,15.9844223101591,181.31729700267516,-99.96796450076147,-2.9765524603894793
7,175.19776410798738,28.142818653948495,35,0.0,0.0,2,120,2100,16.64063026543037,248.89497063583372,-100.31762275885906,-3.319583737826683
8,150.82753657426304,-16.57206452965454,35,0.0,0.0,2,120,2100,16.609312518046174,1.4040621553815527,-100.2980361659841,-3.275354273601393
9,61.67284021915313,-44.447178166847735,35,0.0,0.0,2,120,2100,15.871493751174127,18.095042051835435,-99.90693592011233,-2.966713703969236
10,-74.58881076177927,-54.244653626485686,35,0.0,0.0,2,120,2100,16.015428629260313,94.7663947142828,-99.98522515065716,-3.1022834084172097
11,147.91193292791434,82.34212251770916,35,0.0,0.0,2,120,2100,16.18951584227237,244.08549352116358,-100.07918732884905,-3.6873962334244132
12,98.38020056300729,4.365897556299828,35,0.0,0.0,2,120,2100,16.208744523490985,325.5871687128495,-100.09000839719522,-3.0585407472645025
13,38.043294120360656,-48.382588931910774,35,0.0,0.0,2,120,2100,15.688545938535965,31.300471506974418,-99.80608621609898,-2.886031854397981
14,18.03395225735855,-74.60658698707202,35,0.0,0.0,2,120,2100,15.942697775011288,55.128204056497225,-99.94591115326824,-3.308516647496867
15,-126.1654706283912,6.424603273742278,35,0.0,0.0,2,120,2100,16.45566484025074,157.94027271494883,-100.22019487971122,-3.1894060558268293
16,168.31908798227494,-70.77161159355106,35,0.0,0.0,2,120,2100,16.309803441901998,55.96065528501572,-100.14362855099596,-3.4313447350808413
17,12.754051659096376,24.496818994799455,35,0.0,0.0,2,120,2100,14.931983309507226,265.8501392923666,-99.37612600746871,-2.3689186951638628
18,93.75128720473083,-40.16833032491238,35,0.0,0.0,2,120,2100,16.15130833598442,10.228914622805291,-100.05852985325564,-3.100128028855955
19,-139.55111072236414,32.019006142420125,35,0.0,0.0,2,120,2100,16.489087597266682,193.9460862998572,-100.2378912293885,-3.249922372760015
20,-11.563174571857559,39.24969570109684,35,0.0,0.0,2,120,2100,15.325204880796782,226.21537177139368,-99.60259299023609,-2.639474295615865
21,5.6168272661290075,48.32321758493137,35,0.0,0.0,2,120,2100,15.503111786798469,244.9797471086826,-99.70250803148612,-2.7818163265706146
22,161.12551040034958,-72.47351049225925,35,0.0,0.0,2,120,2100,16.288825457827834,54.16676369060235,-100.13247688141035,-3.450708342365798
23,6.180719531788839,83.35194688209194,35,0.0,0.0,2,120,2100,16.04369149800409,240.71895314537903,-100.00042668542578,-3.6595557649226156
24,10.492462827119681,-59.170110391147816,35,0.0,0.0,2,120,2100,15.710159437011688,53.79710613249779,-99.81810418337678,-2.9733260239035033
25,-31.956282572890302,-88.98363955222746,35,0.0,0.0,2,120,2100,16.110336075346275,60.537971786027754,-100.036818331118,-4.524771752491962
26,-104.90198550833824,4.062415713383487,35,0.0,0.0,2,120,2100,16.27281514169209,154.20330319783773,-100.12323586250635,-3.091973518521574
27,1.5726086043376597,-21.90723275048809,35,0.0,0.0,2,120,2100,14.709414843549984,56.09598378195449,-99.24481405221476,-2.2327703619913644
28,-26.83856699696392,47.58518869180534,35,0.0,0.0,2,120,2100,15.590414445628818,217.585303198132,-99.75145232053474,-2.8270386581962197
29,-177.20309836538883,43.414094052003946,35,0.0,0.0,2,120,2100,16.536579723878486,237.04760622448993,-100.26328732274708,-3.3192698904481106
30,70.97122074577467,-6.816799388574083,35,0.0,0.0,2,120,2100,15.88439397341015,337.20680449289614,-99.91400711328903,-2.883469379729275
31,173.91016147237906,80.7759120958006,35,0.0,0.0,2,120,2100,16.217005450248216,240.98700754003062,-100.09391030811985,-3.6354240912435447
0,31.34209760492587,-3.1575125967943904,35,90.0,180.0,3,240,2100,16.15444568103961,88.65790239507407,-100.06149798723133,-3.3415771638009346
1,31.850776370173776,75.09529074802106,35,90.0,180.0,3,240,2100,14.321831663189272,88.14922362982622,-99.01450126005376,-1.8684988383900998
2,-3.158092354299157,-61.29799579609973,35,90.0,180.0,3,240,2100,16.639405273809594,123.15809235429913,-100.3167662508473,-3.714684500982237
3,-61.709936254491026,-84.09446313587345,35,90.0,180.0,3,240,2100,16.77975193537191,181.70993625449103,-100.38890289143355,-4.236066324532563
4,-171.4621505117542,-48.71496311077597,35,90.0,180.0,3,240,2100,16.552575107662733,291.4621505117542,-100.27386973337339,-3.367631270271137
5,-17.179476240233242,-32.88879665931678,35,90.0,180.0,3,240,2100,16.43143376761879,137.1794762402332,-100.20808509484885,-3.552028123761732
6,-76.71051422576303,30.63105546883523,35,90.0,180.0,3,240,2100,15.70392526190638,196.710514225763,-99.81296001630989,-2.741293579565591
7,175.19776410798738,28.142818653948495,35,90.0,180.0,3,240,2100,15.744982186679069,304.8022358920126,-99.8376380979157,-2.5966127123556806
8,150.82753657426304,-16.57206452965454,35,90.0,180.0,3,240,2100,16.288975343144003,329.17246342573696,-100.13409800821331,-3.0321063312894507
9,61.67284021915313,-44.447178166847735,35,90.0,180.0,3,240,2100,16.521325301620756,58.32715978084684,-100.25538628902677,-3.4810624731032487
10,-74.58881076177927,-54.244653626485686,35,90.0,180.0,3,240,2100,16.591664744015596,194.5888107617793,-100.29197539967616,-3.5516466783655636
11,147.91193292791434,82.34212251770916,35,90.0,180.0,3,240,2100,13.655889867622067,332.08806707208566,-98.60318247193332,-1.3855963757294751
12,98.38020056300729,4.365897556299828,35,90.0,180.0,3,240,2100,16.070237542030952,21.619799436992707,-100.01526246544579,-2.9463538668222418
13,38.043294120360656,-48.382588931910774,35,90.0,180.0,3,240,2100,16.55017613795501,81.95670587963934,-100.27076446961534,-3.571726610566019
14,18.03395225735855,-74.60658698707202,35,90.0,180.0,3,240,2100,16.723712200448134,101.96604774264142,-100.3601753572545,-3.9034208267446706
15,-126.1654706283912,6.424603273742278,35,90.0,180.0,3,240,2100,16.04590312701469,246.16547062839118,-100.00154456041226,-2.8618065570890243
16,168.31908798227494,-70.77161159355106,35,90.0,180.0,3,240,2100,16.70013869250296,311.68091201772506,-100.34993588072248,-3.7281364372354564
17,12.754051659096376,24.496818994799455,35,90.0,180.0,3,240,2100,15.80225268385298,107.24594834090362,-99.869138738224,-3.1239792322776783
18,93.75128720473083,-40.16833032491238,35,90.0,180.0,3,240,2100,16.488982370812035,26.24871279526917,-100.23629593938311,-3.362372837544503
19,-139.55111072236414,32.019006142420125,35,90.0,180.0,3,240,2100,15.68026925995116,259.5511107223641,-99.80009813479501,-2.588523769347871
20,-11.563174571857559,39.24969570109684,35,90.0,180.0,3,240,2100,15.547071631233932,131.56317457185753,-99.72669437436558,-2.8296950546989184
21,5.6168272661290075,48.32321758493137,35,90.0,180.0,3,240,2100,15.350098252959228,114.38317273387099,-99.61606948113199,-2.649122032035987
22,161.12551040034958,-72.47351049225925,35,90.0,180.0,3,240,2100,16.7106688717014,318.8744895996504,-100.35488133875117,-3.7699735538288213
23,6.180719531788839,83.35194688209194,35,90.0,180.0,3,240,2100,13.514479239116797,113.81928046821116,-98.51547748026425,-1.3363948793686147
24,10.492462827119681,-59.170110391147816,35,90.0,180.0,3,240,2100,16.62524123570725,109.50753717288029,-100.30955207419973,-3.692988540316585
25,-31.956282572890302,-88.98363955222746,35,90.0,180.0,3,240,2100,16.807448292988745,151.95628257289042,-100.40280532848307,-5.012853944449544
26,-104.90198550833824,4.062415713383487,35,90.0,180.0,3,240,2100,16.073775213466483,224.90198550833827,-100.01630507133616,-2.9315945863850623
27,1.5726086043376597,-21.90723275048809,35,90.0,180.0,3,240,2100,16.3378241696273,118.42739139566231,-100.15887860760579,-3.613755210932121
28,-26.83856699696392,47.58518869180534,35,90.0,180.0,3,240,2100,15.367651676623867,146.8385669969639,-99.6254488334339,-2.6338382118749197
29,-177.20309836538883,43.414094052003946,35,90.0,180.0,3,240,2100,15.461452081032808,297.20309836538877,-99.67834186028541,-2.4324904118971578
30,70.97122074577467,-6.816799388574083,35,90.0,180.0,3,240,2100,16.19297445969777,49.028779254225356,-100.08227680482138,-3.1358898824201087
31,173.91016147237906,80.7759120958006,35,90.0,180.0,3,240,2100,13.841973127034501,306.08983852762094,-98.72056841319741,-1.499507628000471
0,32.22309258495844,-3.0364944659803967,36,-90.0,-180.0,1,0,2100,16.08564249761237,212.22309258495844,-100.02374082984379,-3.2778624316982192
1,32.23086463315866,75.82385824297836,36,-90.0,-180.0,1,0,2100,16.73108002453275,212.23086463315866,-100.36439546102183,-3.9280140043222724
2,-3.9434568399742886,-61.36517386634719,36,-90.0,-180.0,1,0,2100,14.974777828015656,176.05654316002574,-99.40132584398982,-2.3430623623691895
3,-64.92583287397753,-83.87921567498648,36,-90.0,-180.0,1,0,2100,13.431845553934089,115.07416712602247,-98.46698616867613,-1.2738110515016334
4,-173.8128387027598,-50.15234813240728,36,-90.0,-180.0,1,0,2100,15.305217544947253,6.187161297240209,-99.59525981152471,-2.348125350924512
5,-15.018675925699,-32.64132499068762,36,-90.0,-180.0,1,0,2100,15.669478093365049,164.98132407430103,-99.79499081276875,-2.951738168805286
6,-78.82675449581876,30.96558260600797,36,-90.0,-180.0,1,0,2100,16.415659978410094,101.17324550418124,-100.20058557744491,-3.3165747928598814
7,176.22906862417636,29.12219146423297,36,-90.0,-180.0,1,0,2100,16.400303701016945,356.2290686241763,-100.19020864011186,-3.135590062420194
8,151.36154967777014,-17.156995166406787,36,-90.0,-180.0,1,0,2100,15.908460470136482,331.36154967777014,-99.92988230757919,-2.7230456114315
9,62.201400919266234,-45.57968888167826,36,-90.0,-180.0,1,0,2100,15.413850864972726,242.20140091926623,-99.65146551582056,-2.579011881586299
10,-70.77232268550758,-52.95031567759182,36,-90.0,-180.0,1,0,2100,15.23241391414126,109.22767731449244,-99.5484115094398,-2.4339818264090347
11,151.03742154144675,80.16690864617627,36,-90.0,-180.0,1,0,2100,16.75693366402552,331.03742154144675,-100.37517490661305,-4.010903216527363
12,97.11430625107829,4.097267609522731,36,-90.0,-180.0,1,0,2100,16.164482944828315,277.11430625107823,-100.06691990323888,-3.0272988823506655
13,39.133126991535136,-48.05686597236346,36,-90.0,-180.0,1,0,2100,15.356468803600022,219.13312699153514,-99.61915142102154,-2.596303565266307
14,16.856593826988586,-73.91438580332493,36,-90.0,-180.0,1,0,2100,14.39807974314586,196.85659382698856,-99.06222178439722,-1.9283501148077964
15,-122.11285349828243,7.45077337352987,36,-90.0,-180.0,1,0,2100,16.199501294494677,57.88714650171755,-100.08660164227186,-2.9994383684916586
16,169.63337108036598,-70.55582438011325,36,-90.0,-180.0,1,0,2100,14.587701873513058,349.6333710803659,-99.1815750882551,-1.9458993861952139
17,15.82726434110225,23.82409222133512,36,-90.0,-180.0,1,0,2100,16.35480812518209,195.82726434110222,-100.16805696404012,-3.550089726066653
18,99.28902954806227,-39.388152111197265,36,-90.0,-180.0,1,0,2100,15.544339714661852,279.2890295480623,-99.72559701687314,-2.5789725389411005
19,-141.28121103484108,30.329030073045118,36,-90.0,-180.0,1,0,2100,16.410383822799457,38.71878896515892,-100.1986343271843,-3.1829618488043856
20,-13.64020618884524,39.015025212487615,36,-90.0,-180.0,1,0,2100,16.480082782008207,166.35979381115476,-100.23409759170774,-3.5767204659793457
21,4.193053025983801,48.773746726856956,36,-90.0,-180.0,1,0,2100,16.55299879058078,184.19305302598377,-100.27228602009728,-3.6247168155835414
22,162.1920807135101,-72.89046295508348,36,-90.0,-180.0,1,0,2100,14.459790395289769,342.19208071351005,-99.1030288034436,-1.8711641233128984
23,6.2057528274665685,83.42855459530423,36,-90.0,-180.0,1,0,2100,16.7759196175848,186.20575282746657,-100.38721310530255,-4.2068749911721985
24,9.848007618977817,-58.398471129421175,36,-90.0,-180.0,1,0,2100,15.073359625952307,189.84800761897782,-99.45795418195675,-2.4167286954387137
25,-31.74671224450347,-89.11916769891377,36,-90.0,-180.0,1,0,2100,11.493276016969467,148.25328775549667,-97.10432647834664,0.10185338675816037
26,-107.97724197521454,3.0646837295316374,36,-90.0,-180.0,1,0,2100,16.153448712173095,72.02275802478545,-100.06136894844214,-2.9914122985267673
27,0.7275128901118819,-21.034000133642152,36,-90.0,-180.0,1,0,2100,15.853767598133485,180.72751289011185,-99.89702116746567,-3.245328418622363
28,-27.5709664325704,49.122665390783766,36,-90.0,-180.0,1,0,2100,16.555509933650686,152.42903356742954,-100.27356032465099,-3.598674620536593
29,-179.2119331457112,42.89732825902931,36,-90.0,-180.0,1,0,2100,16.50973077000351,0.7880668542887861,-100.24674046757598,-3.2916694361687155
30,72.47353457397548,-6.5129497102248735,36,-90.0,-180.0,1,0,2100,16.044845481364277,252.47353457397546,-100.00183065872694,-3.0099173269415456
31,173.67362548412416,79.84856240754988,36,-90.0,-180.0,1,0,2100,16.755061123850574,353.67362548412416,-100.3706997466154,-3.9915030617949707
0,32.22309258495844,-3.0364944659803967,36,0.0,0.0,2,120,2100,15.096783467670146,335.68131021214145,-99.4715606175118,-2.4396471005937763
1,32.23086463315866,75.82385824297836,36,0.0,0.0,2,120,2100,15.977422954118298,247.67254941792288,-99.96447278026353,-3.355132206489661
2,-3.9434568399742886,-61.36517386634719,36,0.0,0.0,2,120,2100,15.738202303489711,62.15044311457362,-99.83362203414609,-3.0088718744815046
3,-64.92583287397753,-83.87921567498648,36,0.0,0.0,2,120,2100,16.09076495385495,65.5477450652186,-100.02623092846267,-3.7142958142149403
4,-173.8128387027598,-50.15234813240728,36,0.0,0.0,2,120,2100,16.48437272573313,65.13981079617426,-100.23575558619675,-3.3222652317673558
5,-15.018675925699,-32.64132499068762,36,0.0,0.0,2,120,2100,15.191948925375105,82.02595160549399,-99.52671796503846,-2.5409065201409446
6,-78.82675449581876,30.96558260600797,36,0.0,0.0,2,120,2100,16.00760899309156,181.4514760975286,-99.98054469422115,-2.9900689312252253
7,176.22906862417636,29.12219146423297,36,0.0,0.0,2,120,2100,16.63515241437941,246.73280792966057,-100.31475805830442,-3.31937808411622
8,151.36154967777014,-17.156995166406787,36,0.0,0.0,2,120,2100,16.61054002296417,2.7876585434105436,-100.2987856308309,-3.276881735339416
9,62.201400919266234,-45.57968888167826,36,0.0,0.0,2,120,2100,15.882109335731403,19.078919472149494,-99.91275817527341,-2.9781262340123598
10,-70.77232268550758,-52.95031567759182,36,0.0,0.0,2,120,2100,15.983958760395604,95.48140097099426,-99.96813796437475,-3.0763323382567065
11,151.03742154144675,80.16690864617627,36,0.0,0.0,2,120,2100,16.21115762116413,244.79762033367626,-100.09082163542925,-3.6082554759303935
12,97.11430625107829,4.097267609522731,36,0.0,0.0,2,120,2100,16.195854419357694,325.8710524888175,-100.08309434164467,-3.0515065309160243
13,39.133126991535136,-48.05686597236346,36,0.0,0.0,2,120,2100,15.693802452944828,30.44096483629619,-99.80900244555049,-2.887141592551547
14,16.856593826988586,-73.91438580332493,36,0.0,0.0,2,120,2100,15.932603157104769,55.22011748979014,-99.94040521410786,-3.2887550296351082
15,-122.11285349828243,7.45077337352987,36,0.0,0.0,2,120,2100,16.422614203449687,158.7772464278804,-100.20275566433128,-3.1726664587895606
16,169.63337108036598,-70.55582438011325,36,0.0,0.0,2,120,2100,16.312550221638755,56.3651659743,-100.1450922777798,-3.429102112767428
17,15.82726434110225,23.82409222133512,36,0.0,0.0,2,120,2100,14.964588012220299,271.7026494019412,-99.3949754118739,-2.386318708931737
18,99.28902954806227,-39.388152111197265,36,0.0,0.0,2,120,2100,16.19657918048302,9.759541279290374,-100.08273414955356,-3.1214221605763814
19,-141.28121103484108,30.329030073045118,36,0.0,0.0,2,120,2100,16.505478394530968,193.08541978744478,-100.24649910610404,-3.2536399044422737
20,-13.64020618884524,39.015025212487615,36,0.0,0.0,2,120,2100,15.332964814354414,223.7717068350724,-99.60702141424575,-2.643009959186326
21,4.193053025983801,48.773746726856956,36,0.0,0.0,2,120,2100,15.510094810266736,243.66584646542623,-99.70642728877209,-2.788278405310696
22,162.1920807135101,-72.89046295508348,36,0.0,0.0,2,120,2100,16.286102891752474,54.62200425842798,-100.13102692967817,-3.4567482672532934
23,6.2057528274665685,83.42855459530423,36,0.0,0.0,2,120,2100,16.044608056660298,240.71346227735694,-100.00092462803332,-3.664464352732521
24,9.848007618977817,-58.398471129421175,36,0.0,0.0,2,120,2100,15.696274485152493,53.99299832092345,-99.81041260268904,-2.959034377642121
25,-31.74671224450347,-89.11916769891377,36,0.0,0.0,2,120,2100,16.111606161158264,60.46348964531657,-100.03750708370013,-4.600033688431383
26,-107.97724197521454,3.0646837295316374,36,0.0,0.0,2,120,2100,16.301828146763135,153.22166031943692,-100.13870677606265,-3.107074226770148
27,0.7275128901118819,-21.034000133642152,36,0.0,0.0,2,120,2100,14.666865154436064,58.108858390241494,-99.21956489274038,-2.205935435437771
28,-27.5709664325704,49.122665390783766,36,0.0,0.0,2,120,2100,15.619104194175815,218.1684574248257,-99.76738954509851,-2.851525999926902
29,-179.2119331457112,42.89732825902931,36,0.0,0.0,2,120,2100,16.54084143841876,239.15194843212936,-100.26554541084232,-3.319259057857219
30,72.47353457397548,-6.5129497102248735,36,0.0,0.0,2,120,2100,15.904984908110395,336.8270887813228,-99.92529551301686,-2.894599372787007
31,173.67362548412416,79.84856240754988,36,0.0,0.0,2,120,2100,16.226213418060876,241.13031265518003,-100.0988458581048,-3.6062773582756846
0,32.22309258495844,-3.0364944659803967,36,90.0,180.0,3,240,2100,16.153145766632193,87.77690741504153,-100.06080906770495,-3.3322486568773684
1,32.23086463315866,75.82385824297836,36,90.0,180.0,3,240,2100,14.27171486757181,87.76913536684134,-98.98413446646596,-1.834624595629222
2,-3.9434568399742886,-61.36517386634719,36,90.0,180.0,3,240,2100,16.63984918687267,123.94345683997432,-100.31699178997795,-3.715214286332164
3,-64.92583287397753,-83.87921567498648,36,90.0,180.0,3,240,2100,16.77851478733265,184.92583287397758,-100.38830931344876,-4.221622879869516
4,-173.8128387027598,-50.15234813240728,36,90.0,180.0,3,240,2100,16.562883936274236,293.8128387027598,-100.27926832001913,-3.3858786389091975
5,-15.018675925699,-32.64132499068762,36,90.0,180.0,3,240,2100,16.429417951940792,135.01867592569897,-100.20704556449208,-3.5585823492087503
6,-78.82675449581876,30.96558260600797,36,90.0,180.0,3,240,2100,15.698274611940217,198.82675449581876,-99.8097973425913,-2.7309477612824558
7,176.22906862417636,29.12219146423297,36,90.0,180.0,3,240,2100,15.72902270429553,303.77093137582364,-99.82871494976445,-2.5870010413257587
8,151.36154967777014,-17.156995166406787,36,90.0,180.0,3,240,2100,16.29444892777303,328.63845032222986,-100.1370392435127,-3.0369433030894495
9,62.201400919266234,-45.57968888167826,36,90.0,180.0,3,240,2100,16.529713483821197,57.798599080733766,-100.25972125363587,-3.489894790664451
10,-70.77232268550758,-52.95031567759182,36,90.0,180.0,3,240,2100,16.582651030199695,190.77232268550756,-100.28722575062001,-3.5443401020561804
11,151.03742154144675,80.16690864617627,36,90.0,180.0,3,240,2100,13.905908120142112,328.96257845855325,-98.75992601667566,-1.5395774311997814
12,97.11430625107829,4.097267609522731,36,90.0,180.0,3,240,2100,16.073369582312548,22.88569374892171,-100.01704268681121,-2.952365143739261
13,39.133126991535136,-48.05686597236346,36,90.0,180.0,3,240,2100,16.547819577895744,80.86687300846484,-100.26954040724257,-3.5668210870290906
14,16.856593826988586,-73.91438580332493,36,90.0,180.0,3,240,2100,16.7194981488193,103.14340617301139,-100.3580183830231,-3.8891834836662027
15,-122.11285349828243,7.45077337352987,36,90.0,180.0,3,240,2100,16.03354875088257,242.11285349828245,-99.99470662404175,-2.8607386880202097
16,169.63337108036598,-70.55582438011325,36,90.0,180.0,3,240,2100,16.698795593784002,310.366628919634,-100.3493053963345,-3.7229575240479833
17,15.82726434110225,23.82409222133512,36,90.0,180.0,3,240,2100,15.812470441900162,104.17273565889775,-99.87484795376332,-3.1208315226579457
18,99.28902954806227,-39.388152111197265,36,90.0,180.0,3,240,2100,16.482970727396197,20.710970451937726,-100.2324499846164,-3.342275642711607
19,-141.28121103484108,30.329030073045118,36,90.0,180.0,3,240,2100,15.708999627083072,261.281211034841,-99.81614626911941,-2.603968306287725
20,-13.64020618884524,39.015025212487615,36,90.0,180.0,3,240,2100,15.55168499378591,133.64020618884524,-99.72923271476338,-2.8303025278718197
21,4.193053025983801,48.773746726856956,36,90.0,180.0,3,240,2100,15.339229326972228,115.80694697401623,-99.60988765859615,-2.640062049541885
22,162.1920807135101,-72.89046295508348,36,90.0,180.0,3,240,2100,16.713231863932084,317.8079192864899,-100.35626840440473,-3.779906070378095
23,6.2057528274665685,83.42855459530423,36,90.0,180.0,3,240,2100,13.502889016304277,113.79424717253346,-98.50805314215403,-1.3286003636317618
24,9.848007618977817,-58.398471129421175,36,90.0,180.0,3,240,2100,16.62005492913679,110.15199238102218,-100.30686200747766,-3.6865730737740354
25,-31.74671224450347,-89.11916769891377,36,90.0,180.0,3,240,2100,16.80820521610475,151.7467122445036,-100.40319387089453,-5.0856536675997
26,-107.97724197521454,3.0646837295316374,36,90.0,180.0,3,240,2100,16.085318294600604,227.97724197521455,-100.02262631806188,-2.9330827809912687
27,0.7275128901118819,-21.034000133642152,36,90.0,180.0,3,240,2100,16.329990383109667,119.27248710988812,-100.15470305815495,-3.619925725454323
28,-27.5709664325704,49.122665390783766,36,90.0,180.0,3,240,2100,15.33072980345282,147.5709664325704,-99.60454853226668,-2.601765447992461
29,-179.2119331457112,42.89732825902931,36,90.0,180.0,3,240,2100,15.472483755274958,299.2119331457112,-99.68464977969887,-2.4388400091379037
30,72.47353457397548,-6.5129497102248735,36,90.0,180.0,3,240,2100,16.18983112659242,47.526465426024515,-100.08056219483942,-3.127489191939698
31,173.67362548412416,79.84856240754988,36,90.0,180.0,3,240,2100,13.937770055386414,306.32637451587584,-98.77993748863251,-1.5576143488865781
0,34.89499297350224,-1.8460839853595985,37,-90.0,-180.0,1,0,2100,16.099238274488286,214.89499297350224,-100.03111313450876,-3.265008230473723
1,32.30357366262487,76.45455579254488,37,-90.0,-180.0,1,0,2100,16.734876228235713,212.3035736626249,-100.36634396690796,-3.943711980873762
2,-1.7357718322771802,-61.11883280155191,37,-90.0,-180.0,1,0,2100,14.983343879991478,178.26422816772288,-99.4062565701524,-2.349843100808061
3,-65.24212962165129,-83.85985135257663,37,-90.0,-180.0,1,0,2100,13.435004254854904,114.75787037834874,-98.4689694366391,-1.2757480799999865
4,-173.83045398188685,-50.369141426233234,37,-90.0,-180.0,1,0,2100,15.29976213866728,6.169546018113124,-99.59216507189429,-2.3450582308378096
5,-14.83035336460918,-32.51542958449488,37,-90.0,-180.0,1,0,2100,15.671670567749809,165.1696466353908,-99.79620748545821,-2.9547918921455416
6,-77.52909784614035,30.410689332441578,37,-90.0,-180.0,1,0,2100,16.411062225654092,102.47090215385964,-100.19813851019354,-3.31536823259456
7,177.19874616904855,29.658488094629845,37,-90.0,-180.0,1,0,2100,16.404795668229763,357.1987461690485,-100.19240231011888,-3.141113110374003
8,154.13574522727544,-19.488268614485293,37,-90.0,-180.0,1,0,2100,15.875933066291017,334.13574522727544,-99.91229544107169,-2.697561412660254
9,62.904502992761735,-45.835338553766974,37,-90.0,-180.0,1,0,2100,15.408078998197292,242.9045029927617,-99.64819056226546,-2.573087048303181
10,-67.39965176861159,-51.41766627739693,37,-90.0,-180.0,1,0,2100,15.272948569241793,112.60034823138841,-99.57151822783321,-2.46865396052144
11,152.43313922442178,79.07473820686991,37,-90.0,-180.0,1,0,2100,16.750494748491366,332.4331392244218,-100.37178743370396,-3.9676175457468537
12,100.36351597338916,3.5991007554807766,37,-90.0,-180.0,1,0,2100,16.159174712384107,280.36351597338916,-100.06411926907438,-3.0143353269356203
13,40.604191403910676,-46.86783240772677,37,-90.0,-180.0,1,0,2100,15.384423115135403,220.60419140391065,-99.63498280264854,-2.614474614300806
14,15.917442855740006,-73.4156760689745,37,-90.0,-180.0,1,0,2100,14.428612289639577,195.91744285573998,-99.08051029598204,-1.9495154509697163
15,-118.78949658403127,9.241597767188296,37,-90.0,-180.0,1,0,2100,16.217711189529286,61.21050341596873,-100.09625360734447,-3.022625248622066
16,171.3867493848923,-71.18106618014308,37,-90.0,-180.0,1,0,2100,14.555017798744046,351.3867493848923,-99.16267229418082,-1.9272715167316297
17,18.672114781936756,22.379087541891792,37,-90.0,-180.0,1,0,2100,16.3420317864729,198.67211478193673,-100.16129025134539,-3.532465476088687
18,99.091728818138,-38.405213733429235,37,-90.0,-180.0,1,0,2100,15.563574640432288,279.091728818138,-99.73639292871128,-2.591851370636655
19,-140.96907599454383,30.52973331257151,37,-90.0,-180.0,1,0,2100,16.412050386790632,39.03092400545614,-100.19951984535226,-3.1854640857775935
20,-19.537453803864196,37.459849388213215,37,-90.0,-180.0,1,0,2100,16.467955319009146,160.4625461961358,-100.227719208003,-3.557853368354524
21,3.2320671989715777,48.91113981769931,37,-90.0,-180.0,1,0,2100,16.553988351769178,183.23206719897158,-100.27279464416897,-3.6257210298239286
22,160.21448516796886,-71.18347703264548,37,-90.0,-180.0,1,0,2100,14.55488968278316,340.21448516796886,-99.15944216540902,-1.9267035246897832
23,6.304852369735528,83.9561445384669,37,-90.0,-180.0,1,0,2100,16.778957116489263,186.30485236973553,-100.38875361418154,-4.238538893508489
24,11.965715231149204,-58.462678376954884,37,-90.0,-180.0,1,0,2100,15.071325783052279,191.96571523114918,-99.45675854947169,-2.4138972579841322
25,-29.981920376225418,-89.05235783980116,37,-90.0,-180.0,1,0,2100,11.566385003641674,150.01807962377467,-97.160856018832,0.04500116236113412
26,-110.30542547469113,4.050360484184893,37,-90.0,-180.0,1,0,2100,16.163984324438513,69.6945745253089,-100.06713030528293,-2.9947630404385013
27,-0.3791685581360298,-19.234670248266497,37,-90.0,-180.0,1,0,2100,15.87952315521709,179.62083144186397,-99.9111729919063,-3.2930932047023314
28,-28.045174116286262,49.179310766174154,37,-90.0,-180.0,1,0,2100,16.55591701212924,151.95482588371374,-100.27376523794607,-3.5981712337764615
29,-178.37946313967944,41.027449447214565,37,-90.0,-180.0,1,0,2100,16.495560747860516,1.6205368603205557,-100.23966364056417,-3.2696318734934335
30,75.85359367153652,-6.483488942896315,37,-90.0,-180.0,1,0,2100,16.04519829736685,255.8535936715365,-100.00206393055838,-2.9977166378780202
31,170.99647635123966,79.90810969072842,37,-90.0,-180.0,1,0,2100,16.755411652835164,350.99647635123966,-100.37141968752263,-3.994627535091529
0,34.89499297350224,-1.8460839853595985,37,0.0,0.0,2,120,2100,15.173717902733696,333.2247088897169,-99.51558466218839,-2.4833953010408716
1,32.30357366262487,76.45455579254488,37,0.0,0.0,2,120,2100,15.984295733366073,247.33634101253892,-99.96821347206524,-3.374083302063883
2,-1.7357718322771802,-61.11883280155191,37,0.0,0.0,2,120,2100,15.733211263920236,60.95721774764064,-99.83086090157232,-3.003759442555399
3,-65.24212962165129,-83.85985135257663,37,0.0,0.0,2,120,2100,16.09102285224098,65.57952033441342,-100.02636969935328,-3.713248482962282
4,-173.83045398188685,-50.369141426233234,37,0.0,0.0,2,120,2100,16.48272664612887,65.08622092781101,-100.23489592093681,-3.322700431167158
5,-14.83035336460918,-32.51542958449488,37,0.0,0.0,2,120,2100,15.186785916868384,81.87717666002732,-99.52376194099331,-2.5375648809474027
6,-77.52909784614035,30.410689332441578,37,0.0,0.0,2,120,2100,15.992974724865386,181.01136064193525,-99.97260414222966,-2.9805759596231853
7,177.19874616904855,29.658488094629845,37,0.0,0.0,2,120,2100,16.63226476551796,244.90541853856428,-100.31324484337209,-3.3193944344160666
8,154.13574522727544,-19.488268614485293,37,0.0,0.0,2,120,2100,16.617534674210017,9.049746428645278,-100.3028645766785,-3.2843366134567837
9,62.904502992761735,-45.835338553766974,37,0.0,0.0,2,120,2100,15.8898217384649,19.151298706376963,-99.91698150406971,-2.983661983636954
10,-67.39965176861159,-51.41766627739693,37,0.0,0.0,2,120,2100,15.95263888131556,96.37243433079371,-99.95109159306018,-3.0493653456504677
11,152.43313922442178,79.07473820686991,37,0.0,0.0,2,120,2100,16.22204095666095,245.1046632382501,-100.09666327770005,-3.5770537422105777
12,100.36351597338916,3.5991007554807766,37,0.0,0.0,2,120,2100,16.228746761567464,326.3413713619936,-100.10070804101208,-3.0690866855714822
13,40.604191403910676,-46.86783240772677,37,0.0,0.0,2,120,2100,15.693107920965085,28.628442154733193,-99.8086126626077,-2.880341306644212
14,15.917442855740006,-73.4156760689745,37,0.0,0.0,2,120,2100,15.92514881583511,55.33065322797063,-99.93633290069253,-3.2748600814359348
15,-118.78949658403127,9.241597767188296,37,0.0,0.0,2,120,2100,16.394067340249407,160.51767128997142,-100.1876633096016,-3.1589014357440117
16,171.3867493848923,-71.18106618014308,37,0.0,0.0,2,120,2100,16.307814799442365,57.07821265399241,-100.14257756557431,-3.4364158408133907
17,18.672114781936756,22.379087541891792,37,0.0,0.0,2,120,2100,14.981731121731327,277.8669322076607,-99.40482712473408,-2.3932569546639955
18,99.091728818138,-38.405213733429235,37,0.0,0.0,2,120,2100,16.196029284699733,8.758353490614013,-100.0824106909335,-3.117230254109862
19,-140.96907599454383,30.52973331257151,37,0.0,0.0,2,120,2100,16.502946233674635,193.12153921381497,-100.24516649740436,-3.252862484985629
20,-19.537453803864196,37.459849388213215,37,0.0,0.0,2,120,2100,15.347676674634986,216.4205852327883,-99.61543848098667,-2.6456217694311155
21,3.2320671989715777,48.91113981769931,37,0.0,0.0,2,120,2100,15.511781735677602,242.8146446545989,-99.70737827752255,-2.7900222406182196
22,160.21448516796886,-71.18347703264548,37,0.0,0.0,2,120,2100,16.299204724093638,53.42036577115687,-100.13799659562238,-3.4339496695443343
23,6.304852369735528,83.9561445384669,37,0.0,0.0,2,120,2100,16.050885442325185,240.6661698524063,-100.00432655560202,-3.699938577961199
24,11.965715231149204,-58.462678376954884,37,0.0,0.0,2,120,2100,15.701474290604766,52.748899451317584,-99.81329209866952,-2.9624608023623855
25,-29.981920376225418,-89.05235783980116,37,0.0,0.0,2,120,2100,16.11080151937411,60.47359449134987,-100.03707342466694,-4.561233513319788
26,-110.30542547469113,4.050360484184893,37,0.0,0.0,2,120,2100,16.32292695811283,154.31776059509582,-100.14993497371293,-3.1185310231683356
27,-0.3791685581360298,-19.234670248266497,37,0.0,0.0,2,120,2100,14.57705560706892,61.086567833222034,-99.16597381960422,-2.1492979386955313
28,-28.045174116286262,49.179310766174154,37,0.0,0.0,2,120,2100,15.623200254010287,217.8962508460358,-99.76966395918087,-2.8541364143487993
29,-178.37946313967944,41.027449447214565,37,0.0,0.0,2,120,2100,16.55424086615885,238.13849194036942,-100.27254211670274,-3.317910868494213
30,75.85359367153652,-6.483488942896315,37,0.0,0.0,2,120,2100,15.95017564576845,336.68444627807764,-99.95000693529008,-2.9193188245782316
31,170.99647635123966,79.90810969072842,37,0.0,0.0,2,120,2100,16.224986735573427,241.5954576975401,-100.09819690011629,-3.607519162506301
0,34.89499297350224,-1.8460839853595985,37,90.0,180.0,3,240,2100,16.14026811395409,85.10500702649773,-100.05393935082058,-3.298555960577087
1,32.30357366262487,76.45455579254488,37,90.0,180.0,3,240,2100,14.226204773413324,87.6964263373751,-98.95647926833544,-1.8040836763825125
2,-1.7357718322771802,-61.11883280155191,37,90.0,180.0,3,240,2100,16.638220399239646,121.73577183227718,-100.3161603707281,-3.713108521073172
3,-65.24212962165129,-83.85985135257663,37,90.0,180.0,3,240,2100,16.77840341462095,185.24212962165132,-100.38825497902182,-4.220343824521363
4,-173.83045398188685,-50.369141426233234,37,90.0,180.0,3,240,2100,16.56442958130444,293.8304539818869,-100.28008128606737,-3.3887511982654717
5,-14.83035336460918,-32.51542958449488,37,90.0,180.0,3,240,2100,16.428390891452484,134.83035336460915,-100.20651759789077,-3.5589889732070397
6,-77.52909784614035,30.410689332441578,37,90.0,180.0,3,240,2100,15.707630197807052,197.5290978461403,-99.81500832168744,-2.7414229599213242
7,177.19874616904855,29.658488094629845,37,90.0,180.0,3,240,2100,15.7201742790107,302.80125383095145,-99.8237623154907,-2.5816820016619264
8,154.13574522727544,-19.488268614485293,37,90.0,180.0,3,240,2100,16.315971329908127,325.86425477272456,-100.14861862751643,-3.0557499097437795
9,62.904502992761735,-45.835338553766974,37,90.0,180.0,3,240,2100,16.531597312680535,57.09549700723824,-100.26066749280677,-3.490481209961864
10,-67.39965176861159,-51.41766627739693,37,90.0,180.0,3,240,2100,16.571871587778027,187.3996517686116,-100.28156676879614,-3.534727868478078
11,152.43313922442178,79.07473820686991,37,90.0,180.0,3,240,2100,14.011232365978358,327.5668607755782,-98.82506376796636,-1.6033395394928824
12,100.36351597338916,3.5991007554807766,37,90.0,180.0,3,240,2100,16.079152027934338,19.636484026610844,-100.01987986655715,-2.947826830497763
13,40.604191403910676,-46.86783240772677,37,90.0,180.0,3,240,2100,16.539169639147453,79.3958085960893,-100.26503372534081,-3.5544239646412903
14,15.917442855740006,-73.4156760689745,37,90.0,180.0,3,240,2100,16.716451009855017,104.08255714425997,-100.35645806231007,-3.8794027928514403
15,-118.78949658403127,9.241597767188296,37,90.0,180.0,3,240,2100,16.01161596062857,238.78949658403133,-99.98265668339725,-2.8512611094161615
16,171.3867493848923,-71.18106618014308,37,90.0,180.0,3,240,2100,16.70268226373417,308.61325061510763,-100.35137933115871,-3.7366530401164217
17,18.672114781936756,22.379087541891792,37,90.0,180.0,3,240,2100,15.83407126422859,101.32788521806327,-99.88682920749076,-3.1305405651910667
18,99.091728818138,-38.405213733429235,37,90.0,180.0,3,240,2100,16.475344906076458,20.908271181862006,-100.22854661988916,-3.332911162386412
19,-140.96907599454383,30.52973331257151,37,90.0,180.0,3,240,2100,15.705630459449477,260.9690759945438,-99.81427224397919,-2.602311855292261
20,-19.537453803864196,37.459849388213215,37,90.0,180.0,3,240,2100,15.581731662127654,139.5374538038642,-99.74591338383152,-2.845436979949183
21,3.2320671989715777,48.91113981769931,37,90.0,180.0,3,240,2100,15.335891101883874,116.7679328010284,-99.6079777522306,-2.6374079570860562
22,160.21448516796886,-71.18347703264548,37,90.0,180.0,3,240,2100,16.702697221038992,319.78551483203114,-100.350731418747,-3.7398348349094706
23,6.304852369735528,83.9561445384669,37,90.0,180.0,3,240,2100,13.419197456372467,113.69514763026444,-98.4543122932068,-1.272347044852185
24,11.965715231149204,-58.462678376954884,37,90.0,180.0,3,240,2100,16.62048750338745,108.0342847688508,-100.30710394945419,-3.686056200165615
25,-29.981920376225418,-89.05235783980116,37,90.0,180.0,3,240,2100,16.807832155424194,149.9819203762255,-100.4029919108548,-5.048219091829964
26,-110.30542547469113,4.050360484184893,37,90.0,180.0,3,240,2100,16.07391548250675,230.3054254746911,-100.01646909979483,-2.91845602629294
27,-0.3791685581360298,-19.234670248266497,37,90.0,180.0,3,240,2100,16.313652428558814,120.37916855813603,-100.14599622253355,-3.633706104386362
28,-28.045174116286262,49.179310766174154,37,90.0,180.0,3,240,2100,15.32934310229786,148.04517411628626,-99.60374889353069,-2.599666042961339
29,-178.37946313967944,41.027449447214565,37,90.0,180.0,3,240,2100,15.511413972061796,298.3794631396794,-99.70658961122287,-2.4608408361903544
30,75.85359367153652,-6.483488942896315,37,90.0,180.0,3,240,2100,16.189525828059242,44.146406328463456,-100.08030846331742,-3.114672579432826
31,170.99647635123966,79.90810969072842,37,90.0,180.0,3,240,2100,13.9318868920676,309.0035236487603,-98.7762376217118,-1.553900459598513
0,35.324633511651626,-1.6512510907638642,38,-90.0,-180.0,1,0,2100,16.101445980009125,215.3246335116516,-100.03230785220232,-3.2631108577345946
1,32.171304029578124,76.91136007826978,38,-90.0,-180.0,1,0,2100,16.737616787634664,212.17130402957812,-100.36774085352211,-3.9556594159495213
2,0.2739894646985306,-60.654652810854216,38,-90.0,-180.0,1,0,2100,14.999288151633113,180.2739894646985,-99.41542735489817,-2.3620476666283405
3,-67.04535909091715,-84.8484477487603,38,-90.0,-180.0,1,0,2100,13.25945366133824,112.95464090908291,-98.35554992781898,-1.1591249515026778
4,-173.42557395733985,-49.91249166105509,38,-90.0,-180.0,1,0,2100,15.311218837412312,6.57442604266015,-99.59863630693586,-2.3515413192856944
5,-12.002121157329356,-32.60209812059902,38,-90.0,-180.0,1,0,2100,15.670161746825942,167.99787884267062,-99.79539332102692,-2.9616722801621522
6,-75.2640027396722,30.439929211884234,38,-90.0,-180.0,1,0,2100,16.411305030738685,104.73599726032779,-100.19822815976013,-3.322178429629502
7,178.5923637392795,30.60806705283504,38,-90.0,-180.0,1,0,2100,16.412700087808588,358.5923637392795,-100.19628971658045,-3.1511176979926776
8,154.68749783153493,-20.51267359606136,38,-90.0,-180.0,1,0,2100,15.861298351605026,334.6874978315349,-99.90433080891317,-2.6872862197678415
9,62.70372960308865,-46.040146136683376,38,-90.0,-180.0,1,0,2100,15.403430849854338,242.70372960308865,-99.64556145150642,-2.570319815782306
10,-65.41959954849032,-51.642688017367256,38,-90.0,-180.0,1,0,2100,15.267099248597109,114.58040045150966,-99.5681993642863,-2.4690335905361738
11,155.15097902269287,78.05908408071315,38,-90.0,-180.0,1,0,2100,16.744469502268398,335.15097902269287,-100.36843472287171,-3.930468056767804
12,99.80086194485563,2.653813289023816,38,-90.0,-180.0,1,0,2100,16.149024047127025,279.8008619448556,-100.05863783843131,-3.007358696188673
13,42.09767137324519,-46.75926745276074,38,-90.0,-180.0,1,0,2100,15.386936982086295,222.09767137324516,-99.63638700759465,-2.612537953370902
14,18.957924171101496,-74.46739386622131,38,-90.0,-180.0,1,0,2100,14.363095854575088,198.95792417110147,-99.04117151728647,-1.903789591793437
15,-118.08615576492647,11.266203024959381,38,-90.0,-180.0,1,0,2100,16.23790665205281,61.9138442350735,-100.10704814699537,-3.042471978590004
16,172.59839005960072,-71.89621450116525,38,-90.0,-180.0,1,0,2100,14.516275396476727,352.59839005960066,-99.13997265800307,-1.9050779777764568
17,17.023942612242337,23.05036482537666,38,-90.0,-180.0,1,0,2100,16.34798734558059,197.02394261224234,-100.16443942106983,-3.5431086065683735
18,98.78819182914702,-36.712416604271574,38,-90.0,-180.0,1,0,2100,15.595857355969258,278.78819182914697,-99.75448338793724,-2.6135365914861612
19,-137.12014310742558,30.79438190768741,38,-90.0,-180.0,1,0,2100,16.414243691684877,42.87985689257442,-100.20070541513087,-3.1937257688354395
20,-26.362370189406704,39.274440819895744,38,-90.0,-180.0,1,0,2100,16.48209150253852,153.63762981059335,-100.23514182620023,-3.545778383498495
21,3.6540888550707393,49.06311358858389,38,-90.0,-180.0,1,0,2100,16.55508178955589,183.6540888550707,-100.27336547406237,-3.6263787505016194
22,158.2477295372691,-71.162426494508,38,-90.0,-180.0,1,0,2100,14.556007783189663,338.2477295372691,-99.15961323141873,-1.9275342369031296
23,4.56494191401157,82.91061269895442,38,-90.0,-180.0,1,0,2100,16.772928663603796,184.56494191401157,-100.38567671298529,-4.178421717366279
24,17.144719334457648,-57.636864907369564,38,-90.0,-180.0,1,0,2100,15.097174087082674,197.14471933445762,-99.47152419900603,-2.4299487718626525
25,-26.14895990913209,-88.54768960012063,38,-90.0,-180.0,1,0,2100,11.993315693301277,153.85104009086797,-97.48245371356873,-0.278810903594098
26,-110.24490990670915,4.045580409704485,38,-90.0,-180.0,1,0,2100,16.163933498524862,69.75509009329085,-100.06709737278908,-2.9948571451435466
27,-2.168812578649124,-18.030937025458158,38,-90.0,-180.0,1,0,2100,15.896390310872604,177.83118742135093,-99.9204279374697,-3.3242535849518062
28,-27.03523676816323,49.14019023665912,38,-90.0,-180.0,1,0,2100,16.55563589257343,152.96476323183674,-100.27360880860027,-3.5997645579179123
29,-178.58977573063262,41.62487767502938,38,-90.0,-180.0,1,0,2100,16.500109949642358,1.4102242693673475,-100.24194284357606,-3.2766313039053383
30,74.90993875675059,-4.850470648369921,38,-90.0,-180.0,1,0,2100,16.0645628255916,254.90993875675056,-100.01256436474337,-3.0162928301484513
31,163.87157252257708,80.1438246316915,38,-90.0,-180.0,1,0,2100,16.756797999698513,343.8715725225771,-100.37339197798767,-4.006252542355737
0,35.324633511651626,-1.6512510907638642,38,0.0,0.0,2,120,2100,15.185684218004527,332.8542333823726,-99.52241708780328,-2.4901964332215223
1,32.171304029578124,76.91136007826978,38,0.0,0.0,2,120,2100,15.988952253424358,247.05698608541343,-99.97074604081915,-3.3881675841336802
2,0.2739894646985306,-60.654652810854216,38,0.0,0.0,2,120,2100,15.725356408857115,59.84595997380143,-99.82651716862092,-2.995057425254777
3,-67.04535909091715,-84.8484477487603,38,0.0,0.0,2,120,2100,16.09741323669225,64.74556343236159,-100.02983080862535,-3.784976352176766
4,-173.42557395733985,-49.91249166105509,38,0.0,0.0,2,120,2100,16.4859260788374,65.50459743082612,-100.23657239574047,-3.32167822433121
5,-12.002121157329356,-32.60209812059902,38,0.0,0.0,2,120,2100,15.161433456808485,78.01104545842034,-99.50915630475502,-2.5231916923519533
6,-75.2640027396722,30.439929211884234,38,0.0,0.0,2,120,2100,15.968259730477467,181.28367789775177,-99.95918418080686,-2.967243737185875
7,178.5923637392795,30.60806705283504,38,0.0,0.0,2,120,2100,16.62653159959026,242.37781285925246,-100.31024290248813,-3.3191739080631977
8,154.68749783153493,-20.51267359606136,38,0.0,0.0,2,120,2100,16.61636212531686,11.18790457631519,-100.30242122409044,-3.2855712674397908
9,62.70372960308865,-46.040146136683376,38,0.0,0.0,2,120,2100,15.888981628239202,19.40494356129483,-99.91652131530742,-2.9842439800059677
10,-65.41959954849032,-51.642688017367256,38,0.0,0.0,2,120,2100,15.938182306249239,95.74113028957902,-99.9432163450172,-3.042912035368852
11,155.15097902269287,78.05908408071315,38,0.0,0.0,2,120,2100,16.233504152549276,245.0785069561162,-100.10280797110698,-3.552594421642286
12,99.80086194485563,2.653813289023816,38,0.0,0.0,2,120,2100,16.223224385239863,327.30693900036755,-100.09774385397337,-3.065899587066076
13,42.09767137324519,-46.75926745276074,38,0.0,0.0,2,120,2100,15.705255605927032,27.770960639859027,-99.81534509155141,-2.886517262031228
14,18.957924171101496,-74.46739386622131,38,0.0,0.0,2,120,2100,15.94202469764061,54.84049298894399,-99.94554483893197,-3.305261519868148
15,-118.08615576492647,11.266203024959381,38,0.0,0.0,2,120,2100,16.386580073586092,162.7237833988563,-100.18369507435425,-3.1566630564049674
16,172.59839005960072,-71.89621450116525,38,0.0,0.0,2,120,2100,16.301801484416643,57.58838943992498,-100.13938073321896,-3.4451283229406258
17,17.023942612242337,23.05036482537666,38,0.0,0.0,2,120,2100,14.965722731661975,274.529672934685,-99.39559069751395,-2.3853585507804533
18,98.78819182914702,-36.712416604271574,38,0.0,0.0,2,120,2100,16.195226621944286,7.03721731268115,-100.08193519655826,-3.1104316619464334
19,-137.12014310742558,30.79438190768741,38,0.0,0.0,2,120,2100,16.48005027026492,191.21363843753625,-100.23312200039746,-3.2415949699043924
20,-26.362370189406704,39.274440819895744,38,0.0,0.0,2,120,2100,15.450596241695917,211.49745440374465,-99.67341308166787,-2.710560141689255
21,3.6540888550707393,49.06311358858389,38,0.0,0.0,2,120,2100,15.515317046345402,243.16402271965046,-99.70935372196556,-2.792865352550637
22,158.2477295372691,-71.162426494508,38,0.0,0.0,2,120,2100,16.297191754864517,52.79422249358504,-100.13692265178133,-3.432875495581395
23,4.56494191401157,82.91061269895442,38,0.0,0.0,2,120,2100,16.03818961603651,240.56711594805097,-99.99744005015475,-3.6321740243816403
24,17.144719334457648,-57.636864907369564,38,0.0,0.0,2,120,2100,15.701690099463146,49.41848098723028,-99.81340638057944,-2.9557684534310646
25,-26.14895990913209,-88.54768960012063,38,0.0,0.0,2,120,2100,16.105372779070034,60.64015293783936,-100.03414393035088,-4.343231534109401
26,-110.24490990670915,4.045580409704485,38,0.0,0.0,2,120,2100,16.322380612871598,154.31099122181865,-100.14964416706712,-3.1182406039111212
27,-2.168812578649124,-18.030937025458158,38,0.0,0.0,2,120,2100,14.51918844392584,66.63131554723134,-99.13135762501264,-2.112818021005429
28,-27.03523676816323,49.14019023665912,38,0.0,0.0,2,120,2100,15.615740393071462,218.5364507788181,-99.76551817882346,-2.849762527196196
29,-178.58977573063262,41.62487767502938,38,0.0,0.0,2,120,2100,16.549981064359713,238.4135803627903,-100.27031974170434,-3.318288857689825
30,74.90993875675059,-4.850470648369921,38,0.0,0.0,2,120,2100,15.937178737478364,335.02282781287687,-99.94291533462946,-2.911444691671092
31,163.87157252257708,80.1438246316915,38,0.0,0.0,2,120,2100,16.219955809591124,242.76314638891103,-100.09551229560721,-3.612770445900259
0,35.324633511651626,-1.6512510907638642,38,90.0,180.0,3,240,2100,16.138144563237077,84.67536648834835,-100.05280140338861,-3.293238263327258
1,32.171304029578124,76.91136007826978,38,90.0,180.0,3,240,2100,14.191899199060762,87.8286959704219,-98.93559229448047,-1.781206012608456
2,0.2739894646985306,-60.654652810854216,38,90.0,180.0,3,240,2100,16.635144049916242,119.72601053530144,-100.31459184859214,-3.708801668617119
3,-67.04535909091715,-84.8484477487603,38,90.0,180.0,3,240,2100,16.784073477515225,187.04535909091715,-100.39117878629749,-4.288994384799045
4,-173.42557395733985,-49.91249166105509,38,90.0,180.0,3,240,2100,16.561171072104745,293.4255739573398,-100.27836411314075,-3.3827837731541823
5,-12.002121157329356,-32.60209812059902,38,90.0,180.0,3,240,2100,16.429098050456368,132.00212115732933,-100.20692459350381,-3.567327525365918
6,-75.2640027396722,30.439929211884234,38,90.0,180.0,3,240,2100,15.707139387443402,195.26400273967215,-99.81475817828799,-2.748018540141577
7,178.5923637392795,30.60806705283504,38,90.0,180.0,3,240,2100,15.704312399712999,301.40763626072044,-99.81486377160824,-2.572294172459345
8,154.68749783153493,-20.51267359606136,38,90.0,180.0,3,240,2100,16.325284129129344,325.3125021684651,-100.15358868981392,-3.065094553702532
9,62.70372960308865,-46.040146136683376,38,90.0,180.0,3,240,2100,16.533103940675012,57.296270396911325,-100.26145329164156,-3.492845335021217
10,-65.41959954849032,-51.642688017367256,38,90.0,180.0,3,240,2100,16.573461508582376,185.41959954849034,-100.28237973484438,-3.5410389670785483
11,155.15097902269287,78.05908408071315,38,90.0,180.0,3,240,2100,14.100125407769264,324.84902097730713,-98.8796093815389,-1.6563413994707485
12,99.80086194485563,2.653813289023816,38,90.0,180.0,3,240,2100,16.090033323474138,20.199138055144374,-100.02575669867767,-2.957931934134654
13,42.09767137324519,-46.75926745276074,38,90.0,180.0,3,240,2100,16.538376114283945,77.90232862675481,-100.26461032688188,-3.549986333041118
14,18.957924171101496,-74.46739386622131,38,90.0,180.0,3,240,2100,16.722866231883913,101.04207582889848,-100.35973555594971,-3.900194940683908
15,-118.08615576492647,11.266203024959381,38,90.0,180.0,3,240,2100,15.986226458218391,238.0861557649265,-99.96876039741491,-2.8338802830769767
16,172.59839005960072,-71.89621450116525,38,90.0,180.0,3,240,2100,16.707109374472374,307.4016099403993,-100.35369828349306,-3.75302643830083
17,17.023942612242337,23.05036482537666,38,90.0,180.0,3,240,2100,15.82409459736404,102.97605738775763,-99.88128299523224,-3.128580324066851
18,98.78819182914702,-36.712416604271574,38,90.0,180.0,3,240,2100,16.462073993738173,21.211808170852976,-100.22172816189813,-3.3169255645206475
19,-137.12014310742558,30.79438190768741,38,90.0,180.0,3,240,2100,15.701170429608743,257.12014310742563,-99.81170007271179,-2.6051393935951497
20,-26.362370189406704,39.274440819895744,38,90.0,180.0,3,240,2100,15.546583926787577,146.3623701894067,-99.72611412369307,-2.7912336928636434
21,3.6540888550707393,49.06311358858389,38,90.0,180.0,3,240,2100,15.332185584584675,116.34591114492923,-99.60587613760397,-2.633987615499792
22,158.2477295372691,-71.162426494508,38,90.0,180.0,3,240,2100,16.702566612666036,321.7522704627309,-100.3505069047942,-3.739991965833161
23,4.56494191401157,82.91061269895442,38,90.0,180.0,3,240,2100,13.578754026885893,115.43505808598843,-98.55665784998939,-1.3797589446455973
24,17.144719334457648,-57.636864907369564,38,90.0,180.0,3,240,2100,16.61490954435727,102.85528066554235,-100.30424985427346,-3.675467811376845
25,-26.14895990913209,-88.54768960012063,38,90.0,180.0,3,240,2100,16.805009624761897,146.14895990913215,-100.40155563666363,-4.838342432759074
26,-110.24490990670915,4.045580409704485,38,90.0,180.0,3,240,2100,16.07397109578321,230.24490990670915,-100.0165008803087,-2.918648448316153
27,-2.168812578649124,-18.030937025458158,38,90.0,180.0,3,240,2100,16.302571563482175,122.16881257864912,-100.14007171964224,-3.642394476826322
28,-27.03523676816323,49.14019023665912,38,90.0,180.0,3,240,2100,15.330300993701114,147.0352367681632,-99.60430659029015,-2.6024909245142283
29,-178.58977573063262,41.62487767502938,38,90.0,180.0,3,240,2100,15.499139706011775,298.5897757306326,-99.69967786204597,-2.4538927366291534
30,74.90993875675059,-4.850470648369921,38,90.0,180.0,3,240,2100,16.172455593390602,45.09006124324941,-100.07121872376284,-3.1039400548206557
31,163.87157252257708,80.1438246316915,38,90.0,180.0,3,240,2100,13.90825295139695,316.1284274774229,-98.76145250651909,-1.5395453420747618
0,35.116268639993336,-2.183698588367008,39,-90.0,-180.0,1,0,2100,16.095401091267995,215.1162686399933,-100.02904113177068,-3.2599428859684525
1,31.309998112944925,78.07281398907912,39,-90.0,-180.0,1,0,2100,16.74455119583999,211.30999811294492,-100.37129481848345,-3.988432546718539
2,-2.8287032983784854,-59.69877352704095,39,-90.0,-180.0,1,0,2100,15.03134232609953,177.1712967016215,-99.43391895019506,-2.386548758048545
3,-67.50439057725644,-86.16820311816589,39,-90.0,-180.0,1,0,2100,12.963490037585647,112.4956094227436,-98.16028402386615,-0.9602892471785506
4,-173.86308356192404,-50.380199600539235,39,-90.0,-180.0,1,0,2100,15.299483070404275,6.136916438075957,-99.59201138692299,-2.344905927349453
5,-12.565367981997952,-33.5646640601112,39,-90.0,-180.0,1,0,2100,15.653249485538403,167.43463201800205,-99.78597096861978,-2.9409209235782647
6,-75.80779055002549,30.435482244184712,39,-90.0,-180.0,1,0,2100,16.411268107357078,104.19220944997448,-100.19821809705368,-3.320553585949519
7,179.6874560217761,31.033045934237236,39,-90.0,-180.0,1,0,2100,16.416217529710078,359.6874560217761,-100.19793725606446,-3.155562466669891
8,155.70998692625204,-19.98445505077781,39,-90.0,-180.0,1,0,2100,15.868871256686106,335.70998692625204,-99.90850957646616,-2.690892022076692
9,63.0102464378686,-45.17575838678392,39,-90.0,-180.0,1,0,2100,15.422903141207087,243.01024643786857,-99.65658285944829,-2.58331915640792
10,-66.45125429166553,-51.603553334328105,39,-90.0,-180.0,1,0,2100,15.268118994807823,113.54874570833448,-99.56877202376269,-2.4674457257777482
11,156.02371117815608,77.38469860273139,39,-90.0,-180.0,1,0,2100,16.740448641633865,336.023711178156,-100.36630371608216,-3.9076746861439404
12,96.75574365897467,2.296847242690575,39,-90.0,-180.0,1,0,2100,16.145163920822196,276.75574365897467,-100.056508203829,-3.012234017129937
13,41.522858858201204,-46.728567862138966,39,-90.0,-180.0,1,0,2100,15.387646699283792,221.52285885820118,-99.63678494189534,-2.6145835105730897
14,18.749276368559407,-74.4552531914963,39,-90.0,-180.0,1,0,2100,14.3638771739073,198.74927636855938,-99.04164263490682,-1.90439013252909
15,-117.27980652611376,11.5365900157001,39,-90.0,-180.0,1,0,2100,16.24057315504266,62.72019347388624,-100.108449607567,-3.0466425271765236
16,171.71632754836452,-70.46924522000052,39,-90.0,-180.0,1,0,2100,14.592144691587471,351.7163275483645,-99.18483174598028,-1.9487403656455917
17,14.47618024646897,23.237334158211226,39,-90.0,-180.0,1,0,2100,16.349639838061417,194.47618024646894,-100.16530527122063,-3.5581199738507667
18,99.16834330617212,-36.39205081768947,39,-90.0,-180.0,1,0,2100,15.601851370577549,279.1683433061721,-99.75785668157815,-2.6166505314451793
19,-131.9503067560798,32.45706996195625,39,-90.0,-180.0,1,0,2100,16.42791443291554,48.04969324392022,-100.20789567628816,-3.218551081130492
20,-31.086904692164637,40.60391953638947,39,-90.0,-180.0,1,0,2100,16.49232313722274,148.91309530783536,-100.24051759842554,-3.5388573138279487
21,3.0103206110246106,49.15049409701899,39,-90.0,-180.0,1,0,2100,16.555709943630685,183.01032061102458,-100.27369479900088,-3.6270149031558754
22,157.47207484825316,-70.67624187210622,39,-90.0,-180.0,1,0,2100,14.5814896351084,337.47207484825316,-99.17461764153349,-1.9424501106748424
23,7.011504123592175,80.7041634742423,39,-90.0,-180.0,1,0,2100,16.760085913005074,187.01150412359218,-100.37914052774751,-4.0797634555938975
24,23.947459047441384,-58.288726244890604,39,-90.0,-180.0,1,0,2100,15.076826380186827,203.94745904744138,-99.4597005189223,-2.407078325274396
25,-26.071496621073152,-88.15646968612087,39,-90.0,-180.0,1,0,2100,12.231841095312594,153.92850337892696,-97.65615798196465,-0.4541657135523333
26,-110.37804675027706,4.071809733593767,39,-90.0,-180.0,1,0,2100,16.164212359735238,69.62195324972294,-100.06726112046684,-2.9947948160101836
27,-3.7018082161050074,-17.18405637986274,39,-90.0,-180.0,1,0,2100,15.908088900648762,176.29819178389494,-99.92683696668955,-3.343575417486311
28,-27.875003606284878,48.597910844679575,39,-90.0,-180.0,1,0,2100,16.551730918470977,152.12499639371515,-100.2715779714795,-3.5946021552162533
29,-178.18385607288525,41.82429223378017,39,-90.0,-180.0,1,0,2100,16.50162382484876,1.8161439271147515,-100.24278765352246,-3.2791055225317614
30,76.48049352352791,-3.9818584974042466,39,-90.0,-180.0,1,0,2100,16.07471216643023,256.4804935235279,-100.01809473673147,-3.0186061738544363
31,157.71376847354315,78.27154078528912,39,-90.0,-180.0,1,0,2100,16.745732882441228,337.71376847354315,-100.36875169812501,-3.9370249726367175
0,35.116268639993336,-2.183698588367008,39,0.0,0.0,2,120,2100,15.18050084875108,333.79245933150264,-99.51947738974526,-2.4873420606992083
1,31.309998112944925,78.07281398907912,39,0.0,0.0,2,120,2100,16.000052195180974,246.26421078504796,-99.97677849306456,-3.425852907081624
2,-2.8287032983784854,-59.69877352704095,39,0.0,0.0,2,120,2100,15.710148475888403,61.651912664810055,-99.81810316300259,-2.977945124453392
3,-67.50439057725644,-86.16820311816589,39,0.0,0.0,2,120,2100,16.103550077912118,63.541003341666084,-100.0331470247616,-3.9079929823529564
4,-173.86308356192404,-50.380199600539235,39,0.0,0.0,2,120,2100,16.48266428344535,65.05758634232961,-100.23485867727867,-3.3227300532443533
5,-12.565367981997952,-33.5646640601112,39,0.0,0.0,2,120,2100,15.191936310717042,78.1534167133702,-99.52663633510281,-2.54365009644115
6,-75.80779055002549,30.435482244184712,39,0.0,0.0,2,120,2100,15.974245951429799,181.2169512594047,-99.96243611336878,-2.970483887892883
7,179.6874560217761,31.033045934237236,39,0.0,0.0,2,120,2100,16.623868886040967,240.51946481186286,-100.30884039815604,-3.319094009115627
8,155.70998692625204,-19.98445505077781,39,0.0,0.0,2,120,2100,16.62367014292268,11.478617934466286,-100.30618232337605,-3.2884011569676357
9,63.0102464378686,-45.17575838678392,39,0.0,0.0,2,120,2100,15.887636968256105,18.47069584533392,-99.91578052364129,-2.979149379092407
10,-66.45125429166553,-51.603553334328105,39,0.0,0.0,2,120,2100,15.946034741478545,95.99807326018632,-99.94749375364589,-3.0469379860888104
11,156.02371117815608,77.38469860273139,39,0.0,0.0,2,120,2100,16.24032255790357,245.1965176716456,-100.10645989035365,-3.5375489378738516
12,96.75574365897467,2.296847242690575,39,0.0,0.0,2,120,2100,16.19228727118636,327.68711086257133,-100.08116073254368,-3.0491550738172535
13,41.522858858201204,-46.728567862138966,39,0.0,0.0,2,120,2100,15.699776572628153,28.03256617553768,-99.8123074375706,-2.883315268024101
14,18.749276368559407,-74.4552531914963,39,0.0,0.0,2,120,2100,15.941624833598027,54.890762732280336,-99.94532851960246,-3.3047885303163453
15,-117.27980652611376,11.5365900157001,39,0.0,0.0,2,120,2100,16.37962727314184,162.93429140899678,-100.18001152350752,-3.153254670055048
16,171.71632754836452,-70.46924522000052,39,0.0,0.0,2,120,2100,16.314422758965982,57.074364143162484,-100.14608459168518,-3.428330550986696
17,14.47618024646897,23.237334158211226,39,0.0,0.0,2,120,2100,14.92203669996869,270.2076726607179,-99.37025783546882,-2.3604332713509617
18,99.16834330617212,-36.39205081768947,39,0.0,0.0,2,120,2100,16.198663269632384,6.744559299810135,-100.08375911543321,-3.111120405629376
19,-131.9503067560798,32.45706996195625,39,0.0,0.0,2,120,2100,16.44315220129771,190.53634395709543,-100.21367672934862,-3.2270846206758392
20,-31.086904692164637,40.60391953638947,39,0.0,0.0,2,120,2100,15.520995385582525,208.93784563107323,-99.71282911647636,-2.7553869644521285
21,3.0103206110246106,49.15049409701899,39,0.0,0.0,2,120,2100,15.516430164279823,242.59999792459604,-99.70998329284436,-2.7940002725101265
22,157.47207484825316,-70.67624187210622,39,0.0,0.0,2,120,2100,16.30040923102482,52.3481376625889,-100.13863228874635,-3.4267654442654907
23,7.011504123592175,80.7041634742423,39,0.0,0.0,2,120,2100,16.011812677393962,241.14464009413126,-99.98312726131066,-3.5185857474366173
24,23.947459047441384,-58.288726244890604,39,0.0,0.0,2,120,2100,15.735755295407873,45.92070434292964,-99.8322659568399,-2.9800633245441577
25,-26.071496621073152,-88.15646968612087,39,0.0,0.0,2,120,2100,16.10139348178569,60.81044316048644,-100.03199604266878,-4.227260222433796
26,-110.37804675027706,4.071809733593767,39,0.0,0.0,2,120,2100,16.323578440890472,154.34264776816877,-100.1502778194427,-3.118877932381821
27,-3.7018082161050074,-17.18405637986274,39,0.0,0.0,2,120,2100,14.486147674481733,71.7926819022745,-99.11157052860823,-2.091808126116942
28,-27.875003606284878,48.597910844679575,39,0.0,0.0,2,120,2100,15.61329593850587,217.59727160040285,-99.76416516263986,-2.8453341162599166
29,-178.18385607288525,41.82429223378017,39,0.0,0.0,2,120,2100,16.548447304013987,237.97167353424476,-100.2695095645929,-3.3183299167402014
30,76.48049352352791,-3.9818584974042466,39,0.0,0.0,2,120,2100,15.957624363264014,334.0949580234051,-99.95408945244736,-2.922303062967786
31,157.71376847354315,78.27154078528912,39,0.0,0.0,2,120,2100,16.233701908338563,244.50172580826626,-100.10290388628138,-3.5590044144157122
0,35.116268639993336,-2.183698588367008,39,90.0,180.0,3,240,2100,16.143937247765887,84.88373136000666,-100.0559148685696,-3.2994453385133635
1,31.309998112944925,78.07281398907912,39,90.0,180.0,3,240,2100,14.098974926714213,88.69000188705508,-98.87879744066852,-1.7195615507209934
2,-2.8287032983784854,-59.69877352704095,39,90.0,180.0,3,240,2100,16.628778998813043,122.82870329837846,-100.31127437301569,-3.699829989930144
3,-67.50439057725644,-86.16820311816589,39,90.0,180.0,3,240,2100,16.79159312945997,187.50439057725652,-100.39502422847526,-4.408810464606862
4,-173.86308356192404,-50.380199600539235,39,90.0,180.0,3,240,2100,16.564508357436658,293.863083561924,-100.28011614211485,-3.38888581884321
5,-12.565367981997952,-33.5646640601112,39,90.0,180.0,3,240,2100,16.43691852765316,132.56536798199795,-100.21104170781625,-3.566993517298205
6,-75.80779055002549,30.435482244184712,39,90.0,180.0,3,240,2100,15.707214048218061,195.80779055002546,-99.81478995880185,-2.746384824953903
7,179.6874560217761,31.033045934237236,39,90.0,180.0,3,240,2100,15.697131179038152,300.3125439782239,-99.81082252045795,-2.5681106660556297
8,155.70998692625204,-19.98445505077781,39,90.0,180.0,3,240,2100,16.320492960047588,324.29001307374796,-100.15108315510784,-3.0586095463929928
9,63.0102464378686,-45.17575838678392,39,90.0,180.0,3,240,2100,16.52672975239982,56.9897535621314,-100.25813632865405,-3.4842086636286145
10,-66.45125429166553,-51.603553334328105,39,90.0,180.0,3,240,2100,16.57318517883749,186.45125429166552,-100.28225261278892,-3.5385671437491246
11,156.02371117815608,77.38469860273139,39,90.0,180.0,3,240,2100,14.155065026155315,323.9762888218439,-98.91315115097969,-1.6890352813548148
12,96.75574365897467,2.296847242690575,39,90.0,180.0,3,240,2100,16.094111790786165,23.244256341025334,-100.02819303387774,-2.9696980761709915
13,41.522858858201204,-46.728567862138966,39,90.0,180.0,3,240,2100,16.538151610048146,78.47714114179882,-100.26450473356162,-3.5511655458755245
14,18.749276368559407,-74.4552531914963,39,90.0,180.0,3,240,2100,16.72279241103773,101.25072363144056,-100.35970172508011,-3.8999980657043034
15,-117.27980652611376,11.5365900157001,39,90.0,180.0,3,240,2100,15.982786356047098,237.27980652611376,-99.9668617680059,-2.8331010019379206
16,171.71632754836452,-70.46924522000052,39,90.0,180.0,3,240,2100,16.698256201907384,308.2836724516354,-100.34911676360704,-3.7205194835309774
17,14.47618024646897,23.237334158211226,39,90.0,180.0,3,240,2100,15.821298004557736,105.52381975353103,-99.8796826925824,-3.14038955841422
18,99.16834330617212,-36.39205081768947,39,90.0,180.0,3,240,2100,16.459542501993347,20.83165669382788,-100.22037236416949,-3.3129420510875383
19,-131.9503067560798,32.45706996195625,39,90.0,180.0,3,240,2100,15.672685274984177,251.95030675607984,-99.79570832317005,-2.595245833498402
20,-31.086904692164637,40.60391953638947,39,90.0,180.0,3,240,2100,15.520025100349464,151.08690469216464,-99.71113217434996,-2.752789989839452
21,3.0103206110246106,49.15049409701899,39,90.0,180.0,3,240,2100,15.330048786028957,116.98967938897539,-99.6046551507648,-2.632277451326652
22,157.47207484825316,-70.67624187210622,39,90.0,180.0,3,240,2100,16.699545316514385,322.52792515174684,-100.34889327483211,-3.7292815751328185
23,7.011504123592175,80.7041634742423,39,90.0,180.0,3,240,2100,13.849721421168585,112.9884958764078,-98.72680559533806,-1.5605065401995737
24,23.947459047441384,-58.288726244890604,39,90.0,180.0,3,240,2100,16.61931512719143,96.05254095255862,-100.3065657310742,-3.67489635100424
25,-26.071496621073152,-88.15646968612087,39,90.0,180.0,3,240,2100,16.80281609804809,146.07149662107315,-100.40044639421193,-4.727163855026958
26,-110.37804675027706,4.071809733593767,39,90.0,180.0,3,240,2100,16.073665895374944,230.37804675027706,-100.0163317259607,-2.918082835143103
27,-3.7018082161050074,-17.18405637986274,39,90.0,180.0,3,240,2100,16.294701433871477,123.70180821610501,-100.13584593647593,-3.6460639097767045
28,-27.875003606284878,48.597910844679575,39,90.0,180.0,3,240,2100,15.343485399506246,147.87500360628485,-99.6117637340921,-2.611620197406839
29,-178.18385607288525,41.82429223378017,39,90.0,180.0,3,240,2100,15.495008932511217,298.1838560728853,-99.69733020473136,-2.451525138415304
30,76.48049352352791,-3.9818584974042466,39,90.0,180.0,3,240,2100,16.16325570480474,43.51950647647209,-100.06625532512149,-3.090602742584581
31,157.71376847354315,78.27154078528912,39,90.0,180.0,3,240,2100,14.082172906009626,322.28623152645685,-98.8685948705397,-1.6451238248454572
0,36.30947168828766,-1.982965946821551,40,-90.0,-180.0,1,0,2100,16.097684306879042,216.30947168828763,-100.03027792987305,-3.2517280211154165
1,31.539538246475473,78.83315426708361,40,-90.0,-180.0,1,0,2100,16.749064867902703,211.53953824647547,-100.37360100784446,-4.011640934273244
2,-3.6562421877882514,-59.640172801261386,40,-90.0,-180.0,1,0,2100,15.033274396945833,176.34375781221172,-99.43502859227952,-2.387910686580685
3,-69.69246201064163,-86.34475797415652,40,-90.0,-180.0,1,0,2100,12.916318606654556,110.30753798935842,-98.12828004338422,-0.9273958706168707
4,-173.28834377878457,-49.643735798653395,40,-90.0,-180.0,1,0,2100,15.317900692174272,6.711656221215435,-99.60242537331162,-2.3553134530964352
5,-13.049035889886653,-34.33708321645427,40,-90.0,-180.0,1,0,2100,15.639468159980229,166.95096411011332,-99.77829678276117,-2.924318094634419
6,-75.11807750156207,30.369582374683503,40,-90.0,-180.0,1,0,2100,16.41072077778713,104.88192249843792,-100.19792078981753,-3.3220032613331845
7,179.26407605054158,31.21605862016318,40,-90.0,-180.0,1,0,2100,16.417728476117965,359.2640760505416,-100.19877840684488,-3.157615792023029
8,156.10414952005118,-19.600441008751332,40,-90.0,-180.0,1,0,2100,15.87434096670328,336.1041495200512,-99.91150780559377,-2.6939470333201188
9,63.75813183783089,-43.96944041748855,40,-90.0,-180.0,1,0,2100,15.44945955010606,243.7581318378309,-99.671596417478,-2.6001753727902104
10,-66.28120230817264,-51.107789657991475,40,-90.0,-180.0,1,0,2100,15.28094805355619,113.71879769182738,-99.57607297469099,-2.4766070527761594
11,159.4879284881468,76.11455966328751,40,-90.0,-180.0,1,0,2100,16.73283156315084,339.4879284881468,-100.36202157709013,-3.8670199767765743
12,95.96108333667024,2.440570531219919,40,-90.0,-180.0,1,0,2100,16.146719894758398,275.9610833366702,-100.0573328883625,-3.015672635164188
13,42.19301807031937,-46.529079015950906,40,-90.0,-180.0,1,0,2100,15.392246278368063,222.19301807031934,-99.639387523701,-2.616407820125772
14,18.790332736422016,-74.50071570172975,40,-90.0,-180.0,1,0,2100,14.360948268426817,198.790332736422,-99.0398889796093,-1.9023932149451652
15,-115.23168860521385,12.738733519158771,40,-90.0,-180.0,1,0,2100,16.252343125637818,64.76831139478617,-100.11468391161114,-3.0619580621805658
16,171.9611880081223,-70.2538522244939,40,-90.0,-180.0,1,0,2100,14.603112718200146,351.96118800812224,-99.19140818204387,-1.955087331801719
17,9.977212310919185,22.574715988159383,40,-90.0,-180.0,1,0,2100,16.343771063399004,189.97721231091916,-100.16217393993038,-3.5835033089914914
18,98.9355383329073,-35.879286248222776,40,-90.0,-180.0,1,0,2100,15.611370997802961,278.9355383329073,-99.76317710891794,-2.623385307881389
19,-132.02083622206584,32.43341812901994,40,-90.0,-180.0,1,0,2100,16.42772127040066,47.97916377793416,-100.20779139005764,-3.2181987794981866
20,-33.58778956482348,41.42937599584269,40,-90.0,-180.0,1,0,2100,16.49862355131121,146.41221043517652,-100.24383143061921,-3.536409193335409
21,5.859026970788591,49.26180454674602,40,-90.0,-180.0,1,0,2100,16.556509552333438,185.8590269707886,-100.2741188048592,-3.62652997034856
22,161.73170060175613,-69.5141051017445,40,-90.0,-180.0,1,0,2100,14.639890874374478,341.73170060175613,-99.21040245526773,-1.9758478918704439
23,7.189470682490736,80.53880576517815,40,-90.0,-180.0,1,0,2100,16.759116763582483,187.18947068249074,-100.3786469977355,-4.073476354324815
24,25.797178764933847,-58.747667587129364,40,-90.0,-180.0,1,0,2100,15.06224813833474,205.79717876493382,-99.45126980049665,-2.393817486879727
25,-25.802442007529464,-87.87948567208916,40,-90.0,-180.0,1,0,2100,12.371816743373307,154.1975579924706,-97.75610901559152,-0.5553045922078128
26,-109.91684233981691,4.136717609501545,40,-90.0,-180.0,1,0,2100,16.164902103958852,70.08315766018308,-100.06760599686076,-2.9964475752130024
27,-6.286086561750864,-15.1194661184078,40,-90.0,-180.0,1,0,2100,15.93604792222465,173.71391343824916,-99.94213959883194,-3.387697797437321
28,-26.66041395572512,48.02580467616053,40,-90.0,-180.0,1,0,2100,16.547594563451778,153.33958604427494,-100.26941631917484,-3.5932095147135925
29,-178.95516159050516,41.441440144239664,40,-90.0,-180.0,1,0,2100,16.49871533896385,1.0448384094948437,-100.24117121694931,-3.274375311724984
30,76.65695175838783,-2.9704177644413505,40,-90.0,-180.0,1,0,2100,16.086402030059773,256.65695175838783,-100.02443835835936,-3.027223647921903
31,152.2620560195781,77.82058882885093,40,-90.0,-180.0,1,0,2100,16.74304937894196,332.2620560195781,-100.36805645658818,-3.9233110713665194
0,36.30947168828766,-1.982965946821551,40,0.0,0.0,2,120,2100,15.213517150312306,333.34630421251916,-99.53832166039278,-2.506140039761207
1,31.539538246475473,78.83315426708361,40,0.0,0.0,2,120,2100,16.00840354266231,245.8954373493542,-99.98131507673895,-3.453212320169042
2,-3.6562421877882514,-59.640172801261386,40,0.0,0.0,2,120,2100,15.709627695699428,62.13921218106378,-99.81781235635678,-2.9771377381282553
3,-69.69246201064163,-86.34475797415652,40,0.0,0.0,2,120,2100,16.105776471791746,63.42860405802878,-100.03435106631261,-3.929051223032585
4,-173.28834377878457,-49.643735798653395,40,0.0,0.0,2,120,2100,16.48786853975259,65.67160695113665,-100.23758919862655,-3.321110633464121
5,-13.049035889886653,-34.33708321645427,40,0.0,0.0,2,120,2100,15.216002938405163,78.29019328478051,-99.54040424412636,-2.5598909544652226
6,-75.11807750156207,30.369582374683503,40,0.0,0.0,2,120,2100,15.966524475142293,181.22930611919458,-99.95824033467576,-2.966105897759924
7,179.26407605054158,31.21605862016318,40,0.0,0.0,2,120,2100,16.62259668354537,241.21417143172584,-100.30818888923204,-3.3189349912243147
8,156.10414952005118,-19.600441008751332,40,0.0,0.0,2,120,2100,16.627205640865725,11.317976622864421,-100.30797563102513,-3.289549077755872
9,63.75813183783089,-43.96944041748855,40,0.0,0.0,2,120,2100,15.889070694952997,17.083447836776827,-99.91655600803007,-2.9740854604466627
10,-66.28120230817264,-51.107789657991475,40,0.0,0.0,2,120,2100,15.942580238702542,96.44715183541052,-99.9456070817579,-3.041944975160931
11,159.4879284881468,76.11455966328751,40,0.0,0.0,2,120,2100,16.254777353596285,244.95071226482304,-100.1141953471318,-3.5132236728951627
12,95.96108333667024,2.440570531219919,40,0.0,0.0,2,120,2100,16.184040108622952,327.54617691093046,-100.0767363900308,-3.044733533625204
13,42.19301807031937,-46.529079015950906,40,0.0,0.0,2,120,2100,15.703687582534949,27.51485415595812,-99.81447573273661,-2.884443051137591
14,18.790332736422016,-74.50071570172975,40,0.0,0.0,2,120,2100,15.942242555704805,54.89568365348441,-99.94566524308706,-3.306074572773014
15,-115.23168860521385,12.738733519158771,40,0.0,0.0,2,120,2100,16.361330243504888,164.0316141341147,-100.17030878527991,-3.144805755393776
16,171.9611880081223,-70.2538522244939,40,0.0,0.0,2,120,2100,16.316481819263526,57.12625192205337,-100.14717894301015,-3.4259932756283846
17,9.977212310919185,22.574715988159383,40,0.0,0.0,2,120,2100,14.821897659664758,262.62345619662494,-99.31187508510932,-2.3008205812612066
18,98.9355383329073,-35.879286248222776,40,0.0,0.0,2,120,2100,16.19723231816408,6.2121412785781445,-100.08297903936054,-3.1085195472578486
19,-132.02083622206584,32.43341812901994,40,0.0,0.0,2,120,2100,16.443665859919697,190.54189220644668,-100.21394610813631,-3.227283945826777
20,-33.58778956482348,41.42937599584269,40,0.0,0.0,2,120,2100,15.55877895191113,207.91845906794265,-99.73390392511584,-2.77994482296207
21,5.859026970788591,49.26180454674602,40,0.0,0.0,2,120,2100,15.522512507572609,245.0246465470929,-99.71336889442593,-2.798001703131414
22,161.73170060175613,-69.5141051017445,40,0.0,0.0,2,120,2100,16.315262806876646,53.320369188246104,-100.14652488315065,-3.415869476301938
23,7.189470682490736,80.53880576517815,40,0.0,0.0,2,120,2100,16.009824642863315,241.19478485091048,-99.98204566466313,-3.511204712465845
24,25.797178764933847,-58.747667587129364,40,0.0,0.0,2,120,2100,15.74976178424772,45.205856306233954,-99.84000855623742,-2.9917188397964094
25,-25.802442007529464,-87.87948567208916,40,0.0,0.0,2,120,2100,16.098524121385324,60.92333686299796,-100.030444053517,-4.1609886371774785
26,-109.91684233981691,4.136717609501545,40,0.0,0.0,2,120,2100,16.319385938221703,154.398881087105,-100.14804524070236,-3.1166806961604365
27,-6.286086561750864,-15.1194661184078,40,0.0,0.0,2,120,2100,14.414136119745933,82.06032060774808,-99.06826176624287,-2.0457616061229755
28,-26.66041395572512,48.02580467616053,40,0.0,0.0,2,120,2100,15.596002648218983,218.01868076806454,-99.75455731921247,-2.832541922462499
29,-178.95516159050516,41.441440144239664,40,0.0,0.0,2,120,2100,16.55136908860551,238.81682380844296,-100.27104420738334,-3.318232867079605
30,76.65695175838783,-2.9704177644413505,40,0.0,0.0,2,120,2100,15.959732403080356,333.0526727460655,-99.95524451603697,-2.9231517630331743
31,152.2620560195781,77.82058882885093,40,0.0,0.0,2,120,2100,16.232915147775543,245.73635272943085,-100.10249675697727,-3.5453465809831606
0,36.30947168828766,-1.982965946821551,40,90.0,180.0,3,240,2100,16.141757345100448,83.69052831171234,-100.05476359382537,-3.287746587077354
1,31.539538246475473,78.83315426708361,40,90.0,180.0,3,240,2100,14.033103830555412,88.46046175352456,-98.83824140426417,-1.6755336708804005
2,-3.6562421877882514,-59.640172801261386,40,90.0,180.0,3,240,2100,16.628387464575823,123.65624218778822,-100.3110652367309,-3.6991805429516593
3,-69.69246201064163,-86.34475797415652,40,90.0,180.0,3,240,2100,16.792594822340753,189.6924620106417,-100.39557167345605,-4.4283138044328165
4,-173.28834377878457,-49.643735798653395,40,90.0,180.0,3,240,2100,16.559248339562753,293.28834377878457,-100.27737174096585,-3.379287076687774
5,-13.049035889886653,-34.33708321645427,40,90.0,180.0,3,240,2100,16.443150202972188,133.04903588988668,-100.21431202521084,-3.5669102072396512
6,-75.11807750156207,30.369582374683503,40,90.0,180.0,3,240,2100,15.708319797654006,195.11807750156208,-99.81541121658903,-2.7493059509078126
7,179.26407605054158,31.21605862016318,40,90.0,180.0,3,240,2100,15.694022704921258,300.7359239494584,-99.80911047342065,-2.5662943339923334
8,156.10414952005118,-19.600441008751332,40,90.0,180.0,3,240,2100,16.316995320556135,323.8958504799488,-100.14924193565935,-3.0543450490005855
9,63.75813183783089,-43.96944041748855,40,90.0,180.0,3,240,2100,16.517765624694903,56.24186816216911,-100.25346254276002,-3.471433847121755
10,-66.28120230817264,-51.107789657991475,40,90.0,180.0,3,240,2100,16.569677967929273,186.28120230817262,-100.28042061994124,-3.5338302778534993
11,159.4879284881468,76.11455966328751,40,90.0,180.0,3,240,2100,14.250995320614692,320.5120715118532,-98.97140790842947,-1.7453898398192482
12,95.96108333667024,2.440570531219919,40,90.0,180.0,3,240,2100,16.092471699624806,24.038916663329758,-100.02736827828403,-2.970666484526995
13,42.19301807031937,-46.529079015950906,40,90.0,180.0,3,240,2100,16.536691531102207,77.80698192968066,-100.26374097605097,-3.548011979134828
14,18.790332736422016,-74.50071570172975,40,90.0,180.0,3,240,2100,16.72306881585989,101.20966726357796,-100.35984217444785,-3.9009554533294057
15,-115.23168860521385,12.738733519158771,40,90.0,180.0,3,240,2100,15.967346706110877,235.23168860521383,-99.95837227009224,-2.8262873723045323
16,171.9611880081223,-70.2538522244939,40,90.0,180.0,3,240,2100,16.69691303069496,308.0388119918777,-100.34844014621505,-3.715706231829384
17,9.977212310919185,22.574715988159383,40,90.0,180.0,3,240,2100,15.831174054796644,110.02278768908081,-99.88500029017668,-3.1790727696041925
18,98.9355383329073,-35.879286248222776,40,90.0,180.0,3,240,2100,16.455477313731663,21.0644616670927,-100.21830355523461,-3.3084897533697886
19,-132.02083622206584,32.43341812901994,40,90.0,180.0,3,240,2100,15.673096219817237,252.02083622206584,-99.7959369378343,-2.595392030685168
20,-33.58778956482348,41.42937599584269,40,90.0,180.0,3,240,2100,15.503172929033415,153.58778956482348,-99.70164107766058,-2.7305748347126055
21,5.859026970788591,49.26180454674602,40,90.0,180.0,3,240,2100,15.327320176387387,114.14097302921141,-99.60314813930084,-2.628769928887843
22,161.73170060175613,-69.5141051017445,40,90.0,180.0,3,240,2100,16.692286248155362,318.26829939824387,-100.34550916269433,-3.70253948728996
23,7.189470682490736,80.53880576517815,40,90.0,180.0,3,240,2100,13.867353405326696,112.81052931750929,-98.7377544949538,-1.572256405402586
24,25.797178764933847,-58.747667587129364,40,90.0,180.0,3,240,2100,16.622405264893143,94.20282123506615,-100.30814963087816,-3.6771784715974536
25,-25.802442007529464,-87.87948567208916,40,90.0,180.0,3,240,2100,16.801260164992648,145.80244200752952,-100.39965495689889,-4.663903277906719
26,-109.91684233981691,4.136717609501545,40,90.0,180.0,3,240,2100,16.07291023653805,229.91684233981692,-100.01592062963617,-2.9186034595746246
27,-6.286086561750864,-15.1194661184078,40,90.0,180.0,3,240,2100,16.275251401682855,126.28608656175089,-100.12543833077379,-3.652499875288896
28,-26.66041395572512,48.02580467616053,40,90.0,180.0,3,240,2100,15.357209086714638,146.66041395572512,-99.61954585927778,-2.625505879196435
29,-178.95516159050516,41.441440144239664,40,90.0,180.0,3,240,2100,15.502924514586839,298.9551615905052,-99.70182868521019,-2.456069648417794
30,76.65695175838783,-2.9704177644413505,40,90.0,180.0,3,240,2100,16.152435290906922,43.343048241612166,-100.06046563311963,-3.081083617963654
31,152.2620560195781,77.82058882885093,40,90.0,180.0,3,240,2100,14.11990149505828,327.7379439804219,-98.8917454371242,-1.6688211686232843
0,36.696525518641494,-1.9900459135870108,41,-90.0,-180.0,1,0,2100,16.097603865054506,216.69652551864147,-100.03023813644299,-3.2484675333349955
1,31.187758396262836,78.12042113082623,41,-90.0,-180.0,1,0,2100,16.744834408793423,211.18775839626284,-100.37142654845886,-3.989862997448455
2,-1.7171065447014655,-59.8882877738046,41,-90.0,-180.0,1,0,2100,15.025068345189643,178.28289345529856,-99.43029912024603,-2.3818171382203706
3,-71.37552029381297,-86.53538316529918,41,-90.0,-180.0,1,0,2100,12.86275847803487,108.62447970618706,-98.09185030164542,-0.8901828073904956
4,-171.48017032961658,-50.08572444524057,41,-90.0,-180.0,1,0,2100,15.306888108580985,8.519829670383388,-99.59600628138531,-2.3493690093359376
5,-17.67980775633754,-35.23737347322232,41,-90.0,-180.0,1,0,2100,15.6231619679248,162.3201922436624,-99.76917814113065,-2.8934221029137275
6,-74.54448350140542,30.071459380475346,41,-90.0,-180.0,1,0,2100,16.40824097548276,105.45551649859459,-100.19659434214857,-3.3211127201070383
7,179.90085416487835,29.940098732766515,41,-90.0,-180.0,1,0,2100,16.40714635610672,359.90085416487835,-100.19323705735884,-3.143662658395692
8,151.62437696809116,-19.281630533202843,41,-90.0,-180.0,1,0,2100,15.878859329193924,331.62437696809116,-99.91377282933747,-2.7029192943692593
9,63.052228255304385,-42.74822903001897,41,-90.0,-180.0,1,0,2100,15.475644164481741,243.05222825530439,-99.68637212971879,-2.620759673757234
10,-65.85315276788282,-50.91277189655838,41,-90.0,-180.0,1,0,2100,15.28594983676893,114.14684723211718,-99.57891431707706,-2.4809932461625657
11,161.07291841474176,75.84704234496371,41,-90.0,-180.0,1,0,2100,16.731219826370815,341.07291841474176,-100.36097825738912,-3.858599391478732
12,97.58493312159914,2.366732937446784,41,-90.0,-180.0,1,0,2100,16.145920818216098,277.58493312159914,-100.05693312447882,-3.0106373255331254
13,39.689755343156975,-47.78344221917806,41,-90.0,-180.0,1,0,2100,15.362966561634874,219.68975534315695,-99.62283345679229,-2.6000159358241994
14,16.473756162940617,-73.63030571667221,41,-90.0,-180.0,1,0,2100,14.415586104840747,196.4737561629406,-99.07270072098206,-1.9404146375806233
15,-110.6860221904864,13.046074804004917,41,-90.0,-180.0,1,0,2100,16.255330143863635,69.31397780951363,-100.11614940758747,-3.074832946397417
16,171.62968388643378,-70.43563144399575,41,-90.0,-180.0,1,0,2100,14.59386428042475,351.6296838864338,-99.18582886871074,-1.9497157824009872
17,8.796230264574348,23.910349064253936,41,-90.0,-180.0,1,0,2100,16.355565646440198,188.79623026457432,-100.16843934688538,-3.584770723450092
18,96.65934100409544,-35.212791147406946,41,-90.0,-180.0,1,0,2100,15.623610755859739,276.65934100409544,-99.76995159734038,-2.6364267278132765
19,-131.40909975366043,32.90540832732364,41,-90.0,-180.0,1,0,2100,16.431568934896784,48.59090024633957,-100.20981307926344,-3.2239843120759493
20,-34.77485638923764,41.44152388890683,41,-90.0,-180.0,1,0,2100,16.498715976088906,145.22514361076236,-100.24387351102801,-3.5330634029415298
21,4.484100691395298,48.74246516815484,41,-90.0,-180.0,1,0,2100,16.552773351089545,184.48410069139527,-100.27217533032629,-3.6244581065477153
22,161.53787675656963,-68.34049119580786,41,-90.0,-180.0,1,0,2100,14.695598818793263,341.53787675656963,-99.2433193976625,-2.00794487699627
23,7.598237931122952,79.0490308106686,41,-90.0,-180.0,1,0,2100,16.75034268940981,187.59823793112295,-100.37416268982291,-4.021931259246851
24,24.819473763177456,-58.37166060213558,41,-90.0,-180.0,1,0,2100,15.074207659389936,204.81947376317743,-99.45817281712425,-2.4040518610744326
25,-24.125839775310794,-87.22165191021264,41,-90.0,-180.0,1,0,2100,12.642013612351084,155.87416022468926,-97.94491740637524,-0.7470285304174635
26,-109.67432104631271,3.7797394540829856,41,-90.0,-180.0,1,0,2100,16.161102771465263,70.32567895368732,-100.0655522899526,-2.9938040668182837
27,-10.011078912052966,-13.506298055420359,41,-90.0,-180.0,1,0,2100,15.95736236764336,169.988921087947,-99.95378215019949,-3.394362498283712
28,-25.850817810975343,46.42464075802792,41,-90.0,-180.0,1,0,2100,16.535926285944665,154.1491821890247,-100.26332838177004,-3.58495421333765
29,-178.69934840087205,41.746065822498394,41,-90.0,-180.0,1,0,2100,16.501030234516197,1.3006515991279457,-100.24239246359626,-3.2780414112942893
30,75.81730582707672,-3.996481428537294,41,-90.0,-180.0,1,0,2100,16.074542153774445,255.8173058270767,-100.01799502445841,-3.0208556607854016
31,150.6437683143712,76.94672585130013,41,-90.0,-180.0,1,0,2100,16.73782864873823,330.6437683143712,-100.36559932663036,-3.8954656155853318
0,36.696525518641494,-1.9900459135870108,41,0.0,0.0,2,120,2100,15.224098206240498,333.3277870311453,-99.54436023488337,-2.512174032397822
1,31.187758396262836,78.12042113082623,41,0.0,0.0,2,120,2100,16.00039250277561,246.21695281837742,-99.97696420116819,-3.427418284610445
2,-1.7171065447014655,-59.8882877738046,41,0.0,0.0,2,120,2100,15.71288404633677,60.99559158117353,-99.81961535756072,-2.981151688139377
3,-71.37552029381297,-86.53538316529918,41,0.0,0.0,2,120,2100,16.107600062353725,63.283589880363394,-100.03533164591475,-3.9527210496849947
4,-171.48017032961658,-50.08572444524057,41,0.0,0.0,2,120,2100,16.482964604450817,67.06502745350656,-100.23502295752418,-3.3212495605238206
5,-17.67980775633754,-35.23737347322232,41,0.0,0.0,2,120,2100,15.281269290455588,83.26396844350603,-99.57769177836246,-2.6001979985963253
6,-74.54448350140542,30.071459380475346,41,0.0,0.0,2,120,2100,15.959617133635376,180.99485990344397,-99.95448637800952,-2.961536749259916
7,179.90085416487835,29.940098732766515,41,0.0,0.0,2,120,2100,16.63118746378781,240.1721403899516,-100.31263567997722,-3.3197944510037445
8,151.62437696809116,-19.281630533202843,41,0.0,0.0,2,120,2100,16.604786385904475,6.357071778515035,-100.29613673941867,-3.2774001920816076
9,63.052228255304385,-42.74822903001897,41,0.0,0.0,2,120,2100,15.876644201946284,16.038456050526975,-99.9097439898991,-2.9616063539077953
10,-65.85315276788282,-50.91277189655838,41,0.0,0.0,2,120,2100,15.938349619580706,96.5469871025035,-99.94330409719805,-3.038440285654259
11,161.07291841474176,75.84704234496371,41,0.0,0.0,2,120,2100,16.258498687745146,244.6760154545682,-100.11618099531678,-3.508974733081931
12,97.58493312159914,2.366732937446784,41,0.0,0.0,2,120,2100,16.200810345733693,327.6124001043555,-100.08573098856654,-3.0537617166782565
13,39.689755343156975,-47.78344221917806,41,0.0,0.0,2,120,2100,15.695393110248876,29.911529011334665,-99.80987996735885,-2.88652206414395
14,16.473756162940617,-73.63030571667221,41,0.0,0.0,2,120,2100,15.928533853013594,55.238366815881704,-99.93818590023206,-3.280902179293812
15,-110.6860221904864,13.046074804004917,41,0.0,0.0,2,120,2100,16.321802977886577,163.91125518374264,-100.1493135658277,-3.1242419669622636
16,171.62968388643378,-70.43563144399575,41,0.0,0.0,2,120,2100,16.31468586476128,57.038538383473224,-100.1462238727629,-3.4279488604229975
17,8.796230264574348,23.910349064253936,41,0.0,0.0,2,120,2100,14.85441257581379,259.03019602749936,-99.33099179566712,-2.3226177583292933
18,96.65934100409544,-35.212791147406946,41,0.0,0.0,2,120,2100,16.178617163712918,5.395725870967681,-100.07301508533882,-3.0961541902684364
19,-131.40909975366043,32.90540832732364,41,0.0,0.0,2,120,2100,16.438276131757245,190.7857729968975,-100.21110640674948,-3.2258931205425023
20,-34.77485638923764,41.44152388890683,41,0.0,0.0,2,120,2100,15.57127801746395,207.1377709971124,-99.74086797900199,-2.786973553507957
21,4.484100691395298,48.74246516815484,41,0.0,0.0,2,120,2100,15.509852240228527,243.9233364033293,-99.70628851788146,-2.7879602054805295
22,161.53787675656963,-68.34049119580786,41,0.0,0.0,2,120,2100,16.325106767676452,52.831989464313665,-100.15174613791042,-3.404177435949673
23,7.598237931122952,79.0490308106686,41,0.0,0.0,2,120,2100,15.991452711262681,241.46557587000257,-99.9720602827833,-3.4496582532612976
24,24.819473763177456,-58.37166060213558,41,0.0,0.0,2,120,2100,15.74044992292852,45.50498688437813,-99.83485872767136,-2.9833684020592193
25,-24.125839775310794,-87.22165191021264,41,0.0,0.0,2,120,2100,16.091387019257688,61.13636974551241,-100.02658805943118,-4.03647848158475
26,-109.67432104631271,3.7797394540829856,41,0.0,0.0,2,120,2100,16.317262858097056,154.0133315041826,-100.14692078833862,-3.1154441468661416
27,-10.011078912052966,-13.506298055420359,41,0.0,0.0,2,120,2100,14.438930734841932,95.89474104390041,-99.08370206857329,-2.0593472041769996
28,-25.850817810975343,46.42464075802792,41,0.0,0.0,2,120,2100,15.564832318624475,217.46801129603108,-99.73721095788434,-2.8066591721565812
29,-178.69934840087205,41.746065822498394,41,0.0,0.0,2,120,2100,16.54912636562745,238.54298089429994,-100.26987383818079,-3.318382101093192
30,75.81730582707672,-3.996481428537294,41,0.0,0.0,2,120,2100,15.948944792389149,334.12169985573195,-99.94935185505639,-2.9175643697811955
31,150.6437683143712,76.94672585130013,41,0.0,0.0,2,120,2100,16.238764075170327,246.48444506363768,-100.10564359099703,-3.52486380313906
0,36.696525518641494,-1.9900459135870108,41,90.0,180.0,3,240,2100,16.14183431254264,83.30347448135853,-100.05481280236297,-3.284625529011202
1,31.187758396262836,78.12042113082623,41,90.0,180.0,3,240,2100,14.094975461056608,88.81224160373716,-98.87634624038938,-1.7169504073065853
2,-1.7171065447014655,-59.8882877738046,41,90.0,180.0,3,240,2100,16.630044168676218,121.71710654470144,-100.3119376630954,-3.7016612718448116
3,-71.37552029381297,-86.53538316529918,41,90.0,180.0,3,240,2100,16.79367521864395,191.375520293813,-100.39614064717203,-4.450685752936478
4,-171.48017032961658,-50.08572444524057,41,90.0,180.0,3,240,2100,16.562408457096563,291.4801703296166,-100.27900895001888,-3.3855579756559933
5,-17.67980775633754,-35.23737347322232,41,90.0,180.0,3,240,2100,16.450364836304256,137.67980775633754,-100.21804572300115,-3.5559861331329112
6,-74.54448350140542,30.071459380475346,41,90.0,180.0,3,240,2100,15.713306852938905,194.5444835014054,-99.81818842342976,-2.7546570004259103
7,179.90085416487835,29.940098732766515,41,90.0,180.0,3,240,2100,15.715496408506997,300.09914583512165,-99.82105994663424,-2.5788568579664837
8,151.62437696809116,-19.281630533202843,41,90.0,180.0,3,240,2100,16.314082238889945,328.37562303190884,-100.14748785632952,-3.057061930902587
9,63.052228255304385,-42.74822903001897,41,90.0,180.0,3,240,2100,16.50860822734852,56.947771744695615,-100.24873852315054,-3.4624370761376912
10,-65.85315276788282,-50.91277189655838,41,90.0,180.0,3,240,2100,16.568294963945316,185.85315276788282,-100.27969479401166,-3.5327266705043185
11,161.07291841474176,75.84704234496371,41,90.0,180.0,3,240,2100,14.270078098811844,318.92708158525824,-98.98293398318413,-1.7564018172924667
12,97.58493312159914,2.366732937446784,41,90.0,180.0,3,240,2100,16.093314629633134,22.415066878400864,-100.02769838555709,-2.966712229443917
13,39.689755343156975,-47.78344221917806,41,90.0,180.0,3,240,2100,16.545837098781504,80.31024465684305,-100.2685008768858,-3.5634713701509386
14,16.473756162940617,-73.63030571667221,41,90.0,180.0,3,240,2100,16.717763544964285,103.52624383705938,-100.35713057899058,-3.8835307363614864
15,-110.6860221904864,13.046074804004917,41,90.0,180.0,3,240,2100,15.963360825697947,230.68602219048637,-99.95611175289629,-2.8337342677134325
16,171.62968388643378,-70.43563144399575,41,90.0,180.0,3,240,2100,16.69804670821196,308.3703161135662,-100.34901527099824,-3.719802537667592
17,8.796230264574348,23.910349064253936,41,90.0,180.0,3,240,2100,15.811166144027478,111.20376973542562,-99.87394374688495,-3.1547029059856326
18,96.65934100409544,-35.212791147406946,41,90.0,180.0,3,240,2100,16.45016853118968,23.340658995904562,-100.21585389272227,-3.307334867362419
19,-131.40909975366043,32.90540832732364,41,90.0,180.0,3,240,2100,15.664863393033903,251.40909975366043,-99.79133388921308,-2.5911969438674216
20,-34.77485638923764,41.44152388890683,41,90.0,180.0,3,240,2100,15.502922789973834,154.77485638923764,-99.70148217509126,-2.726711304792927
21,4.484100691395298,48.74246516815484,41,90.0,180.0,3,240,2100,15.33998781670959,115.51589930860467,-99.6103161829444,-2.6406162170252356
22,161.53787675656963,-68.34049119580786,41,90.0,180.0,3,240,2100,16.68490161891526,318.46212324343037,-100.34172625636641,-3.6782227047328817
23,7.598237931122952,79.0490308106686,41,90.0,180.0,3,240,2100,14.01358262338261,112.40176206887708,-98.82814852816708,-1.6700116178478808
24,24.819473763177456,-58.37166060213558,41,90.0,180.0,3,240,2100,16.619874247033916,95.18052623682252,-100.30684457945392,-3.674731470614651
25,-24.125839775310794,-87.22165191021264,41,90.0,180.0,3,240,2100,16.797555110789766,144.1258397753108,-100.39776350373492,-4.545875357454467
26,-109.67432104631271,3.7797394540829856,41,90.0,180.0,3,240,2100,16.07705913566138,229.67432104631268,-100.01817397058706,-2.9224501995962413
27,-10.011078912052966,-13.506298055420359,41,90.0,180.0,3,240,2100,16.259786388704686,130.01107891205294,-100.11710671025159,-3.6304368981442314
28,-25.850817810975343,46.42464075802792,41,90.0,180.0,3,240,2100,15.394645882031986,145.85081781097534,-99.6407137318682,-2.6587277593171725
29,-178.69934840087205,41.746065822498394,41,90.0,180.0,3,240,2100,15.49663138826839,298.69934840087205,-99.6982661921236,-2.452477768720551
30,75.81730582707672,-3.996481428537294,41,90.0,180.0,3,240,2100,16.163411285812323,44.18269417292328,-100.06635835549709,-3.0931421224265145
31,150.6437683143712,76.94672585130013,41,90.0,180.0,3,240,2100,14.189193523401011,329.3562316856288,-98.93404017519038,-1.710686319737047
0,38.4033042168908,-2.205853498586322,42,-90.0,-180.0,1,0,2100,16.095148772475653,218.4033042168908,-100.02891306096126,-3.2328012917033937
1,30.495590839572486,77.16533671625118,42,-90.0,-180.0,1,0,2100,16.73913725689031,210.4955908395725,-100.36851476712759,-3.963020627550155
2,-2.160334770954904,-60.474903494931965,42,-90.0,-180.0,1,0,2100,15.005394775207492,177.83966522904507,-99.41897217194456,-2.3666504243702025
3,-73.20336212149145,-86.8175612262958,42,-90.0,-180.0,1,0,2100,12.777804475859845,106.79663787850859,-98.03377567832356,-0.831109113259104
4,-171.02493143878166,-50.75540461771376,42,-90.0,-180.0,1,0,2100,15.289967806668265,8.975068561218336,-99.58635523110422,-2.3399403559850582
5,-20.49422489534723,-35.6908145047362,42,-90.0,-180.0,1,0,2100,15.614847380302193,159.5057751046528,-99.76452276720833,-2.875888607976057
6,-74.19978483129135,30.120732584970455,42,-90.0,-180.0,1,0,2100,16.40865125694193,105.80021516870863,-100.19681206252457,-3.322570104197577
7,179.8935008521836,29.944958577821126,42,-90.0,-180.0,1,0,2100,16.407186874217732,359.8935008521836,-100.19325992714623,-3.1437138091360324
8,147.5917746926969,-19.25546415007169,42,-90.0,-180.0,1,0,2100,15.8792292690032,327.5917746926969,-99.9137883807929,-2.709002669383049
9,64.66729886973906,-42.092575516869225,42,-90.0,-180.0,1,0,2100,15.489424519849845,244.66729886973906,-99.69414694264194,-2.6260950730186075
10,-64.2476595498124,-50.62870222489345,42,-90.0,-180.0,1,0,2100,15.293191136416931,115.7523404501876,-99.5830409415148,-2.4896328442852815
11,160.67005332880365,75.95348478391429,42,-90.0,-180.0,1,0,2100,16.731861431360173,340.6700533288036,-100.36136795856635,-3.861869183232584
12,97.38669482668337,3.1293748240287584,42,-90.0,-180.0,1,0,2100,16.154143590316473,277.38669482668337,-100.06135888573569,-3.017961420704916
13,33.907332924158084,-49.222493514957435,42,-90.0,-180.0,1,0,2100,15.328284678323504,213.90733292415806,-99.6032221567045,-2.586350037982613
14,17.562689059614826,-73.45015631355935,42,-90.0,-180.0,1,0,2100,14.426531039931854,197.56268905961483,-99.07917104123213,-1.9474547642252427
15,-109.86616142526827,12.375070459685332,42,-90.0,-180.0,1,0,2100,16.248797158456483,70.13383857473173,-100.11263111949447,-3.0706510803845792
16,172.40376134533193,-70.60076698121587,42,-90.0,-180.0,1,0,2100,14.585387833528154,352.40376134533193,-99.18102850033632,-1.944958265949053
17,8.47558535721052,25.12160260930746,42,-90.0,-180.0,1,0,2100,16.366142902005777,188.4755853572105,-100.17404473177614,-3.5827456792493213
18,96.11491970567693,-35.0521371420291,42,-90.0,-180.0,1,0,2100,15.626538791379277,276.1149197056769,-99.77157763922425,-2.639586982102102
19,-131.18027028475476,33.374319423213734,42,-90.0,-180.0,1,0,2100,16.435376894509115,48.81972971524522,-100.2118018359754,-3.229149261727991
20,-34.62044130651216,41.359991031620154,42,-90.0,-180.0,1,0,2100,16.4980954861016,145.37955869348787,-100.243546930464,-3.533012942398241
21,1.2999932021830887,47.442571200360504,42,-90.0,-180.0,1,0,2100,16.543360071507667,181.29999320218306,-100.2672464337467,-3.6189761499327915
22,161.76172843085897,-68.66026840707448,42,-90.0,-180.0,1,0,2100,14.68072492938942,341.7617284308589,-99.23458999981347,-1.9993764243637364
23,9.207729373006543,77.3084759004116,42,-90.0,-180.0,1,0,2100,16.73999316357006,189.20772937300654,-100.36888068372593,-3.9710206725486348
24,26.111844271284866,-58.7418387732376,42,-90.0,-180.0,1,0,2100,15.062434629014751,206.11184427128484,-99.45137042756119,-2.3935710349572
25,-24.398623412200692,-88.2027960491089,42,-90.0,-180.0,1,0,2100,12.206390935276549,155.60137658779934,-97.63777158768978,-0.43565929904195194
26,-110.14235836471403,3.1100782277698897,42,-90.0,-180.0,1,0,2100,16.153936366829182,69.85764163528597,-100.06170559171261,-2.9866716122152632
27,-12.60646153939311,-11.492661622142407,42,-90.0,-180.0,1,0,2100,15.983346057649275,167.39353846060692,-99.96795592963602,-3.4082088727986455
28,-25.93042029483746,46.45587757862023,42,-90.0,-180.0,1,0,2100,16.53615522730598,154.0695797051626,-100.26344821945598,-3.5849771005090525
29,-178.69150493001743,41.78997306977584,42,-90.0,-180.0,1,0,2100,16.501363450761495,1.3084950699825413,-100.24257633668692,-3.278581848941701
30,76.49683319959757,-4.555505855710166,42,-90.0,-180.0,1,0,2100,16.06802091925154,256.4968331995975,-100.014457525744,-3.0132687460013474
31,144.7591804570323,77.44711481356504,42,-90.0,-180.0,1,0,2100,16.740821462887443,324.7591804570323,-100.36766949978544,-3.9135613662873365
0,38.4033042168908,-2.205853498586322,42,0.0,0.0,2,120,2100,15.269690477308709,333.5482082009353,-99.57033692115934,-2.5381712931412332
1,30.495590839572486,77.16533671625118,42,0.0,0.0,2,120,2100,15.989157926259162,246.59512522505668,-99.9708562412323,-3.394855858628725
2,-2.160334770954904,-60.474903494931965,42,0.0,0.0,2,120,2100,15.722763705192124,61.22303240103352,-99.82508456325006,-2.9919564925143267
3,-73.20336212149145,-86.8175612262958,42,0.0,0.0,2,120,2100,16.10969760867005,63.04692617490048,-100.03646426127206,-3.9901952281487847
4,-171.02493143878166,-50.75540461771376,42,0.0,0.0,2,120,2100,16.477434892319433,67.26243543745653,-100.23212815593078,-3.3224209620154967
5,-20.49422489534723,-35.6908145047362,42,0.0,0.0,2,120,2100,15.320657375455546,85.9845402322963,-99.60009511420485,-2.624165673148162
6,-74.19978483129135,30.120732584970455,42,0.0,0.0,2,120,2100,15.955847080419039,181.0876379887033,-99.95244052774699,-2.959625893828231
7,179.8935008521836,29.944958577821126,42,0.0,0.0,2,120,2100,16.63115492473547,240.184871104494,-100.31261935399009,-3.319787492341847
8,147.5917746926969,-19.25546415007169,42,0.0,0.0,2,120,2100,16.58192533437256,3.0956881070683266,-100.28417846403133,-3.265613004293564
9,64.66729886973906,-42.092575516869225,42,0.0,0.0,2,120,2100,15.889678566058857,14.984004897720752,-99.91687232403076,-2.965826443676221
10,-64.2476595498124,-50.62870222489345,42,0.0,0.0,2,120,2100,15.924240451169668,96.4670686394312,-99.93560741463934,-3.0290070240519107
11,160.67005332880365,75.95348478391429,42,0.0,0.0,2,120,2100,16.257208613939827,244.73414487609904,-100.11549326310883,-3.51076695108683
12,97.38669482668337,3.1293748240287584,42,0.0,0.0,2,120,2100,16.198729789383272,326.844490004854,-100.08462490293832,-3.0527934779340695
13,33.907332924158084,-49.222493514957435,42,0.0,0.0,2,120,2100,15.666295936888046,34.30582447929987,-99.79374070870432,-2.878428723167917
14,17.562689059614826,-73.45015631355935,42,0.0,0.0,2,120,2100,15.92748644256246,54.876118582155186,-99.93761347030822,-3.2768629037086603
15,-109.86616142526827,12.375070459685332,42,0.0,0.0,2,120,2100,16.315035671920807,163.13175381690826,-100.1457157264134,-3.1199573868571635
16,172.40376134533193,-70.60076698121587,42,0.0,0.0,2,120,2100,16.313538878800642,57.33480983265815,-100.14561675011642,-3.429824507943123
17,8.47558535721052,25.12160260930746,42,0.0,0.0,2,120,2100,14.894450384607941,257.44955171050776,-99.35442060757624,-2.348620216013076
18,96.11491970567693,-35.0521371420291,42,0.0,0.0,2,120,2100,16.174059371055524,5.205994191135687,-100.07057332988833,-3.093140639571929
19,-131.18027028475476,33.374319423213734,42,0.0,0.0,2,120,2100,16.43523512108201,191.19343263611785,-100.20950237851372,-3.2257561498445413
20,-34.62044130651216,41.359991031620154,42,0.0,0.0,2,120,2100,15.568580331022664,207.16450307102878,-99.7393690493084,-2.7851305983707855
21,1.2999932021830887,47.442571200360504,42,0.0,0.0,2,120,2100,15.479959320006511,241.19334860513544,-99.68956764593534,-2.76410664122696
22,161.76172843085897,-68.66026840707448,42,0.0,0.0,2,120,2100,16.322626983118642,53.028947055667345,-100.15043444688176,-3.407326877118551
23,9.207729373006543,77.3084759004116,42,0.0,0.0,2,120,2100,15.970105185294827,242.06381305435843,-99.96044638368703,-3.3874693680870145
24,26.111844271284866,-58.7418387732376,42,0.0,0.0,2,120,2100,15.75097928825752,45.04219300023476,-99.84068200320664,-2.992344421318847
25,-24.398623412200692,-88.2027960491089,42,0.0,0.0,2,120,2100,16.101611161584614,60.74259558223568,-100.0321123653271,-4.239347210712504
26,-110.14235836471403,3.1100782277698897,42,0.0,0.0,2,120,2100,16.321646582890192,153.31224475122258,-100.14925642487273,-3.11757885496971
27,-12.60646153939311,-11.492661622142407,42,0.0,0.0,2,120,2100,14.453125728554676,107.02887911169046,-99.09262932241211,-2.066251835066404
28,-25.93042029483746,46.45587757862023,42,0.0,0.0,2,120,2100,15.565925024550095,217.4320805966887,-99.73782114165341,-2.8074306931789064
29,-178.69150493001743,41.78997306977584,42,0.0,0.0,2,120,2100,16.548807432243894,238.53645801522237,-100.26970343569009,-3.318401668771508
30,76.49683319959757,-4.555505855710166,42,0.0,0.0,2,120,2100,15.957971297115755,334.68444516098054,-99.95427414017679,-2.922698850318545
31,144.7591804570323,77.44711481356504,42,0.0,0.0,2,120,2100,16.227568889371938,247.32124682410853,-100.09965705559044,-3.5318010348202975
0,38.4033042168908,-2.205853498586322,42,90.0,180.0,3,240,2100,16.144177553226974,81.59669578310917,-100.05610452647494,-3.2728500814831745
1,30.495590839572486,77.16533671625118,42,90.0,180.0,3,240,2100,14.172304119957902,89.50440916042749,-98.92373508727489,-1.768921920453741
2,-2.160334770954904,-60.474903494931965,42,90.0,180.0,3,240,2100,16.633950216081054,122.16033477095488,-100.31395316278122,-3.706989894820167
3,-73.20336212149145,-86.8175612262958,42,90.0,180.0,3,240,2100,16.795272364563413,193.20336212149147,-100.39699462033495,-4.4866219900483575
4,-171.02493143878166,-50.75540461771376,42,90.0,180.0,3,240,2100,16.567177569093488,291.02493143878166,-100.28148783010042,-3.394559136041627
5,-20.49422489534723,-35.6908145047362,42,90.0,180.0,3,240,2100,16.45397894993784,140.4942248953472,-100.21991154671844,-3.548700867164511
6,-74.19978483129135,30.120732584970455,42,90.0,180.0,3,240,2100,15.712484315565215,194.19978483129137,-99.81773016892338,-2.755144492299273
7,179.8935008521836,29.944958577821126,42,90.0,180.0,3,240,2100,15.715415488611077,300.1064991478164,-99.8210209898753,-2.578814359989406
8,147.5917746926969,-19.25546415007169,42,90.0,180.0,3,240,2100,16.313842770335256,332.4082253073031,-100.1471198174754,-3.062405962142074
9,64.66729886973906,-42.092575516869225,42,90.0,180.0,3,240,2100,16.5036569147344,55.33270113026094,-100.24611406781193,-3.452352784118429
10,-64.2476595498124,-50.62870222489345,42,90.0,180.0,3,240,2100,16.56627700370822,184.2476595498124,-100.27862450831888,-3.5331975633155492
11,160.67005332880365,75.95348478391429,42,90.0,180.0,3,240,2100,14.262528817508088,319.32994667119635,-98.97836579061037,-1.751997851562359
12,97.38669482668337,3.1293748240287584,42,90.0,180.0,3,240,2100,16.084573888623925,22.613305173316633,-100.02303228849708,-2.960378013497536
13,33.907332924158084,-49.222493514957435,42,90.0,180.0,3,240,2100,16.556227230997642,86.09266707584192,-100.2739127908438,-3.5867962051847306
14,17.562689059614826,-73.45015631355935,42,90.0,180.0,3,240,2100,16.71666198475298,102.43731094038515,-100.35656365563032,-3.8796665735565554
15,-109.86616142526827,12.375070459685332,42,90.0,180.0,3,240,2100,15.972042588570412,229.86616142526827,-99.96085525088525,-2.842035659434984
16,172.40376134533193,-70.60076698121587,42,90.0,180.0,3,240,2100,16.69907547344452,307.59623865466807,-100.3495637411569,-3.7232861223089775
17,8.47558535721052,25.12160260930746,42,90.0,180.0,3,240,2100,15.79266868711899,111.52441464278945,-99.86374117675612,-3.1291358021134967
18,96.11491970567693,-35.0521371420291,42,90.0,180.0,3,240,2100,16.448884659598,23.885080294323075,-100.21525775179282,-3.3070761203094716
19,-131.18027028475476,33.374319423213734,42,90.0,180.0,3,240,2100,15.656616601673562,251.18027028475478,-99.78673084059186,-2.5864016360596964
20,-34.62044130651216,41.359991031620154,42,90.0,180.0,3,240,2100,15.504600447012878,154.62044130651213,-99.7024181624835,-2.7285939898778713
21,1.2999932021830887,47.442571200360504,42,90.0,180.0,3,240,2100,15.37100848103501,118.70000679781691,-99.62783237197384,-2.669344801399966
22,161.76172843085897,-68.66026840707448,42,90.0,180.0,3,240,2100,16.686919136488473,318.23827156914103,-100.34276783707892,-3.684672859016521
23,9.207729373006543,77.3084759004116,42,90.0,180.0,3,240,2100,14.161088925020747,110.79227062699346,-98.9182831913801,-1.7687417994203969
24,26.111844271284866,-58.7418387732376,42,90.0,180.0,3,240,2100,16.622366078209808,93.8881557287151,-100.3081332280323,-3.676787852666712
25,-24.398623412200692,-88.2027960491089,42,90.0,180.0,3,240,2100,16.80307609611952,144.39862341220072,-100.40057044073379,-4.738901276704633
26,-110.14235836471403,3.1100782277698897,42,90.0,180.0,3,240,2100,16.084795994213277,230.14235836471403,-100.02238232572962,-2.9274441384450993
27,-12.60646153939311,-11.492661622142407,42,90.0,180.0,3,240,2100,16.240140425374385,132.60646153939308,-100.10654840340305,-3.608590810524312
28,-25.93042029483746,46.45587757862023,42,90.0,180.0,3,240,2100,15.39392877915459,145.93042029483746,-99.64030878661087,-2.657942979757836
29,-178.69150493001743,41.78997306977584,42,90.0,180.0,3,240,2100,15.495721053639215,298.69150493001746,-99.69774642694522,-2.4519507114471346
30,76.49683319959757,-4.555505855710166,42,90.0,180.0,3,240,2100,16.169340960910915,43.503166800402425,-100.06951129002594,-3.0955712996801754
31,144.7591804570323,77.44711481356504,42,90.0,180.0,3,240,2100,14.150105090402445,335.2408195429677,-98.91036471753816,-1.6890914254619804
0,40.63915589807911,-0.8792853187625127,43,-90.0,-180.0,1,0,2100,16.110145736543313,220.63915589807908,-100.0370391538188,-3.2280412642700336
1,30.49258805046793,77.21168103460604,43,-90.0,-180.0,1,0,2100,16.739414454865656,210.49258805046793,-100.36865564501795,-3.9642838181520053
2,-1.60505156767951,-60.27973394044443,43,-90.0,-180.0,1,0,2100,15.011983314558403,178.39494843232046,-99.42275940873732,-2.371746793760106
3,-73.6372334106646,-88.27664729194717,43,-90.0,-180.0,1,0,2100,12.164430695276772,106.36276658933548,-97.60082315917283,-0.3947769685475439
4,-170.05852123719063,-52.22120137226746,43,-90.0,-180.0,1,0,2100,15.251902140476577,9.941478762809368,-99.56457770475427,-2.3186940589400877
5,-22.1422172189541,-36.36733242788813,43,-90.0,-180.0,1,0,2100,15.602312359834157,157.8577827810459,-99.75751089039272,-2.8579770086570426
6,-70.69578844849643,30.132668303550815,43,-90.0,-180.0,1,0,2100,16.408750616348737,109.30421155150356,-100.19680840335859,-3.3333171714820016
7,178.86773191552277,29.081220384945965,43,-90.0,-180.0,1,0,2100,16.399959700263278,358.8677319155227,-100.189682177606,-3.134538228086974
8,148.51541891992883,-19.334254892585278,43,-90.0,-180.0,1,0,2100,15.878114912393157,328.51541891992883,-99.91322212485697,-2.7068894878503373
9,64.67133198356686,-42.216700137271694,43,-90.0,-180.0,1,0,2100,15.486830231478372,244.6713319835668,-99.69267229875064,-2.6242272129876842
10,-64.82512931310657,-50.86685412595531,43,-90.0,-180.0,1,0,2100,15.287123898282468,115.17487068689343,-99.5795903479925,-2.484128496659423
11,167.19339886896415,74.99502338835225,43,-90.0,-180.0,1,0,2100,16.726069206892937,347.19339886896415,-100.35744030127897,-3.832401662403633
12,100.37517483616705,3.926162286456872,43,-90.0,-180.0,1,0,2100,16.162662901932134,280.37517483616705,-100.06599733601533,-3.0172182858734864
13,29.481700606621104,-47.714437748505006,43,-90.0,-180.0,1,0,2100,15.36459976258447,209.48170060662108,-99.62387174514008,-2.625679017475856
14,22.32256836067026,-73.60250173602829,43,-90.0,-180.0,1,0,2100,14.417283166438668,202.32256836067023,-99.07334839336112,-1.939027587898325
15,-108.7338161821045,11.887005750609518,43,-90.0,-180.0,1,0,2100,16.244018340929184,71.26618381789547,-100.11003951518676,-3.0688723552702495
16,173.9474671272322,-73.17722185039344,43,-90.0,-180.0,1,0,2100,14.44288818459864,353.94746712723213,-99.09653515601039,-1.8627515750381187
17,7.957269406029042,27.223131304268477,43,-90.0,-180.0,1,0,2100,16.38423314066417,187.957269406029,-100.18362808748654,-3.5800964315182453
18,95.90731708996805,-35.32240825011391,43,-90.0,-180.0,1,0,2100,15.621607972850898,275.90731708996805,-99.76881268192807,-2.6367864020470733
19,-131.2148751149852,32.843466824677336,43,-90.0,-180.0,1,0,2100,16.431064830864642,48.785124885014795,-100.20954230098067,-3.2236417410366283
20,-35.507312475449424,41.66361367608127,43,-90.0,-180.0,1,0,2100,16.50040419720699,144.49268752455055,-100.24476085877899,-3.5323327304701198
21,-0.15069806530880214,47.56001829748331,43,-90.0,-180.0,1,0,2100,16.544214224167135,179.8493019346912,-100.2676891928307,-3.6196007582812726
22,164.18993289775523,-69.31605208911142,43,-90.0,-180.0,1,0,2100,14.649512210794647,344.1899328977552,-99.21672915325294,-1.9812686786729417
23,8.765301875394982,75.15446338120023,43,-90.0,-180.0,1,0,2100,16.72703507237482,188.76530187539498,-100.36224478621511,-3.918309171511714
24,26.4315280790521,-60.639567502811204,43,-90.0,-180.0,1,0,2100,14.999802080716039,206.43152807905207,-99.415246226182,-2.3463933148249443
25,-24.21019272283982,-88.64442557811901,43,-90.0,-180.0,1,0,2100,11.924385759212106,155.7898072771602,-97.43141658122438,-0.22743007770057644
26,-111.79284554803034,2.7171076593191685,43,-90.0,-180.0,1,0,2100,16.149706941361963,68.20715445196964,-100.05948996670968,-2.979286952286713
27,-13.667176033976801,-9.393573027757995,43,-90.0,-180.0,1,0,2100,16.009732337173176,166.33282396602317,-99.98233096320163,-3.4367602726657336
28,-25.60367833151662,46.22939568879099,43,-90.0,-180.0,1,0,2100,16.534494104031726,154.39632166848332,-100.26258191190942,-3.5843032105251833
29,-178.99120215282576,42.09565299199005,43,-90.0,-180.0,1,0,2100,16.503680212327403,1.0087978471742645,-100.2436910101246,-3.2821282255934325
30,77.26130864332606,-5.056979528251773,43,-90.0,-180.0,1,0,2100,16.06213463035612,257.26130864332606,-100.01128411404494,-3.005942094312145
31,143.86551934264986,78.33805780337354,43,-90.0,-180.0,1,0,2100,16.746128100020755,323.8655193426498,-100.37042713874965,-3.9438733533600976
0,40.63915589807911,-0.8792853187625127,43,0.0,0.0,2,120,2100,15.325079488193822,331.3499173248677,-99.60177771125367,-2.5694168526475183
1,30.49258805046793,77.21168103460604,43,0.0,0.0,2,120,2100,15.989655827696566,246.57013603082743,-99.97112153852319,-3.3963509605237956
2,-1.60505156767951,-60.27973394044443,43,0.0,0.0,2,120,2100,15.719362802581504,60.916059931568896,-99.82320299323305,-2.9882873431828196
3,-73.6372334106646,-88.27664729194717,43,0.0,0.0,2,120,2100,16.11455532285298,61.653591754985484,-100.03909172482618,-4.270308199907134
4,-170.05852123719063,-52.22120137226746,43,0.0,0.0,2,120,2100,16.465245647786148,67.6216297719348,-100.22573398103297,-3.3253187065052687
5,-22.1422172189541,-36.36733242788813,43,0.0,0.0,2,120,2100,15.352286731474035,87.10494386219094,-99.61802002770197,-2.644451028910097
6,-70.69578844849643,30.132668303550815,43,0.0,0.0,2,120,2100,15.915896988139357,181.59235687853936,-99.9306922721383,-2.9379120196297093
7,178.86773191552277,29.081220384945965,43,0.0,0.0,2,120,2100,16.63676245531869,242.03486575485243,-100.31554884830615,-3.32027114629755
8,148.51541891992883,-19.334254892585278,43,0.0,0.0,2,120,2100,16.58704628513281,3.893656678100797,-100.2868640889146,-3.2683733999214244
9,64.67133198356686,-42.216700137271694,43,0.0,0.0,2,120,2100,15.890243972907788,15.107789579874748,-99.91718149741207,-2.966693250425889
10,-64.82512931310657,-50.86685412595531,43,0.0,0.0,2,120,2100,15.929970016248541,96.36623823597895,-99.93873792267196,-3.0335923299947725
11,167.19339886896415,74.99502338835225,43,0.0,0.0,2,120,2100,16.27051995708981,243.4002017188805,-100.12258996564042,-3.4965359637943565
12,100.37517483616705,3.926162286456872,43,0.0,0.0,2,120,2100,16.22882355373471,326.0087855156705,-100.10075752916057,-3.069227353931379
13,29.481700606621104,-47.714437748505006,43,0.0,0.0,2,120,2100,15.611861602027181,35.88712313053168,-99.76343661546409,-2.8396354656711957
14,22.32256836067026,-73.60250173602829,43,0.0,0.0,2,120,2100,15.93580092274938,53.622562218720304,-99.94215107435683,-3.2845344783939128
15,-108.7338161821045,11.887005750609518,43,0.0,0.0,2,120,2100,16.30522190869824,162.53152400214265,-100.14049243090524,-3.114269463897408
16,173.9474671272322,-73.17722185039344,43,0.0,0.0,2,120,2100,16.29042093247086,58.17402677721486,-100.13332430217994,-3.462108258577765
17,7.957269406029042,27.223131304268477,43,0.0,0.0,2,120,2100,14.962193167256387,255.06135149714748,-99.39390503934254,-2.392934921250471
18,95.90731708996805,-35.32240825011391,43,0.0,0.0,2,120,2100,16.172102505167185,5.466448542948854,-100.06953458895704,-3.0930112983098463
19,-131.2148751149852,32.843466824677336,43,0.0,0.0,2,120,2100,16.437301330414645,190.63420064559602,-100.21059111778061,-3.2251897388542434
20,-35.507312475449424,41.66361367608127,43,0.0,0.0,2,120,2100,15.581823920925498,206.86681576603007,-99.74673921212447,-2.793806306794948
21,-0.15069806530880214,47.56001829748331,43,0.0,0.0,2,120,2100,15.482150296002184,239.8622012179901,-99.6908104617058,-2.7659957045566923
22,164.18993289775523,-69.31605208911142,43,0.0,0.0,2,120,2100,16.319431583951474,54.12705124671231,-100.14874113590388,-3.4147151149382653
23,8.765301875394982,75.15446338120023,43,0.0,0.0,2,120,2100,15.942055802795386,242.31303752456756,-99.94515505598918,-3.3198957306009924
24,26.4315280790521,-60.639567502811204,43,0.0,0.0,2,120,2100,15.778361303325845,45.941547050602594,-99.85579476542021,-3.0243995319067074
25,-24.21019272283982,-88.64442557811901,43,0.0,0.0,2,120,2100,16.106131403894366,60.55598742534477,-100.03455003928079,-4.377397810092624
26,-111.79284554803034,2.7171076593191685,43,0.0,0.0,2,120,2100,16.336571104102095,152.925889150496,-100.15719187499326,-3.1253701128746885
27,-13.667176033976801,-9.393573027757995,43,0.0,0.0,2,120,2100,14.425527154607545,115.00202077097407,-99.07610742343415,-2.047963333762109
28,-25.60367833151662,46.22939568879099,43,0.0,0.0,2,120,2100,15.559842949975819,217.51115608036702,-99.73443043820086,-2.8028687973398974
29,-178.99120215282576,42.09565299199005,43,0.0,0.0,2,120,2100,16.546642936276506,238.88357001266485,-100.26857490182957,-3.318650157353808
30,77.26130864332606,-5.056979528251773,43,0.0,0.0,2,120,2100,15.967999544879362,335.18390703438945,-99.95974436624033,-2.9283750938297364
31,143.86551934264986,78.33805780337354,43,0.0,0.0,2,120,2100,16.219263298224266,246.9392792405688,-100.09519597960652,-3.5525139199537388
0,40.63915589807911,-0.8792853187625127,43,90.0,180.0,3,240,2100,16.129686030064104,79.36084410192086,-100.0483336782458,-3.2446966077718087
1,30.49258805046793,77.21168103460604,43,90.0,180.0,3,240,2100,14.168686716179892,89.50741194953207,-98.92152275343868,-1.7665036544367496
2,-1.60505156767951,-60.27973394044443,43,90.0,180.0,3,240,2100,16.632652350339804,121.60505156767954,-100.31328474681217,-3.705237146129583
3,-73.6372334106646,-88.27664729194717,43,90.0,180.0,3,240,2100,16.803490432719023,193.6372334106647,-100.40119169852098,-4.760464172784011
4,-170.05852123719063,-52.22120137226746,43,90.0,180.0,3,240,2100,16.577537505148673,290.0585212371907,-100.28689461816909,-3.414629280831132
5,-22.1422172189541,-36.36733242788813,43,90.0,180.0,3,240,2100,16.459346913700593,142.1422172189541,-100.22272258442877,-3.5458373012944366
6,-70.69578844849643,30.132668303550815,43,90.0,180.0,3,240,2100,15.712284965990069,190.69578844849644,-99.81766763307351,-2.766277258592046
7,178.86773191552277,29.081220384945965,43,90.0,180.0,3,240,2100,15.729695482990087,301.13226808447723,-99.82900302474496,-2.587166446719888
8,148.51541891992883,-19.334254892585278,43,90.0,180.0,3,240,2100,16.314563671023496,331.48458108007117,-100.14756371949166,-3.0618597811035353
9,64.67133198356686,-42.216700137271694,43,90.0,180.0,3,240,2100,16.5045961524572,55.32866801643314,-100.24659795176498,-3.4534423574514452
10,-64.82512931310657,-50.86685412595531,43,90.0,180.0,3,240,2100,16.567969051325374,184.82512931310657,-100.27951333752925,-3.5343811708914874
11,167.19339886896415,74.99502338835225,43,90.0,180.0,3,240,2100,14.328536359153347,312.80660113103585,-99.0181539687926,-1.7900490180245026
12,100.37517483616705,3.926162286456872,43,90.0,180.0,3,240,2100,16.075359450601532,19.624825163832952,-100.01784027519146,-2.9448197113913075
13,29.481700606621104,-47.714437748505006,43,90.0,180.0,3,240,2100,16.545336155052834,90.51829939337892,-100.26825380901992,-3.5854804264126257
14,22.32256836067026,-73.60250173602829,43,90.0,180.0,3,240,2100,16.71759361103009,97.67743163932971,-100.35704036333831,-3.8812991581155347
15,-108.7338161821045,11.887005750609518,43,90.0,180.0,3,240,2100,15.978310377927077,228.73381618210448,-99.96427319389262,-2.849356219555329
16,173.9474671272322,-73.17722185039344,43,90.0,180.0,3,240,2100,16.714990756130245,306.0525328727678,-100.35778874318096,-3.7840445328849786
17,7.957269406029042,27.223131304268477,43,90.0,180.0,3,240,2100,15.759740656134408,112.04273059397099,-99.84553401784457,-3.0850137823267265
18,95.90731708996805,-35.32240825011391,43,90.0,180.0,3,240,2100,16.451043594670615,24.092682910031954,-100.21640441323666,-3.310154406228345
19,-131.2148751149852,32.843466824677336,43,90.0,180.0,3,240,2100,15.665947697438906,251.21487511498526,-99.79193874415441,-2.5921948138889688
20,-35.507312475449424,41.66361367608127,43,90.0,180.0,3,240,2100,15.498338643212355,155.50731247544945,-99.69888950026652,-2.7205959207221113
21,-0.15069806530880214,47.56001829748331,43,90.0,180.0,3,240,2100,15.368244934561051,120.1506980653088,-99.62624642181414,-2.666889520652574
22,164.18993289775523,-69.31605208911142,43,90.0,180.0,3,240,2100,16.691043874920084,315.8100671022448,-100.34504373194287,-3.6975824344981696
23,8.765301875394982,75.15446338120023,43,90.0,180.0,3,240,2100,14.317853701075533,111.23469812460502,-99.01325054305646,-1.8748782084269693
24,26.4315280790521,-60.639567502811204,43,90.0,180.0,3,240,2100,16.635043913198448,93.5684719209479,-100.31467078728788,-3.695053953912699
25,-24.21019272283982,-88.64442557811901,43,90.0,180.0,3,240,2100,16.80555127151941,144.2101927228399,-100.40183140950977,-4.871349697329692
26,-111.79284554803034,2.7171076593191685,43,90.0,180.0,3,240,2100,16.08930842282301,231.7928455480303,-100.0248663317005,-2.927122369735116
27,-13.667176033976801,-9.393573027757995,43,90.0,180.0,3,240,2100,16.21924138456846,133.66717603397677,-100.09533603307558,-3.60003063462144
28,-25.60367833151662,46.22939568879099,43,90.0,180.0,3,240,2100,15.399116503141924,145.60367833151662,-99.6432459211988,-2.6630850804615775
29,-178.99120215282576,42.09565299199005,43,90.0,180.0,3,240,2100,15.489360279840565,298.99120215282574,-99.6941726569021,-2.4483805135327374
30,77.26130864332606,-5.056979528251773,43,90.0,180.0,3,240,2100,16.174630431097604,42.73869135667394,-100.07231258854654,-3.097196402348456
31,143.86551934264986,78.33805780337354,43,90.0,180.0,3,240,2100,14.076485346815442,336.13448065735014,-98.86533070421231,-1.645021959214429
0,40.55305944829058,-0.4646705290745814,44,-90.0,-180.0,1,0,2100,16.114787230698333,220.55305944829058,-100.03955208605787,-3.2323984276199074
1,29.366414301277672,77.38238991032304,44,-90.0,-180.0,1,0,2100,16.74043484880677,209.36641430127767,-100.3691734170046,-3.9692952739638248
2,-5.514483596279547,-60.53119842422102,44,-90.0,-180.0,1,0,2100,15.003486275140087,174.48551640372045,-99.41788997360497,-2.3646144118793444
3,-73.45785690609706,-89.15137467649225,44,-90.0,-180.0,1,0,2100,11.456026920678367,106.54214309390318,-97.06427324749282,0.14373339007642888
4,-169.69498504256035,-50.577162090680176,44,-90.0,-180.0,1,0,2100,15.294499358897303,10.305014957439653,-99.58880778710456,-2.3427436781587883
5,-22.398253404862288,-36.556419040549684,44,-90.0,-180.0,1,0,2100,15.59878054432738,157.60174659513768,-99.75553311117872,-2.853670132433992
6,-65.9007888940329,27.883349046867863,44,-90.0,-180.0,1,0,2100,16.389849484600028,114.09921110596713,-100.18674478211287,-3.330174978907092
7,177.27978524565572,28.01634475636027,44,-90.0,-180.0,1,0,2100,16.390977046160703,357.2797852456557,-100.18525595895339,-3.123421605896772
8,149.52671175361445,-20.25064637399292,44,-90.0,-180.0,1,0,2100,15.865062122725162,329.5267117536144,-99.90614026649193,-2.6967849600385723
9,64.97993087875122,-43.33491550685933,44,-90.0,-180.0,1,0,2100,15.463150262436416,244.9799308787512,-99.67932640561784,-2.606587455178748
10,-64.88423100912843,-50.15231959430383,44,-90.0,-180.0,1,0,2100,15.30521826112714,115.11576899087157,-99.5898771783632,-2.4964882711866863
11,171.88486088327124,75.33572083295559,44,-90.0,-180.0,1,0,2100,16.7281319730922,351.88486088327124,-100.35761639864191,-3.840643823596128
12,104.9488759497915,5.060092501771763,44,-90.0,-180.0,1,0,2100,16.174663179058562,284.9488759497915,-100.07254449875106,-3.01589386885939
13,30.492006486147517,-43.01928119480102,44,-90.0,-180.0,1,0,2100,15.469891310847164,210.4920064861475,-99.68333227757812,-2.7116550920804237
14,22.079566833149812,-73.2751128331106,44,-90.0,-180.0,1,0,2100,14.437052237017717,202.0795668331498,-99.08518122135979,-1.9526051437419047
15,-108.48137817554944,11.8711808005787,44,-90.0,-180.0,1,0,2100,16.243863010250845,71.51862182445058,-100.10995169520316,-3.0693182933400154
16,175.15758145545908,-75.4293181766534,44,-90.0,-180.0,1,0,2100,14.29916587230886,355.157581455459,-99.0103622544981,-1.778862996151442
17,8.889080589180367,26.62181713581593,44,-90.0,-180.0,1,0,2100,16.379090284668273,188.88908058918034,-100.1809120715354,-3.5783035903506084
18,93.83758628333175,-34.34505921660586,44,-90.0,-180.0,1,0,2100,15.639324858643816,273.8375862833317,-99.77865583842329,-2.653292137186205
19,-131.5144476460617,32.80940759217839,44,-90.0,-180.0,1,0,2100,16.430787535267697,48.48555235393826,-100.2094050822563,-3.22283988697741
20,-35.73462581375176,41.731883280532514,44,-90.0,-180.0,1,0,2100,16.5009225781369,144.2653741862482,-100.24503895539372,-3.532115987992412
21,-1.0412508201684147,47.52460631190311,44,-90.0,-180.0,1,0,2100,16.543956761697082,178.95874917983156,-100.26755426108505,-3.619391013036563
22,165.44060818740212,-70.38286171269533,44,-90.0,-180.0,1,0,2100,14.596557884793778,345.44060818740206,-99.18565231395205,-1.9507311585595777
23,8.457600056250698,71.86755998628192,44,-90.0,-180.0,1,0,2100,16.70693236570471,188.4576000562507,-100.35193325647401,-3.853115422084457
24,24.3723231930002,-62.082687907981175,44,-90.0,-180.0,1,0,2100,14.949401163547495,204.37232319300017,-99.38615036786534,-2.311366717703022
25,-25.090225801771282,-88.08665939908477,44,-90.0,-180.0,1,0,2100,12.26900925535453,154.90977419822877,-97.68280951740442,-0.4811580928321537
26,-115.83097469759689,2.965046379957613,44,-90.0,-180.0,1,0,2100,16.15237751404342,64.1690253024031,-100.06106157849953,-2.972374378516382
27,-13.847033634948644,-9.397486169182926,44,-90.0,-180.0,1,0,2100,16.00968378972947,166.15296636505138,-99.98230717862275,-3.4336652708486515
28,-24.661227615868654,45.14366660797481,44,-90.0,-180.0,1,0,2100,16.52649231643437,155.3387723841313,-100.25839674081597,-3.5800503619326367
29,-179.51233505682046,42.399166808847326,44,-90.0,-180.0,1,0,2100,16.5059752586326,0.48766494317953857,-100.24476634752796,-3.285624091000621
30,81.13849700369116,-7.516820418903279,44,-90.0,-180.0,1,0,2100,16.032748337882154,261.13849700369116,-99.99535896628963,-2.9697982925816273
31,145.93056843321432,76.98023887911035,44,-90.0,-180.0,1,0,2100,16.738029369432628,325.9305684332143,-100.36615369027683,-3.8982118164791983
0,40.55305944829058,-0.4646705290745814,44,0.0,0.0,2,120,2100,15.32281958542564,330.71468925726947,-99.60048489714762,-2.568092703348262
1,29.366414301277672,77.38238991032304,44,0.0,0.0,2,120,2100,15.98992346851506,246.2645088967248,-99.97126745203319,-3.4010210526829017
2,-5.514483596279547,-60.53119842422102,44,0.0,0.0,2,120,2100,15.725783346676764,63.10812118508366,-99.82674879356337,-2.994146127302517
3,-73.45785690609706,-89.15137467649225,44,0.0,0.0,2,120,2100,16.117275412725803,60.81350602906792,-100.04056208404228,-4.630259997462924
4,-169.69498504256035,-50.577162090680176,44,0.0,0.0,2,120,2100,16.477382638447587,68.36595128637296,-100.2320985650791,-3.32137826764719
5,-22.398253404862288,-36.556419040549684,44,0.0,0.0,2,120,2100,15.35879063255608,87.19817384510623,-99.62170255817452,-2.648809280092591
6,-65.9007888940329,27.883349046867863,44,0.0,0.0,2,120,2100,15.851993173798299,180.09746273221634,-99.89579955613966,-2.897158434716021
7,177.27978524565572,28.01634475636027,44,0.0,0.0,2,120,2100,16.643129781412803,245.09705195350767,-100.31888088024245,-3.320681454892237
8,149.52671175361445,-20.25064637399292,44,0.0,0.0,2,120,2100,16.589679311809064,6.035180949720939,-100.28838138534371,-3.271350880649631
9,64.97993087875122,-43.33491550685933,44,0.0,0.0,2,120,2100,15.89798446889499,16.156617875658696,-99.9214211521955,-2.976002181469738
10,-64.88423100912843,-50.15231959430383,44,0.0,0.0,2,120,2100,15.927171079822708,97.07730643942958,-99.93720430025571,-3.0277278617167633
11,171.88486088327124,75.33572083295559,44,0.0,0.0,2,120,2100,16.269476830445537,242.1155054437359,-100.12201141347141,-3.5038804977093814
12,104.9488759497915,5.060092501771763,44,0.0,0.0,2,120,2100,16.273059106153596,324.763625667006,-100.12439398721855,-3.093404824838151
13,30.492006486147517,-43.01928119480102,44,0.0,0.0,2,120,2100,15.550982390969615,31.463874776587147,-99.7294020341641,-2.782199957221248
14,22.079566833149812,-73.2751128331106,44,0.0,0.0,2,120,2100,15.931405135006596,53.55566640556867,-99.93975523574515,-3.2757975274784124
15,-108.48137817554944,11.8711808005787,44,0.0,0.0,2,120,2100,16.30295427433748,162.49692723159546,-100.13928226710907,-3.1130435800263347
16,175.15758145545908,-75.4293181766534,44,0.0,0.0,2,120,2100,16.269508727320158,58.74298974549811,-100.12218742802018,-3.49749534458988
17,8.889080589180367,26.62181713581593,44,0.0,0.0,2,120,2100,14.951054927237342,257.1334967593453,-99.38739093859003,-2.3849805159989543
18,93.83758628333175,-34.34505921660586,44,0.0,0.0,2,120,2100,16.154555749373706,4.404993911520819,-100.06011755550426,-3.080232351458407
19,-131.5144476460617,32.80940759217839,44,0.0,0.0,2,120,2100,16.439255971553145,190.72763535870985,-100.21161965496995,-3.2261084643501627
20,-35.73462581375176,41.731883280532514,44,0.0,0.0,2,120,2100,15.58506983684715,206.78446138066857,-99.74854119295419,-2.795901821916712
21,-1.0412508201684147,47.52460631190311,44,0.0,0.0,2,120,2100,15.481583870558623,239.04683215865163,-99.69049924757608,-2.7655026277097488
22,165.44060818740212,-70.38286171269533,44,0.0,0.0,2,120,2100,16.311159315003056,54.880064117961524,-100.14434944536526,-3.4263810868935094
23,8.457600056250698,71.86755998628192,44,0.0,0.0,2,120,2100,15.897812512514168,242.75749256508834,-99.92098341166553,-3.2314699490360708
24,24.3723231930002,-62.082687907981175,44,0.0,0.0,2,120,2100,15.790781753023726,47.66614778156645,-99.86264453739643,-3.0451296642884786
25,-25.090225801771282,-88.08665939908477,44,0.0,0.0,2,120,2100,16.10052317623352,60.81158983199339,-100.03152667053872,-4.209478182122996
26,-115.83097469759689,2.965046379957613,44,0.0,0.0,2,120,2100,16.37196536912141,153.29350241664736,-100.17597084169225,-3.144108773602406
27,-13.847033634948644,-9.397486169182926,44,0.0,0.0,2,120,2100,14.43454719340815,115.33504725098632,-99.08159193473644,-2.05344926778892
28,-24.661227615868654,45.14366660797481,44,0.0,0.0,2,120,2100,15.534846764347959,217.453488900144,-99.72049212668661,-2.7834780367042637
29,-179.51233505682046,42.399166808847326,44,0.0,0.0,2,120,2100,16.544494368764312,239.46594505985604,-100.26746167358198,-3.3189292646326916
30,81.13849700369116,-7.516820418903279,44,0.0,0.0,2,120,2100,16.01725703012844,337.60657115204526,-99.9865434741181,-2.9565269525147735
31,145.93056843321432,76.98023887911035,44,0.0,0.0,2,120,2100,16.232850907806853,247.38072332641383,-100.10248655323531,-3.522321138037614
0,40.55305944829058,-0.4646705290745814,44,90.0,180.0,3,240,2100,16.125113333178536,79.44694055170942,-100.04587837725518,-3.2417269417619883
1,29.366414301277672,77.38238991032304,44,90.0,180.0,3,240,2100,14.155248016593983,90.6335856987223,-98.91338899224475,-1.7580465597821355
2,-5.514483596279547,-60.53119842422102,44,90.0,180.0,3,240,2100,16.634324261166693,125.51448359627955,-100.31411206535056,-3.706922157529049
3,-73.45785690609706,-89.15137467649225,44,90.0,180.0,3,240,2100,16.80838500747602,193.45785690609728,-100.40368493109266,-5.111705623350554
4,-169.69498504256035,-50.577162090680176,44,90.0,180.0,3,240,2100,16.56591043858254,289.69498504256035,-100.2808122378863,-3.392580143081087
5,-22.398253404862288,-36.556419040549684,44,90.0,180.0,3,240,2100,16.460842120325985,142.39825340486226,-100.22349659371808,-3.5457144141504715
6,-65.9007888940329,27.883349046867863,44,90.0,180.0,3,240,2100,15.749168069191956,185.90078889403287,-99.83817324076207,-2.8096588801783544
7,177.27978524565572,28.01634475636027,44,90.0,180.0,3,240,2100,15.747024710400522,302.7202147543443,-99.8386981318298,-2.5974665842207214
8,149.52671175361445,-20.25064637399292,44,90.0,180.0,3,240,2100,16.322910298876884,330.47328824638555,-100.15204477194675,-3.069310065120836
9,64.97993087875122,-43.33491550685933,44,90.0,180.0,3,240,2100,16.513018032328773,55.02006912124875,-100.25095034439782,-3.462583962397712
10,-64.88423100912843,-50.15231959430383,44,90.0,180.0,3,240,2100,16.562883732652214,184.88423100912843,-100.2768571016768,-3.5271081285432544
11,171.88486088327124,75.33572083295559,44,90.0,180.0,3,240,2100,14.305569000809635,308.11513911672876,-99.00429048850201,-1.7763969800754813
12,104.9488759497915,5.060092501771763,44,90.0,180.0,3,240,2100,16.062097981903822,15.0511240502085,-100.01030060457124,-2.9222309075013357
13,30.492006486147517,-43.01928119480102,44,90.0,180.0,3,240,2100,16.510647996921623,89.50799351385251,-100.2501994016105,-3.5542135850815186
14,22.079566833149812,-73.2751128331106,44,90.0,180.0,3,240,2100,16.7155904821537,97.92043316685016,-100.35601210993808,-3.8748489593121276
15,-108.48137817554944,11.8711808005787,44,90.0,180.0,3,240,2100,15.978512947878308,228.48137817554942,-99.96438903899156,-2.8501191219971207
16,175.15758145545908,-75.4293181766534,44,90.0,180.0,3,240,2100,16.728697917675657,304.8424185445409,-100.36484606761492,-3.844373342556132
17,8.889080589180367,26.62181713581593,44,90.0,180.0,3,240,2100,15.769273665383567,111.11091941081963,-99.85082291045858,-3.095090309535096
18,93.83758628333175,-34.34505921660586,44,90.0,180.0,3,240,2100,16.443214349110708,26.162413716668254,-100.21259280192848,-3.305807121790572
19,-131.5144476460617,32.80940759217839,44,90.0,180.0,3,240,2100,15.666543413824098,251.51444764606174,-99.79227295213893,-2.592083474476268
20,-35.73462581375176,41.731883280532514,44,90.0,180.0,3,240,2100,15.49692525975778,155.7346258137518,-99.69809191188628,-2.7187147260870406
21,-1.0412508201684147,47.52460631190311,44,90.0,180.0,3,240,2100,15.369078987993134,121.04125082016839,-99.62670160078693,-2.6675736176765352
22,165.44060818740212,-70.38286171269533,44,90.0,180.0,3,240,2100,16.697717738841764,314.5593918125979,-100.34853856329025,-3.7202579128649713
23,8.457600056250698,71.86755998628192,44,90.0,180.0,3,240,2100,14.517856935737148,111.54239994374933,-99.1329861919909,-2.012193390239249
24,24.3723231930002,-62.082687907981175,44,90.0,180.0,3,240,2100,16.644578271679382,95.62767680699977,-100.31958036409122,-3.712034407781543
25,-25.090225801771282,-88.08665939908477,44,90.0,180.0,3,240,2100,16.802424173102967,145.09022580177134,-100.40024545935007,-4.7102722205350105
26,-115.83097469759689,2.965046379957613,44,90.0,180.0,3,240,2100,16.086463747214328,235.8309746975969,-100.02338802521679,-2.9155741197939133
27,-13.847033634948644,-9.397486169182926,44,90.0,180.0,3,240,2100,16.219280753955466,133.84703363494862,-100.09535756181079,-3.5970363673792716
28,-24.661227615868654,45.14366660797481,44,90.0,180.0,3,240,2100,15.423618831840155,144.66122761586865,-99.6570724950862,-2.686272234947775
29,-179.51233505682046,42.399166808847326,44,90.0,180.0,3,240,2100,15.483004294104088,299.51233505682046,-99.69060708828192,-2.444830893148325
30,81.13849700369116,-7.516820418903279,44,90.0,180.0,3,240,2100,16.200178812645554,38.86150299630884,-100.08578855160356,-3.1051611942583177
31,145.93056843321432,76.98023887911035,44,90.0,180.0,3,240,2100,14.186622819773566,334.0694315667856,-98.93258544779762,-1.7105888401263392
0,41.40828506466369,0.3560256175008334,45,-90.0,-180.0,1,0,2100,16.123911646467135,221.40828506466366,-100.04448601399068,-3.2334567743542935
1,28.946751904897297,77.32449580910705,45,-90.0,-180.0,1,0,2100,16.74008890971107,208.9467519048973,-100.36900235099488,-3.9678337371843275
2,-8.407777770356347,-61.08321854550228,45,-90.0,-180.0,1,0,2100,14.984576250700696,171.59222222964365,-99.40699663647253,-2.3492897642823287
3,-73.33231496753848,-88.77624073793521,45,-90.0,-180.0,1,0,2100,11.822088664347394,106.66768503246169,-97.34655777769585,-0.13940686483264175
4,-168.13697021275397,-49.74236397499574,45,-90.0,-180.0,1,0,2100,15.315453764205394,11.863029787246035,-99.60058481282199,-2.3549223436450766
5,-23.662779820267815,-37.109741546901475,45,-90.0,-180.0,1,0,2100,15.588373181812262,156.33722017973218,-99.74970588935022,-2.8394245621985146
6,-56.97635806856698,26.694925693135488,45,-90.0,-180.0,1,0,2100,16.379716973976517,123.02364193143302,-100.1812853064657,-3.3531409004949904
7,175.4894397573645,28.5592679404715,45,-90.0,-180.0,1,0,2100,16.39556690299191,355.4894397573645,-100.18785030763559,-3.129756752039606
8,149.62151048838973,-20.606265228943514,45,-90.0,-180.0,1,0,2100,15.859950556100719,329.62151048838973,-99.90335701336585,-2.693290142322295
9,61.57640026235657,-44.868046334610824,45,-90.0,-180.0,1,0,2100,15.429744541956875,241.57640026235657,-99.66046340497364,-2.59199093658159
10,-62.98001742998818,-49.44768388745477,45,-90.0,-180.0,1,0,2100,15.32274695818497,117.01998257001185,-99.59982919504642,-2.513103704322723
11,174.1711326842904,78.44064293739768,45,-90.0,-180.0,1,0,2100,16.746737313914025,354.1711326842904,-100.36643407387031,-3.9382434858029587
12,105.32859278219064,6.6290053784250915,45,-90.0,-180.0,1,0,2100,16.191032892115803,285.32859278219064,-100.08134342075378,-3.0289304342119197
13,24.627157222630274,-41.794640124104205,45,-90.0,-180.0,1,0,2100,15.495624242256365,204.62715722263025,-99.69783172278717,-2.750365478365895
14,23.99582376747651,-72.64980227220241,45,-90.0,-180.0,1,0,2100,14.47375826078534,203.99582376747648,-99.10692490042439,-1.9766018837419228
15,-105.38346154205603,9.931511136878242,45,-90.0,-180.0,1,0,2100,16.224638992891748,74.61653845794399,-100.09956606735089,-3.0592981828405756
16,179.3430373383514,-76.71554417586097,45,-90.0,-180.0,1,0,2100,14.206749133200837,359.3430373383514,-98.95589968539757,-1.7256738918311296
17,9.41037660710117,26.495759289606355,45,-90.0,-180.0,1,0,2100,16.378008788792123,189.41037660710114,-100.18033666768451,-3.576785866724422
18,94.03338628197571,-33.89466340134507,45,-90.0,-180.0,1,0,2100,15.647384934937957,274.0333862819757,-99.78315889956157,-2.65821253812979
19,-135.92997555762364,32.50287537593066,45,-90.0,-180.0,1,0,2100,16.42828841578107,44.07002444237634,-100.20807406062985,-3.213016846531303
20,-38.306534913506454,42.40004584507449,45,-90.0,-180.0,1,0,2100,16.505981897898316,141.69346508649357,-100.24769596729338,-3.52911867350189
21,-1.8017503147844138,47.31720871902007,45,-90.0,-180.0,1,0,2100,16.542447547251903,178.19824968521561,-100.2667643386284,-3.6183306936721693
22,164.76559028364795,-72.09079048687911,45,-90.0,-180.0,1,0,2100,14.505469420359189,344.76559028364795,-99.13114446267248,-1.897888511456575
23,3.2349742507524866,67.79148350692199,45,-90.0,-180.0,1,0,2100,16.681428333999218,183.23497425075246,-100.33880325413423,-3.790369229582275
24,24.62209301281746,-62.87300932029858,45,-90.0,-180.0,1,0,2100,14.92068336971952,204.62209301281743,-99.36949658868359,-2.29008564332719
25,-25.086153313183786,-88.00060094296401,45,-90.0,-180.0,1,0,2100,12.313004997154353,154.9138466868162,-97.71425821944838,-0.5129785252225302
26,-118.65172239825856,2.4660279341423035,45,-90.0,-180.0,1,0,2100,16.146995248919048,61.348277601741415,-100.05825865735628,-2.9616763151030416
27,-14.75243965228222,-8.147150618104675,45,-90.0,-180.0,1,0,2100,16.02507706548468,165.2475603477178,-99.99068849830762,-3.4424432672585015
28,-24.45540282016384,44.967852369332206,45,-90.0,-180.0,1,0,2100,16.525190526326025,155.54459717983616,-100.25771613594306,-3.5795101500471067
29,-179.19555753936652,42.90949050412104,45,-90.0,-180.0,1,0,2100,16.509822281909297,0.8044424606334815,-100.24678300538054,-3.291812140980912
30,82.0199601464953,-7.7858130886494905,45,-90.0,-180.0,1,0,2100,16.02948182688307,262.0199601464953,-99.99359616307714,-2.9643803241979545
31,146.60238522657448,76.69685802589552,45,-90.0,-180.0,1,0,2100,16.7363308356782,326.6023852265744,-100.36523432482352,-3.889142508557381
0,41.40828506466369,0.3560256175008334,45,0.0,0.0,2,120,2100,15.343665330549399,329.46173452510624,-99.61229164696691,-2.5798793026949958
1,28.946751904897297,77.32449580910705,45,0.0,0.0,2,120,2100,15.988709663176383,246.21252361280148,-99.97060829030272,-3.3987897895803902
2,-8.407777770356347,-61.08321854550228,45,0.0,0.0,2,120,2100,15.737935616489526,64.61787996133248,-99.83346999839091,-3.0060393316699585
3,-73.33231496753848,-88.77624073793521,45,0.0,0.0,2,120,2100,16.116056270899318,61.17235696482686,-100.03990088156343,-4.439071646868727
4,-168.13697021275397,-49.74236397499574,45,0.0,0.0,2,120,2100,16.481741102637542,69.87493733002702,-100.23438828477441,-3.318754444376906
5,-23.662779820267815,-37.109741546901475,45,0.0,0.0,2,120,2100,15.38315217088692,87.94577674121547,-99.63546944682388,-2.6645683869359744
6,-56.97635806856698,26.694925693135488,45,0.0,0.0,2,120,2100,15.728783522189605,180.9521573882804,-99.82817323594067,-2.826642777940231
7,175.4894397573645,28.5592679404715,45,0.0,0.0,2,120,2100,16.638204256263673,248.22151174672,-100.3163564744821,-3.3194242842675785
8,149.62151048838973,-20.606265228943514,45,0.0,0.0,2,120,2100,16.58894749013109,6.631150604096206,-100.28805129429138,-3.271616106241196
9,61.57640026235657,-44.868046334610824,45,0.0,0.0,2,120,2100,15.872707354494136,18.538992564130808,-99.90760426521057,-2.9694233173643902
10,-62.98001742998818,-49.44768388745477,45,0.0,0.0,2,120,2100,15.908156324905006,97.31697127318341,-99.92682607431051,-3.0132026000609624
11,174.1711326842904,78.44064293739768,45,0.0,0.0,2,120,2100,16.240200644296618,241.18995981006282,-100.10634050657275,-3.568541544726875
12,105.32859278219064,6.6290053784250915,45,0.0,0.0,2,120,2100,16.276241744174058,323.1287699265203,-100.12611229736423,-3.095817026821683
13,24.627157222630274,-41.794640124104205,45,0.0,0.0,2,120,2100,15.477383269012014,35.007211378063175,-99.68810340896441,-2.735464120725059
14,23.99582376747651,-72.64980227220241,45,0.0,0.0,2,120,2100,15.926791211141072,52.75910553446897,-99.93723695222998,-3.2616820202844266
15,-105.38346154205603,9.931511136878242,45,0.0,0.0,2,120,2100,16.275516756385546,160.29280728505853,-100.12466030488365,-3.0967454158493624
16,179.3430373383514,-76.71554417586097,45,0.0,0.0,2,120,2100,16.25763220622382,59.84489256490053,-100.11585243482574,-3.520973419767546
17,9.41037660710117,26.495759289606355,45,0.0,0.0,2,120,2100,14.952464023308492,258.1595087935348,-99.38818785083693,-2.38548125646273
18,94.03338628197571,-33.89466340134507,45,0.0,0.0,2,120,2100,16.156478832445917,3.9604650062391897,-100.06113384820326,-3.079789296739378
19,-135.92997555762364,32.50287537593066,45,0.0,0.0,2,120,2100,16.46667822725559,192.49097961960598,-100.226088561066,-3.239601558545411
20,-38.306534913506454,42.40004584507449,45,0.0,0.0,2,120,2100,15.619945166414508,205.82970854471307,-99.76791911930611,-2.8182194717500355
21,-1.8017503147844138,47.31720871902007,45,0.0,0.0,2,120,2100,15.477579908323339,238.33913353177815,-99.68826462808734,-2.762163185738914
22,164.76559028364795,-72.09079048687911,45,0.0,0.0,2,120,2100,16.295406965344732,55.14616652978043,-100.13597115284378,-3.446652161967632
23,3.2349742507524866,67.79148350692199,45,0.0,0.0,2,120,2100,15.83714017038359,241.31979442404122,-99.8877304369995,-3.1360220344289678
24,24.62209301281746,-62.87300932029858,45,0.0,0.0,2,120,2100,15.802384179919574,47.95109957967236,-99.86903207986197,-3.059552842472912
25,-25.086153313183786,-88.00060094296401,45,0.0,0.0,2,120,2100,16.09963921712709,60.84798867523412,-100.0310460742925,-4.188622841289618
26,-118.65172239825856,2.4660279341423035,45,0.0,0.0,2,120,2100,16.39610207374925,152.8096088811401,-100.18875510999108,-3.156692507819358
27,-14.75243965228222,-8.147150618104675,45,0.0,0.0,2,120,2100,14.442056041622019,120.65523504621729,-99.08627953379181,-2.057258617685024
28,-24.45540282016384,44.967852369332206,45,0.0,0.0,2,120,2100,15.530317229915632,217.48845497747152,-99.71796465980368,-2.7800844220893026
29,-179.19555753936652,42.90949050412104,45,0.0,0.0,2,120,2100,16.540750954144006,239.13469854152504,-100.2654994940035,-3.3192718301240722
30,82.0199601464953,-7.7858130886494905,45,0.0,0.0,2,120,2100,16.028018851921733,337.86099700194166,-99.9923830756405,-2.9625541169012166
31,146.60238522657448,76.69685802589552,45,0.0,0.0,2,120,2100,16.236024010593997,247.41546432031248,-100.10418649664547,-3.5167994687263358
0,41.40828506466369,0.3560256175008334,45,90.0,180.0,3,240,2100,16.115999925598448,78.59171493533631,-100.04098315294198,-3.228289214684673
1,28.946751904897297,77.32449580910705,45,90.0,180.0,3,240,2100,14.159825876050604,91.05324809510267,-98.91620823137801,-1.7612920895827617
2,-8.407777770356347,-61.08321854550228,45,90.0,180.0,3,240,2100,16.637984700944823,128.40777777035635,-100.31598301495717,-3.711302338332705
3,-73.33231496753848,-88.77624073793521,45,90.0,180.0,3,240,2100,16.806288862663898,193.33231496753865,-100.40261772093348,-4.9252308390584005
4,-168.13697021275397,-49.74236397499574,45,90.0,180.0,3,240,2100,16.559954374502766,288.136970212754,-100.27769057128236,-3.3820770349713096
5,-23.662779820267815,-37.109741546901475,45,90.0,180.0,3,240,2100,16.465204730959318,143.66277982026782,-100.22577966482709,-3.5438877797366426
6,-56.97635806856698,26.694925693135488,45,90.0,180.0,3,240,2100,15.768119470950936,176.97635806856698,-99.8487817813261,-2.8579620120246063
7,175.4894397573645,28.5592679404715,45,90.0,180.0,3,240,2100,15.73822699029371,304.5105602426355,-99.83386851890005,-2.59256338348461
8,149.62151048838973,-20.606265228943514,45,90.0,180.0,3,240,2100,16.32613065662594,330.37848951161027,-100.15376604558483,-3.072642118996029
9,61.57640026235657,-44.868046334610824,45,90.0,180.0,3,240,2100,16.524450772771317,58.42359973764343,-100.25701068335647,-3.485055204204479
10,-62.98001742998818,-49.44768388745477,45,90.0,180.0,3,240,2100,16.557843409729756,182.9800174299882,-100.27421419313659,-3.524283942087214
11,174.1711326842904,78.44064293739768,45,90.0,180.0,3,240,2100,14.067649861696978,305.8288673157096,-98.85981832282337,-1.6357007024713694
12,105.32859278219064,6.6290053784250915,45,90.0,180.0,3,240,2100,16.043454410595345,14.67140721780936,-100.00026923914615,-2.906921262744562
13,24.627157222630274,-41.794640124104205,45,90.0,180.0,3,240,2100,16.501398862950047,95.37284277736973,-100.24533390745542,-3.562689254690767
14,23.99582376747651,-72.64980227220241,45,90.0,180.0,3,240,2100,16.711753332769295,96.00417623252349,-100.35405094467919,-3.8621022386968584
15,-105.38346154205603,9.931511136878242,45,90.0,180.0,3,240,2100,16.00303633168771,225.383461542056,-99.97776145908404,-2.8759886368397614
16,179.3430373383514,-76.71554417586097,45,90.0,180.0,3,240,2100,16.736442925983507,300.6569626616486,-100.36893140141349,-3.8819864012309986
17,9.41037660710117,26.495759289606355,45,90.0,180.0,3,240,2100,15.771260668252577,110.58962339289883,-99.85192702702095,-3.0960212146087898
18,94.03338628197571,-33.89466340134507,45,90.0,180.0,3,240,2100,16.439585628677627,25.96661371802429,-100.21069109698585,-3.301089629615217
19,-135.92997555762364,32.50287537593066,45,90.0,180.0,3,240,2100,15.671888936537087,255.92997555762366,-99.79534541020526,-2.588596224097105
20,-38.306534913506454,42.40004584507449,45,90.0,180.0,3,240,2100,15.482985827112673,158.30653491350643,-99.6902236717598,-2.6993597200049306
21,-1.8017503147844138,47.31720871902007,45,90.0,180.0,3,240,2100,15.37394987525438,121.80175031478444,-99.62944190122447,-2.6718741605530374
22,164.76559028364795,-72.09079048687911,45,90.0,180.0,3,240,2100,16.70831050905692,315.23440971635205,-100.35392074709013,-3.759678961802229
23,3.2349742507524866,67.79148350692199,45,90.0,180.0,3,240,2100,14.72063008590523,116.76502574924751,-99.25295148076745,-2.155860461866131
24,24.62209301281746,-62.87300932029858,45,90.0,180.0,3,240,2100,16.64976147135269,95.37790698718254,-100.32225300278955,-3.720486743606148
25,-25.086153313183786,-88.00060094296401,45,90.0,180.0,3,240,2100,16.801940817122347,145.08615331318384,-100.399992240417,-4.690347627900007
26,-118.65172239825856,2.4660279341423035,45,90.0,180.0,3,240,2100,16.092180913104396,238.65172239825858,-100.02656812695912,-2.9138736633809863
27,-14.75243965228222,-8.147150618104675,45,90.0,180.0,3,240,2100,16.206621821223184,134.7524396522822,-100.08854833042055,-3.583883926872169
28,-24.45540282016384,44.967852369332206,45,90.0,180.0,3,240,2100,15.427530666275457,144.45540282016384,-99.65928585410028,-2.6901468331237215
29,-179.19555753936652,42.90949050412104,45,90.0,180.0,3,240,2100,15.472225514865624,299.1955575393665,-99.68450215408608,-2.4386939775070147
30,82.0199601464953,-7.7858130886494905,45,90.0,180.0,3,240,2100,16.202933438225987,37.98003985350471,-100.08720996071565,-3.104542019998291
31,146.60238522657448,76.69685802589552,45,90.0,180.0,3,240,2100,14.208154761536036,333.3976147734255,-98.9456687677317,-1.723242327235317
0,42.21135873036545,0.8901420272268439,46,-90.0,-180.0,1,0,2100,16.12980548587758,222.21135873036542,-100.04767360495792,-3.2324321513456606
1,27.166454659618637,77.96084931383072,46,-90.0,-180.0,1,0,2100,16.74388480621518,207.16645465961864,-100.3709316462596,-3.986261594551779
2,-9.402176246391065,-61.76726758387574,46,-90.0,-180.0,1,0,2100,14.960636187269467,170.59782375360896,-99.39318054051087,-2.330807152982647
3,-73.71551817936968,-89.97958225473884,46,-90.0,-180.0,1,0,2100,7.7292428234919255,106.28448182063977,-94.04570304487655,3.164169587719037
4,-168.5933188679848,-48.94690387711308,46,-90.0,-180.0,1,0,2100,15.335020315370867,11.406681132015194,-99.61173795073927,-2.365844743684355
5,-23.081214556449538,-38.61136551472403,46,-90.0,-180.0,1,0,2100,15.559571044141,156.9187854435504,-99.73360738860644,-2.813797385831958
6,-53.19909705137991,27.822559870334928,46,-90.0,-180.0,1,0,2100,16.389333679344855,126.80090294862009,-100.18633769989722,-3.3764153664615577
7,175.6539773831454,28.13595882634833,46,-90.0,-180.0,1,0,2100,16.391990070969715,355.6539773831454,-100.18598138860959,-3.12516271982001
8,149.1038090502512,-21.821640890218262,46,-90.0,-180.0,1,0,2100,15.842281171433457,329.1038090502512,-99.89366296788444,-2.682468187316055
9,59.209454140134085,-45.42084889016897,46,-90.0,-180.0,1,0,2100,15.417420327621524,239.20945414013406,-99.6535018416903,-2.5894726972319186
10,-62.98416689830371,-49.23946984614585,46,-90.0,-180.0,1,0,2100,15.32786827566303,117.01583310169627,-99.6027364024202,-2.516669827135072
11,175.37572016980243,78.76808507649585,46,-90.0,-180.0,1,0,2100,16.74867938834666,355.37572016980243,-100.36714075030085,-3.9496955033276935
12,102.45513739689608,6.686048838174116,46,-90.0,-180.0,1,0,2100,16.19162305263211,282.4551373968961,-100.08160276414286,-3.0364789786727417
13,21.891977409723467,-40.83636502919378,46,-90.0,-180.0,1,0,2100,15.515308246605015,201.89197740972344,-99.70891899571674,-2.7756910314227423
14,25.22279961745366,-72.08540130905254,46,-90.0,-180.0,1,0,2100,14.505770291507995,205.22279961745363,-99.12588944292463,-1.9977559860369318
15,-102.92150185071921,8.450521063852577,46,-90.0,-180.0,1,0,2100,16.20970802927662,77.07849814928079,-100.09148205490217,-3.052133029729276
16,178.82684044660482,-77.86015562585804,46,-90.0,-180.0,1,0,2100,14.116647546547048,358.8268404466048,-98.9006014542656,-1.671751439770353
17,11.49843388993773,24.00046365118105,46,-90.0,-180.0,1,0,2100,16.35635643458619,191.4984338899377,-100.16885969357772,-3.5726832446402748
18,93.14449378925127,-34.23136207051946,46,-90.0,-180.0,1,0,2100,15.641365668471114,273.14449378925127,-99.77977874498444,-2.65627721568726
19,-136.33352717951175,32.44172549927154,46,-90.0,-180.0,1,0,2100,16.42778912024056,43.66647282048825,-100.20780602672157,-3.211793814127632
20,-40.78432192236218,42.187651833378936,46,-90.0,-180.0,1,0,2100,16.50437642610384,139.2156780776378,-100.24685984786619,-3.5206480109692917
21,-3.639062077711941,45.62736316338476,46,-90.0,-180.0,1,0,2100,16.530065054908157,176.36093792228803,-100.26029676275282,-3.6104762702204525
22,163.99396022144435,-74.13405808292366,46,-90.0,-180.0,1,0,2100,14.384329200509532,343.99396022144435,-99.05809881912548,-1.8269472035292733
23,5.50781875509378,63.42408862660636,46,-90.0,-180.0,1,0,2100,16.65335980690528,185.50781875509375,-100.32434954849998,-3.7368175802992236
24,24.66136054137573,-62.509556973519985,46,-90.0,-180.0,1,0,2100,14.933992585021576,204.6613605413757,-99.37720462182753,-2.2997749852297966
25,-25.351961167568334,-87.8699794751956,46,-90.0,-180.0,1,0,2100,12.376289673435517,154.64803883243167,-97.7592586427117,-0.5585179567918939
26,-116.95927804957395,2.0317240980868974,46,-90.0,-180.0,1,0,2100,16.14228728265743,63.04072195042602,-100.0556606495081,-2.9614404757891815
27,-13.78582531884561,-8.32162557215301,46,-90.0,-180.0,1,0,2100,16.02294322220977,166.21417468115442,-99.98952945748239,-3.456315223281821
28,-24.594337307357023,43.49350127484445,46,-90.0,-180.0,1,0,2100,16.514206704644057,155.40566269264298,-100.25197581930667,-3.5713001461519873
29,-179.3407811152806,43.41192929113532,46,-90.0,-180.0,1,0,2100,16.513595462073344,0.6592188847193938,-100.24868348471314,-3.297840342961687
30,84.80149275241422,-8.167541711088347,46,-90.0,-180.0,1,0,2100,16.024827915562295,264.8014927524142,-99.99110793020847,-2.951883473255865
31,146.52528645479384,76.84023482246329,46,-90.0,-180.0,1,0,2100,16.737190570926543,326.52528645479384,-100.36567525432451,-3.893612412639176
0,42.21135873036545,0.8901420272268439,46,0.0,0.0,2,120,2100,15.36302395267927,328.6752520507356,-99.6232504658295,-2.590857867962853
1,27.166454659618637,77.96084931383072,46,0.0,0.0,2,120,2100,15.993462920599843,245.56161906867425,-99.97318575552124,-3.418897717267871
2,-9.402176246391065,-61.76726758387574,46,0.0,0.0,2,120,2100,15.750183485045975,65.01286378308777,-99.8402309978121,-3.019393821519238
3,-73.71551817936968,-89.97958225473884,46,0.0,0.0,2,120,2100,16.11989999426325,60.01959861138798,-100.04198040417441,-6.89953239074965
4,-168.5933188679848,-48.94690387711308,46,0.0,0.0,2,120,2100,16.488262883865957,69.77286446669197,-100.23780653833025,-3.3175450375466657
5,-23.081214556449538,-38.61136551472403,46,0.0,0.0,2,120,2100,15.405268642882906,86.14617497919497,-99.64792719538006,-2.6826115715683945
6,-53.19909705137991,27.822559870334928,46,0.0,0.0,2,120,2100,15.680752225920237,183.38826145428578,-99.80166799583128,-2.802845353374839
7,175.6539773831454,28.13595882634833,46,0.0,0.0,2,120,2100,16.641118931579655,248.06560268021747,-100.31786662829184,-3.319847804322274
8,149.1038090502512,-21.821640890218262,46,0.0,0.0,2,120,2100,16.58165368121838,7.946736128508292,-100.28441161953505,-3.270175269564613
9,59.209454140134085,-45.42084889016897,46,0.0,0.0,2,120,2100,15.853430706988457,19.751536100839644,-99.89704339228432,-2.9615613860526198
10,-62.98416689830371,-49.23946984614585,46,0.0,0.0,2,120,2100,15.907158870836312,97.52129104984596,-99.92627813336739,-3.0114481981252883
11,175.37572016980243,78.76808507649585,46,0.0,0.0,2,120,2100,16.237202087241272,240.91723415876163,-100.1047334172144,-3.5769571287681288
12,102.45513739689608,6.686048838174116,46,0.0,0.0,2,120,2100,16.2487386868909,323.1543151576008,-100.11143166362255,-3.0810568275380827
13,21.891977409723467,-40.83636502919378,46,0.0,0.0,2,120,2100,15.435898325234685,36.66433647114536,-99.66473786025541,-2.7080106931317633
14,25.22279961745366,-72.08540130905254,46,0.0,0.0,2,120,2100,15.922093979459572,52.156350550692196,-99.93467785374699,-3.2490649235268436
15,-102.92150185071921,8.450521063852577,46,0.0,0.0,2,120,2100,16.25273330368445,158.66677780381065,-100.11250254634102,-3.083525467503403
16,178.82684044660482,-77.86015562585804,46,0.0,0.0,2,120,2100,16.246471532068373,59.74766219253058,-100.10989446989662,-3.545757778063749
17,11.49843388993773,24.00046365118105,46,0.0,0.0,2,120,2100,14.895973621979392,264.1189120806279,-99.35517262335853,-2.3469479945406855
18,93.14449378925127,-34.23136207051946,46,0.0,0.0,2,120,2100,16.148436259969394,4.271524823140851,-100.05683552190357,-3.0765466973743303
19,-136.33352717951175,32.44172549927154,46,0.0,0.0,2,120,2100,16.469244149750907,192.63287274835182,-100.22744157724959,-3.240770832776919
20,-40.78432192236218,42.187651833378936,46,0.0,0.0,2,120,2100,15.643237360117116,204.21947631544236,-99.78083909737298,-2.8302279664387213
21,-3.639062077711941,45.62736316338476,46,0.0,0.0,2,120,2100,15.443133301285002,236.44672561420242,-99.66894996493556,-2.734112771821126
22,163.99396022144435,-74.13405808292366,46,0.0,0.0,2,120,2100,16.276355710187662,55.51894274383267,-100.12583475558297,-3.4755900277685248
23,5.50781875509378,63.42408862660636,46,0.0,0.0,2,120,2100,15.772080726264795,242.7488619829859,-99.85194489357957,-3.0480208206066335
24,24.66136054137573,-62.509556973519985,46,0.0,0.0,2,120,2100,15.797569040535432,47.75004910950781,-99.86637604583038,-3.0531728408189265
25,-25.351961167568334,-87.8699794751956,46,0.0,0.0,2,120,2100,16.09834486072627,60.91237032607114,-100.0303481383426,-4.158863272665924
26,-116.95927804957395,2.0317240980868974,46,0.0,0.0,2,120,2100,16.381823102225102,152.27918531502831,-100.18119923907139,-3.1491033599651375
27,-13.78582531884561,-8.32162557215301,46,0.0,0.0,2,120,2100,14.39654706962777,118.45746318560518,-99.05858861886695,-2.029675449220596
28,-24.594337307357023,43.49350127484445,46,0.0,0.0,2,120,2100,15.506403227384364,216.3142183619944,-99.70461714494878,-2.7597367378815107
29,-179.3407811152806,43.41192929113532,46,0.0,0.0,2,120,2100,16.537094172095127,239.30323596879447,-100.26358731276063,-3.3197011537044134
30,84.80149275241422,-8.167541711088347,46,0.0,0.0,2,120,2100,16.061090378277395,338.2008176099319,-100.010315131757,-2.9807919893097856
31,146.52528645479384,76.84023482246329,46,0.0,0.0,2,120,2100,16.234751262311914,247.34834937230772,-100.1035048866827,-3.519763751110894
0,42.21135873036545,0.8901420272268439,46,90.0,180.0,3,240,2100,16.110023908876805,77.78864126963452,-100.03776101890712,-3.21780246280214
1,27.166454659618637,77.96084931383072,46,90.0,180.0,3,240,2100,14.108318482827048,92.83354534038136,-98.88480395778917,-1.7276196052737371
2,-9.402176246391065,-61.76726758387574,46,90.0,180.0,3,240,2100,16.642502112620914,129.40217624639104,-100.31831016871445,-3.717673936108069
3,-73.71551817936968,-89.97958225473884,46,90.0,180.0,3,240,2100,16.812997302735056,193.7155181793791,-100.40603771429659,-7.334319029541455
4,-168.5933188679848,-48.94690387711308,46,90.0,180.0,3,240,2100,16.554245778596368,288.59331886798486,-100.27470422815684,-3.3715250412701163
5,-23.081214556449538,-38.61136551472403,46,90.0,180.0,3,240,2100,16.47694909683876,143.08121455644954,-100.23195533629574,-3.551719512521572
6,-53.19909705137991,27.822559870334928,46,90.0,180.0,3,240,2100,15.750146219835536,173.1990970513799,-99.8388980415138,-2.8594743637245985
7,175.6539773831454,28.13595882634833,46,90.0,180.0,3,240,2100,15.745093078351028,304.3460226168546,-99.8376811553861,-2.59658072462354
8,149.1038090502512,-21.821640890218262,46,90.0,180.0,3,240,2100,16.337059030499933,330.8961909497488,-100.15952139412816,-3.0851993310211885
9,59.209454140134085,-45.42084889016897,46,90.0,180.0,3,240,2100,16.528541235231035,60.790545859865915,-100.25920712693575,-3.4959620050626854
10,-62.98416689830371,-49.23946984614585,46,90.0,180.0,3,240,2100,16.556349160254403,182.98416689830373,-100.27343505795794,-3.522260515587752
11,175.37572016980243,78.76808507649585,46,90.0,180.0,3,240,2100,14.03891391285755,304.62427983019757,-98.84222729580966,-1.6185946650987155
12,102.45513739689608,6.686048838174116,46,90.0,180.0,3,240,2100,16.04276996419187,17.544862603103923,-100.00017235983776,-2.9140029145142172
13,21.891977409723467,-40.83636502919378,46,90.0,180.0,3,240,2100,16.49410132942801,98.1080225902765,-100.24149564152272,-3.5650435559078426
14,25.22279961745366,-72.08540130905254,46,90.0,180.0,3,240,2100,16.70827726060953,94.77720038254631,-100.35226816036909,-3.851104353629053
15,-102.92150185071921,8.450521063852577,46,90.0,180.0,3,240,2100,16.02136388998616,222.9215018507192,-99.9877354145486,-2.896078018936905
16,178.82684044660482,-77.86015562585804,46,90.0,180.0,3,240,2100,16.74328511957187,301.1731595533952,-100.37241803133794,-3.9194448920354485
17,11.49843388993773,24.00046365118105,46,90.0,180.0,3,240,2100,15.80980169337859,108.50156611006224,-99.87326200360363,-3.1405948468374767
18,93.14449378925127,-34.23136207051946,46,90.0,180.0,3,240,2100,16.442299562863415,26.85550621074873,-100.21220169657235,-3.306424787981472
19,-136.33352717951175,32.44172549927154,46,90.0,180.0,3,240,2100,15.672951900523708,256.33352717951175,-99.79594001336791,-2.5886500956217233
20,-40.78432192236218,42.187651833378936,46,90.0,180.0,3,240,2100,15.487437964150857,160.78432192236215,-99.6926728216832,-2.6953928705335217
21,-3.639062077711941,45.62736316338476,46,90.0,180.0,3,240,2100,15.412777034725185,123.63906207771197,-99.65134892705674,-2.7071041599394876
22,163.99396022144435,-74.13405808292366,46,90.0,180.0,3,240,2100,16.72083741626285,316.00603977855565,-100.36027787504116,-3.811361918116911
23,5.50781875509378,63.42408862660636,46,90.0,180.0,3,240,2100,14.900159396334342,114.49218124490625,-99.35780667296758,-2.286401609926157
24,24.66136054137573,-62.509556973519985,46,90.0,180.0,3,240,2100,16.647381161949877,95.33863945862424,-100.32102073899385,-3.716433878150292
25,-25.351961167568334,-87.8699794751956,46,90.0,180.0,3,240,2100,16.80120672178417,145.3519611675684,-100.39962625191862,-4.661932548812387
26,-116.95927804957395,2.0317240980868974,46,90.0,180.0,3,240,2100,16.09713019077074,236.95927804957398,-100.0292151362108,-2.9215610528663127
27,-13.78582531884561,-8.32162557215301,46,90.0,180.0,3,240,2100,16.208397930255288,133.78582531884558,-100.08951609832665,-3.600672971840189
28,-24.594337307357023,43.49350127484445,46,90.0,180.0,3,240,2100,15.459746093803176,144.59433730735702,-99.6774171498497,-2.718059711526495
29,-179.3407811152806,43.41192929113532,46,90.0,180.0,3,240,2100,15.461498548094305,299.3407811152806,-99.67843720182702,-2.4326311867971433
30,84.80149275241422,-8.167541711088347,46,90.0,180.0,3,240,2100,16.20682956004241,35.19850724758578,-100.0891352447492,-3.0987560068453064
31,146.52528645479384,76.84023482246329,46,90.0,180.0,3,240,2100,14.197318604996674,333.47471354520616,-98.93907789922706,-1.7167886979324471
0,44.204818183064106,0.7610378219464451,47,-90.0,-180.0,1,0,2100,16.128384033901803,224.20481818306408,-100.0469106688504,-3.2176494861405267
1,27.23146015150121,77.72152099701222,47,-90.0,-180.0,1,0,2100,16.742458884774393,207.2314601515012,-100.37020118525017,-3.979376716540566
2,-10.873249204775732,-63.32161982747451,47,-90.0,-180.0,1,0,2100,14.904007683037442,169.12675079522432,-99.36044472683227,-2.2879344388228158
3,-73.34638999963182,-89.40221661962443,47,-90.0,-180.0,1,0,2100,11.105642036866204,106.65361000036847,-96.78475779114768,0.42381065855949684
4,-169.47470358931662,-48.853867245726995,47,-90.0,-180.0,1,0,2100,15.337284002075734,10.525296410683382,-99.61308818298713,-2.3668890223826424
5,-23.0461955393059,-38.65220929845787,47,-90.0,-180.0,1,0,2100,15.558775926369115,156.95380446069407,-99.73316828868845,-2.813156145977238
6,-50.7181811715588,28.607024976522794,47,-90.0,-180.0,1,0,2100,16.395969633350354,129.2818188284412,-100.18983586257731,-3.3920390559347187
7,175.51253639703992,28.752658407761402,47,-90.0,-180.0,1,0,2100,16.397196745186818,355.5125363970399,-100.18869191581176,-3.1318276161399665
8,150.42188556932467,-23.169312046262462,47,-90.0,-180.0,1,0,2100,15.822316350257527,330.4218855693247,-99.8828117111608,-2.667762736938624
9,58.346382176711614,-45.87488739427278,47,-90.0,-180.0,1,0,2100,15.407183111090824,238.3463821767116,-99.6476993192322,-2.5843774035627476
10,-63.02092153764444,-50.046440764793005,47,-90.0,-180.0,1,0,2100,15.307871825615054,116.97907846235557,-99.59138566953983,-2.5026387095733442
11,173.43219784415896,78.47317758225537,47,-90.0,-180.0,1,0,2100,16.74693044723918,353.43219784415896,-100.3666879285104,-3.9396041276989893
12,101.72837162778967,6.966928824799027,47,-90.0,-180.0,1,0,2100,16.19452391334618,281.72837162778967,-100.08314921916657,-3.0407936434236174
13,21.38307067499875,-40.42241146696711,47,-90.0,-180.0,1,0,2100,15.523692909005982,201.38307067499875,-99.71362376837985,-2.784866448600538
14,26.183512066651105,-71.13101952509534,47,-90.0,-180.0,1,0,2100,14.5576736454017,206.18351206665108,-99.1566328407253,-2.03271859274124
15,-99.4484253293771,9.570613203167753,47,-90.0,-180.0,1,0,2100,16.221021003398373,80.55157467062293,-100.09744283628905,-3.0709790285727028
16,178.84011607852784,-79.18899410616524,47,-90.0,-180.0,1,0,2100,14.000719350696402,358.84011607852784,-98.82917041770874,-1.6019743978973104
17,14.302576805761959,22.837739249884535,47,-90.0,-180.0,1,0,2100,16.34610477082308,194.30257680576193,-100.16343680959038,-3.55954035250619
18,91.36237209972654,-34.431502715585964,47,-90.0,-180.0,1,0,2100,15.637770447021166,271.36237209972654,-99.7777213789103,-2.6580913689220145
19,-137.34540631397664,32.12644892563925,47,-90.0,-180.0,1,0,2100,16.425210888417414,42.65459368602336,-100.20644573176726,-3.207060048395512
20,-40.005602452215015,42.12999071099895,47,-90.0,-180.0,1,0,2100,16.50394012439639,139.99439754778496,-100.24662977780498,-3.522481234246358
21,-2.762883880248353,45.73238038579996,47,-90.0,-180.0,1,0,2100,16.53083906227809,177.2371161197516,-100.26070338757272,-3.6111983244106027
22,162.68199971107236,-76.67293078948751,47,-90.0,-180.0,1,0,2100,14.209951760180784,342.6819997110723,-98.95168386878899,-1.7234232152340074
23,12.170578037578906,64.41230551527147,47,-90.0,-180.0,1,0,2100,16.659780231809354,192.1705780375789,-100.32768167652357,-3.7459100353673476
24,25.330342005053723,-64.68093339622527,47,-90.0,-180.0,1,0,2100,14.851711927691108,205.3303420050537,-99.32938023721655,-2.239485511412343
25,-25.295425314208217,-87.843420386074,47,-90.0,-180.0,1,0,2100,12.388681460307636,154.70457468579184,-97.7680314931568,-0.5674097690644898
26,-121.70380449644338,3.965705591141216,47,-90.0,-180.0,1,0,2100,16.16308381745055,58.296195503556646,-100.06702235988642,-2.968738825394468
27,-13.12699962470927,-8.60105707694403,47,-90.0,-180.0,1,0,2100,16.019516237365764,166.87300037529076,-99.98766511241388,-3.4625851535566365
28,-23.61819529885679,42.26059327850072,47,-90.0,-180.0,1,0,2100,16.5049280761402,156.3818047011432,-100.24711507469353,-3.5673447547582624
29,-178.60608435565095,44.175432992978386,47,-90.0,-180.0,1,0,2100,16.519302052369916,1.3939156443490788,-100.25172150727083,-3.3072768577501566
30,85.38382265473132,-8.180718775533165,47,-90.0,-180.0,1,0,2100,16.02466687770146,265.38382265473126,-99.99103200251432,-2.9499371237002237
31,146.20054091543483,78.0287198998889,47,-90.0,-180.0,1,0,2100,16.74428881032466,326.20054091543483,-100.36929416948205,-3.9324074009127634
0,44.204818183064106,0.7610378219464451,47,0.0,0.0,2,120,2100,15.409105377641868,328.9085444519383,-99.64930980241533,-2.6168913619567076
1,27.23146015150121,77.72152099701222,47,0.0,0.0,2,120,2100,15.990868712407693,245.68732783506084,-99.97177865950528,-3.4107532803531715
2,-10.873249204775732,-63.32161982747451,47,0.0,0.0,2,120,2100,15.776492032428962,65.41462296814845,-99.85474377999857,-3.049702631308422
3,-73.34638999963182,-89.40221661962443,47,0.0,0.0,2,120,2100,16.118058320621458,60.57271097033032,-100.04098247821094,-4.823383829958906
4,-169.47470358931662,-48.853867245726995,47,0.0,0.0,2,120,2100,16.49006317631838,69.06860291554426,-100.23875038446134,-3.3179182170315045
5,-23.0461955393059,-38.65220929845787,47,0.0,0.0,2,120,2100,15.405684754376207,86.08057096669634,-99.64816086107089,-2.682999099419753
6,-50.7181811715588,28.607024976522794,47,0.0,0.0,2,120,2100,15.649623543775084,185.16789963351664,-99.78445530352279,-2.787590675462405
7,175.51253639703992,28.752658407761402,47,0.0,0.0,2,120,2100,16.63696234336396,248.11559370341024,-100.31571721004845,-3.3192959099330173
8,150.42188556932467,-23.169312046262462,47,0.0,0.0,2,120,2100,16.583601309520272,10.925757318237743,-100.28561974258285,-3.2738685146800117
9,58.346382176711614,-45.87488739427278,47,0.0,0.0,2,120,2100,15.848005569891525,20.455929835903362,-99.89406594038105,-2.9608692577808027
10,-63.02092153764444,-50.046440764793005,47,0.0,0.0,2,120,2100,15.9114690625874,96.74326030207871,-99.92863825888222,-3.018529921891901
11,173.43219784415896,78.47317758225537,47,0.0,0.0,2,120,2100,16.239721446295857,241.33626290767478,-100.1060854130238,-3.569204284067407
12,101.72837162778967,6.966928824799027,47,0.0,0.0,2,120,2100,16.241596566960116,322.8860224998384,-100.10761954562714,-3.0773624938898676
13,21.38307067499875,-40.42241146696711,47,0.0,0.0,2,120,2100,15.423613347176198,36.825871845526535,-99.65780645834353,-2.6993625977950133
14,26.183512066651105,-71.13101952509534,47,0.0,0.0,2,120,2100,15.91237798522287,51.424076132782034,-99.92936884680638,-3.227558254491682
15,-99.4484253293771,9.570613203167753,47,0.0,0.0,2,120,2100,16.218457969944687,159.6997519353734,-100.09416744241719,-3.0660877506254858
16,178.84011607852784,-79.18899410616524,47,0.0,0.0,2,120,2100,16.23337922642947,59.778525622466304,-100.10289572328782,-3.578950987346476
17,14.302576805761959,22.837739249884535,47,0.0,0.0,2,120,2100,14.90638789386859,270.39627864039056,-99.361137730907,-2.350524838047002
18,91.36237209972654,-34.431502715585964,47,0.0,0.0,2,120,2100,16.132371362380002,4.439057526994873,-100.0482322368719,-3.0685303581392387
19,-137.34540631397664,32.12644892563925,47,0.0,0.0,2,120,2100,16.476266413347975,192.82271025321023,-100.23113737258669,-3.2435012690744625
20,-40.005602452215015,42.12999071099895,47,0.0,0.0,2,120,2100,15.634448057453767,204.5977611687747,-99.77596579021397,-2.825094346967375
21,-2.762883880248353,45.73238038579996,47,0.0,0.0,2,120,2100,15.444378420399836,237.30988332917377,-99.6696407582661,-2.7353193453717446
22,162.68199971107236,-76.67293078948751,47,0.0,0.0,2,120,2100,16.252088235953153,55.966415957334675,-100.1128943700322,-3.5208461161911133
23,12.170578037578906,64.41230551527147,47,0.0,0.0,2,120,2100,15.794962534307027,245.76469115814893,-99.86455467789092,-3.071436228269487
24,25.330342005053723,-64.68093339622527,47,0.0,0.0,2,120,2100,15.828727140468922,48.557267255027,-99.88351833231935,-3.0936566598117072
25,-25.295425314208217,-87.843420386074,47,0.0,0.0,2,120,2100,16.098062008552354,60.921831437870964,-100.03019712296162,-4.15306375735047
26,-121.70380449644338,3.965705591141216,47,0.0,0.0,2,120,2100,16.421047958134253,154.65844500954154,-100.20194140572305,-3.1702065150223113
27,-13.12699962470927,-8.60105707694403,47,0.0,0.0,2,120,2100,14.370774176278804,116.3365202386974,-99.04284118390359,-2.0141112162080907
28,-23.61819529885679,42.26059327850072,47,0.0,0.0,2,120,2100,15.476762258341168,216.20700837537458,-99.68803096239651,-2.7375778976289062
29,-178.60608435565095,44.175432992978386,47,0.0,0.0,2,120,2100,16.5313895467051,238.56581598261607,-100.26059149412185,-3.320282506881324
30,85.38382265473132,-8.180718775533165,47,0.0,0.0,2,120,2100,16.067861765632404,338.20697970499083,-100.01398031586822,-2.984474026850265
31,146.20054091543483,78.0287198998889,47,0.0,0.0,2,120,2100,16.224577385855298,246.72702462206297,-100.09804282361273,-3.5464765860382954
0,44.204818183064106,0.7610378219464451,47,90.0,180.0,3,240,2100,16.111471680885796,75.7951818169359,-100.03857398495536,-3.2053331579715265
1,27.23146015150121,77.72152099701222,47,90.0,180.0,3,240,2100,14.128002627262525,92.76853984849879,-98.89685287325581,-1.7407527882482243
2,-10.873249204775732,-63.32161982747451,47,90.0,180.0,3,240,2100,16.652691704342683,130.87324920477573,-100.32356728081459,-3.7333214255213654
3,-73.34638999963182,-89.40221661962443,47,90.0,180.0,3,240,2100,16.80978419564524,193.34638999963215,-100.40440050524357,-5.300131902167557
4,-169.47470358931662,-48.853867245726995,47,90.0,180.0,3,240,2100,16.553575970312746,289.4747035893166,-100.27436694463871,-3.3700261083829326
5,-23.0461955393059,-38.65220929845787,47,90.0,180.0,3,240,2100,16.4772666216283,143.04619553930587,-100.23212141511014,-3.5519850029405085
6,-50.7181811715588,28.607024976522794,47,90.0,180.0,3,240,2100,15.737449401916603,170.7181811715588,-99.8319094039969,-2.859813583807447
7,175.51253639703992,28.752658407761402,47,90.0,180.0,3,240,2100,15.73507443286277,304.48746360296,-99.83211136403663,-2.590694166627054
8,150.42188556932467,-23.169312046262462,47,90.0,180.0,3,240,2100,16.349038953681582,329.5781144306753,-100.16594823417414,-3.0967229614855825
9,58.346382176711614,-45.87488739427278,47,90.0,180.0,3,240,2100,16.531888423094447,61.65361782328836,-100.26096889509958,-3.5021535642825814
10,-63.02092153764444,-50.046440764793005,47,90.0,180.0,3,240,2100,16.562127991780088,183.02092153764443,-100.27646240819813,-3.5300437906747026
11,173.43219784415896,78.47317758225537,47,90.0,180.0,3,240,2100,14.06483132334989,306.56780215584104,-98.85807244491649,-1.6339630692160245
12,101.72837162778967,6.966928824799027,47,90.0,180.0,3,240,2100,16.039392924804197,18.27162837221033,-99.99842186863047,-2.9133768743872492
13,21.38307067499875,-40.42241146696711,47,90.0,180.0,3,240,2100,16.49093241096546,98.61692932500125,-100.23983690373448,-3.5645316181168023
14,26.183512066651105,-71.13101952509534,47,90.0,180.0,3,240,2100,16.702371715945986,93.81648793334887,-100.34924901155183,-3.8337314919248913
15,-99.4484253293771,9.570613203167753,47,90.0,180.0,3,240,2100,16.00753356880184,219.44842532937707,-99.98015217386904,-2.8946694989524726
16,178.84011607852784,-79.18899410616524,47,90.0,180.0,3,240,2100,16.75117029178293,301.15988392147216,-100.37644903070958,-3.9672642485530165
17,14.302576805761959,22.837739249884535,47,90.0,180.0,3,240,2100,15.827265467832966,105.69742319423801,-99.88296018622206,-3.149493767865541
18,91.36237209972654,-34.431502715585964,47,90.0,180.0,3,240,2100,16.443909297988085,28.637627900273458,-100.21323968916234,-3.312689949254672
19,-137.34540631397664,32.12644892563925,47,90.0,180.0,3,240,2100,15.678414472166656,257.34540631397664,-99.79902169803503,-2.5905704869467368
20,-40.005602452215015,42.12999071099895,47,90.0,180.0,3,240,2100,15.48864322539371,160.00560245221504,-99.69336481674318,-2.6987616010811015
21,-2.762883880248353,45.73238038579996,47,90.0,180.0,3,240,2100,15.41040751878581,122.76288388024835,-99.65003157349811,-2.705228444016743
22,162.68199971107236,-76.67293078948751,47,90.0,180.0,3,240,2100,16.736187287966544,317.31800028892764,-100.36801899311219,-3.8847444492179433
23,12.170578037578906,64.41230551527147,47,90.0,180.0,3,240,2100,14.862265743089306,107.82942196242107,-99.33571716547505,-2.256091612164626
24,25.330342005053723,-64.68093339622527,47,90.0,180.0,3,240,2100,16.661518399450404,94.66965799494625,-100.32829847666915,-3.741001109892502
25,-25.295425314208217,-87.843420386074,47,90.0,180.0,3,240,2100,16.80105739320763,145.29542531420827,-100.39954218733355,-4.656398952401927
26,-121.70380449644338,3.965705591141216,47,90.0,180.0,3,240,2100,16.07489993365989,241.7038044964434,-100.01723388248334,-2.893598258886227
27,-13.12699962470927,-8.60105707694403,47,90.0,180.0,3,240,2100,16.211235913803822,133.12699962470924,-100.09105386512663,-3.6117632185859994
28,-23.61819529885679,42.26059327850072,47,90.0,180.0,3,240,2100,15.485911222006546,143.6181952988568,-99.69215100614909,-2.743889880315416
29,-178.60608435565095,44.175432992978386,47,90.0,180.0,3,240,2100,15.444974381162927,298.606084355651,-99.66906707612591,-2.423235830524376
30,85.38382265473132,-8.180718775533165,47,90.0,180.0,3,240,2100,16.206963781381845,34.61617734526868,-100.08917881480853,-3.0970094968561717
31,146.20054091543483,78.0287198998889,47,90.0,180.0,3,240,2100,14.102665046897823,333.79945908456517,-98.88131220197539,-1.660083946493491
0,44.53361217583671,0.8970295726693678,48,-90.0,-180.0,1,0,2100,16.129881261794047,224.53361217583668,-100.04772757765619,-3.216655652378088
1,26.902003827752367,78.57188345895321,48,-90.0,-180.0,1,0,2100,16.747516160460748,206.90200382775237,-100.37278913039191,-4.004583794251767
2,-10.862702064107054,-63.63906902789989,48,-90.0,-180.0,1,0,2100,14.892037207678673,169.137297935893,-99.35351335166828,-2.2790949760342003
3,-74.41010320895218,-89.81716071233025,48,-90.0,-180.0,1,0,2100,9.92105524932984,105.58989679104889,-95.78830217238139,1.4212181693313997
4,-172.7612820665449,-48.78830225220634,48,-90.0,-180.0,1,0,2100,15.338876200235132,7.238717933455064,-99.61427375276573,-2.3671696851670085
5,-23.399043830067086,-37.466304307569004,48,-90.0,-180.0,1,0,2100,15.581608797713963,156.60095616993294,-99.7459305448469,-2.8337981040831703
6,-48.38351285834949,29.801223338544716,48,-90.0,-180.0,1,0,2100,16.405987812405133,131.6164871416505,-100.19511603909129,-3.4098526438780863
7,176.83526929159234,29.24929780482141,48,-90.0,-180.0,1,0,2100,16.401370156937865,356.83526929159234,-100.190672896796,-3.1367796664426995
8,149.56085704050963,-25.14669127687644,48,-90.0,-180.0,1,0,2100,15.792281909435125,329.56085704050963,-99.86629149153744,-2.6497506494970513
9,60.94207584831287,-45.58096654008394,48,-90.0,-180.0,1,0,2100,15.413822101632487,240.94207584831287,-99.65145636790561,-2.582300839145944
10,-64.08571998183572,-51.21849871113257,48,-90.0,-180.0,1,0,2100,15.278097433953297,115.91428001816428,-99.57446385644981,-2.4795709088242295
11,173.48461856644946,78.42691899457202,48,-90.0,-180.0,1,0,2100,16.74665583416559,353.48461856644946,-100.3665456784328,-3.937951882570461
12,101.36807965875118,6.459348712088115,48,-90.0,-180.0,1,0,2100,16.189275596135843,281.3680796587512,-100.0803289169849,-3.0372001541404887
13,19.621573670085297,-39.610458383110924,48,-90.0,-180.0,1,0,2100,15.539937664503029,199.62157367008527,-99.7227360064699,-2.804935896954768
14,25.93600560057493,-71.69417714344569,48,-90.0,-180.0,1,0,2100,14.527373529132653,205.9360056005749,-99.13867548366197,-2.012102499047142
15,-97.6341362522357,10.426837591153657,48,-90.0,-180.0,1,0,2100,16.22958340795722,82.36586374776431,-100.1019820316914,-3.083349359802522
16,179.54482279486905,-78.74251470262584,48,-90.0,-180.0,1,0,2100,14.041187905423818,359.54482279486905,-98.85451014214348,-1.6267378364356508
17,13.768153602888788,22.817736831827446,48,-90.0,-180.0,1,0,2100,16.345927488030174,193.76815360288876,-100.16333892690032,-3.562659408462719
18,90.50442390237214,-34.914649581991334,48,-90.0,-180.0,1,0,2100,15.629037811539593,270.50442390237214,-99.77282267045008,-2.6542985082765918
19,-135.57416375294926,31.75660076911366,48,-90.0,-180.0,1,0,2100,16.422177890320462,44.42583624705071,-100.20486954601994,-3.205865816250832
20,-39.01761093134621,42.414117755768274,48,-90.0,-180.0,1,0,2100,16.506088175520034,140.9823890686538,-100.24775222697038,-3.527208689828261
21,-2.772149417986725,45.48823098733385,48,-90.0,-180.0,1,0,2100,16.529038686952596,177.22785058201328,-100.25975703577028,-3.6101919601943218
22,167.26275138889662,-78.70314241371791,48,-90.0,-180.0,1,0,2100,14.044679232813964,347.2627513888966,-98.85152609228406,-1.6247132498139052
23,15.549291375272446,65.23770309084625,48,-90.0,-180.0,1,0,2100,16.665111408684268,195.54929137527242,-100.33044480423675,-3.7542436338902445
24,27.95275359170668,-67.07997185637159,48,-90.0,-180.0,1,0,2100,14.752165351974238,207.95275359170665,-99.27113729225948,-2.166482335504786
25,-24.047747035106454,-88.0662180642843,48,-90.0,-180.0,1,0,2100,12.279636123364414,155.95225296489366,-97.69036660995155,-0.4888514929681615
26,-121.79094242601403,5.545384113990394,48,-90.0,-180.0,1,0,2100,16.179755295231836,58.209057573986,-100.07599189050312,-2.9828524004664834
27,-13.775535439622502,-8.315812232998539,48,-90.0,-180.0,1,0,2100,16.02301439321051,166.22446456037756,-99.98956421955924,-3.456613173942278
28,-23.873154439161823,40.95562237104335,48,-90.0,-180.0,1,0,2100,16.4950124141644,156.1268455608382,-100.2419231755589,-3.560489534365136
29,-179.96565044886245,43.79049330652671,48,-90.0,-180.0,1,0,2100,16.516429001077565,0.034349551137552226,-100.25000352884163,-3.302272342191575
30,86.61030896143154,-8.429094144738457,48,-90.0,-180.0,1,0,2100,16.021626602913237,266.61030896143154,-99.98939132396653,-2.943810839478309
31,144.80614483476938,78.62129162295028,48,-90.0,-180.0,1,0,2100,16.74780921598719,324.8061448347694,-100.37119373402317,-3.9535498322648843
0,44.53361217583671,0.8970295726693678,48,0.0,0.0,2,120,2100,15.41655851637404,328.7210628633255,-99.6535188459729,-2.62109826642575
1,26.902003827752367,78.57188345895321,48,0.0,0.0,2,120,2100,15.99996088061708,245.2259729197104,-99.97672135210959,-3.4403863393510608
2,-10.862702064107054,-63.63906902789989,48,0.0,0.0,2,120,2100,15.781326967327884,65.33539696634969,-99.85740593627534,-3.055739864574952
3,-74.41010320895218,-89.81716071233025,48,0.0,0.0,2,120,2100,16.11941748385901,60.176112668261624,-100.0417161272577,-5.541809279597913
4,-172.7612820665449,-48.78830225220634,48,0.0,0.0,2,120,2100,16.493922496843183,66.29729775775843,-100.24076256237541,-3.319390195051404
5,-23.399043830067086,-37.466304307569004,48,0.0,0.0,2,120,2100,15.387022827181879,87.39246595528039,-99.63764692535766,-2.668039486623362
6,-48.38351285834949,29.801223338544716,48,0.0,0.0,2,120,2100,15.623998267434859,187.45534026451395,-99.77025169471764,-2.7765086387044913
7,176.83526929159234,29.24929780482141,48,0.0,0.0,2,120,2100,16.634748329066365,245.6301311025219,-100.31454122878782,-3.319553387419632
8,149.56085704050963,-25.14669127687644,48,0.0,0.0,2,120,2100,16.5710544442367,12.817676021076068,-100.27929903462714,-3.2716914792369325
9,60.94207584831287,-45.58096654008394,48,0.0,0.0,2,120,2100,15.870461120974937,19.417316890081565,-99.90637675505305,-2.9717292073585626
10,-64.08571998183572,-51.21849871113257,48,0.0,0.0,2,120,2100,15.92575201984612,95.85554419942338,-99.93644003998308,-3.033466325154748
11,173.48461856644946,78.42691899457202,48,0.0,0.0,2,120,2100,16.24018624707524,241.33111279979198,-100.10633846582435,-3.568078869707356
12,101.36807965875118,6.459348712088115,48,0.0,0.0,2,120,2100,16.23819060010102,323.4125154015727,-100.10579256562961,-3.075261698539446
13,19.621573670085297,-39.610458383110924,48,0.0,0.0,2,120,2100,15.392366713543524,37.914200422887234,-99.64015092363408,-2.67842312575218
14,25.93600560057493,-71.69417714344569,48,0.0,0.0,2,120,2100,15.918706939924562,51.76675035067615,-99.93282485420747,-3.2404601491777885
15,-97.6341362522357,10.426837591153657,48,0.0,0.0,2,120,2100,16.200081585975607,160.51800975331537,-100.08431981105379,-3.0569769172810606
16,179.54482279486905,-78.74251470262584,48,0.0,0.0,2,120,2100,16.237817006952636,59.90939883289434,-100.10526911366719,-3.5669916257792504
17,13.768153602888788,22.817736831827446,48,0.0,0.0,2,120,2100,14.895726194547748,269.49572320307203,-99.35493385579672,-2.344288956160692
18,90.50442390237214,-34.914649581991334,48,0.0,0.0,2,120,2100,16.124548955129157,4.9156917311883035,-100.04404615173375,-3.065922248981603
19,-135.57416375294926,31.75660076911366,48,0.0,0.0,2,120,2100,16.467409767604785,191.48545582163513,-100.22646916064103,-3.2377518795559808
20,-39.01761093134621,42.414117755768274,48,0.0,0.0,2,120,2100,15.62743736925123,205.42871944943892,-99.77207816452808,-2.822451461933253
21,-2.772149417986725,45.48823098733385,48,0.0,0.0,2,120,2100,15.439054893400987,237.2778101126866,-99.6666480007499,-2.731107608756229
22,167.26275138889662,-78.70314241371791,48,0.0,0.0,2,120,2100,16.235426272087604,57.47810892634425,-100.10399568667086,-3.5677274286090266
23,15.549291375272446,65.23770309084625,48,0.0,0.0,2,120,2100,15.812853982136579,247.04887142371263,-99.87439822775754,-3.090744876953884
24,27.95275359170668,-67.07997185637159,48,0.0,0.0,2,120,2100,15.866912917155327,48.789375110463084,-99.90448600166827,-3.143709245146516
25,-24.047747035106454,-88.0662180642843,48,0.0,0.0,2,120,2100,16.100147611067037,60.788261494673094,-100.03132259569956,-4.204373864551529
26,-121.79094242601403,5.545384113990394,48,0.0,0.0,2,120,2100,16.421095569475952,156.51637114033025,-100.20196181320696,-3.170851100490133
27,-13.775535439622502,-8.315812232998539,48,0.0,0.0,2,120,2100,14.39581688739816,118.45686313571085,-99.0581437357176,-2.029229199134757
28,-23.873154439161823,40.95562237104335,48,0.0,0.0,2,120,2100,15.455772574119358,215.00044571715972,-99.67628543502897,-2.7202287172778434
29,-179.96565044886245,43.79049330652671,48,0.0,0.0,2,120,2100,16.534348018173176,239.964168727068,-100.26215980926075,-3.3200999172114285
30,86.61030896143154,-8.429094144738457,48,0.0,0.0,2,120,2100,16.081995949721538,338.44365405998684,-100.02162597971714,-2.9923203536660408
31,144.80614483476938,78.62129162295028,48,0.0,0.0,2,120,2100,16.218080453092,246.61609372731073,-100.09455824573416,-3.5604295259140315
0,44.53361217583671,0.8970295726693678,48,90.0,180.0,3,240,2100,16.109946613153333,75.46638782416329,-100.03776306926285,-3.201932024955485
1,26.902003827752367,78.57188345895321,48,90.0,180.0,3,240,2100,14.05623130851405,93.09799617224763,-98.85283583637369,-1.6929166432110219
2,-10.862702064107054,-63.63906902789989,48,90.0,180.0,3,240,2100,16.654760042775205,130.86270206410705,-100.32463551615163,-3.7367995810407417
3,-74.41010320895218,-89.81716071233025,48,90.0,180.0,3,240,2100,16.812094451064027,194.41010320895327,-100.40558971156887,-6.0020383095122485
4,-172.7612820665449,-48.78830225220634,48,90.0,180.0,3,240,2100,16.553103671809854,292.76128206654494,-100.27415575799819,-3.368245794899501
5,-23.399043830067086,-37.466304307569004,48,90.0,180.0,3,240,2100,16.468005960489503,143.39904383006706,-100.22725694613293,-3.546125866868594
6,-48.38351285834949,29.801223338544716,48,90.0,180.0,3,240,2100,15.71780602038033,168.3835128583495,-99.82106507252357,-2.853896181322236
7,176.83526929159234,29.24929780482141,48,90.0,180.0,3,240,2100,15.726932629076817,303.16473070840766,-99.82753497003993,-2.5856924792387916
8,149.56085704050963,-25.14669127687644,48,90.0,180.0,3,240,2100,16.36636081012754,330.43914295949037,-100.17505386398565,-3.117488315196409
9,60.94207584831287,-45.58096654008394,48,90.0,180.0,3,240,2100,16.529722907447344,59.05792415168713,-100.25976533628413,-3.4930394925250745
10,-64.08571998183572,-51.21849871113257,48,90.0,180.0,3,240,2100,16.570462231076778,184.08571998183572,-100.2808153134199,-3.539453991886841
11,173.48461856644946,78.42691899457202,48,90.0,180.0,3,240,2100,14.068836414859806,306.51538143355054,-98.86052569555136,-1.6363549949545686
12,101.36807965875118,6.459348712088115,48,90.0,180.0,3,240,2100,16.045487302974763,18.631920341248815,-100.00173216796185,-2.919012230541963
13,19.621573670085297,-39.610458383110924,48,90.0,180.0,3,240,2100,16.48468738765674,100.3784263299147,-100.2365512086719,-3.565624179193782
14,25.93600560057493,-71.69417714344569,48,90.0,180.0,3,240,2100,16.705860651531445,94.06399439942504,-100.3510297455062,-3.8437259655409264
15,-97.6341362522357,10.426837591153657,48,90.0,180.0,3,240,2100,15.99683083350984,217.6341362522357,-99.97428610611611,-2.891466305543109
16,179.54482279486905,-78.74251470262584,48,90.0,180.0,3,240,2100,16.74852786497184,300.45517720513095,-100.37511219877148,-3.950413831433124
17,13.768153602888788,22.817736831827446,48,90.0,180.0,3,240,2100,15.827563245739299,106.23184639711121,-99.88311396290206,-3.1530806713929254
18,90.50442390237214,-34.914649581991334,48,90.0,180.0,3,240,2100,16.447784612941227,29.49557609762786,-100.21533566531068,-3.319339407793275
19,-135.57416375294926,31.75660076911366,48,90.0,180.0,3,240,2100,15.68478476262035,255.5741637529493,-99.80252370562748,-2.597190557284375
20,-39.01761093134621,42.414117755768274,48,90.0,180.0,3,240,2100,15.482690154801066,159.0176109313462,-99.69003708938807,-2.6969527829612066
21,-2.772149417986725,45.48823098733385,48,90.0,180.0,3,240,2100,15.415907668501335,122.77214941798672,-99.65313273654469,-2.710368791857988
22,167.26275138889662,-78.70314241371791,48,90.0,180.0,3,240,2100,16.74829451014175,312.7372486111034,-100.37448684027282,-3.952039603633675
23,15.549291375272446,65.23770309084625,48,90.0,180.0,3,240,2100,14.829476413504565,104.45070862472755,-99.31654531419098,-2.230429310633249
24,27.95275359170668,-67.07997185637159,48,90.0,180.0,3,240,2100,16.676908948015665,92.04724640829329,-100.33619234624229,-3.7702356019450733
25,-24.047747035106454,-88.0662180642843,48,90.0,180.0,3,240,2100,16.80230938344333,144.0477470351065,-100.4001829235002,-4.705510322099361
26,-121.79094242601403,5.545384113990394,48,90.0,180.0,3,240,2100,16.05636824662404,241.790942426014,-100.0071461322756,-2.878948369363969
27,-13.775535439622502,-8.315812232998539,48,90.0,180.0,3,240,2100,16.208338802769802,133.7755354396225,-100.08948329263492,-3.600870838065191
28,-23.873154439161823,40.95562237104335,48,90.0,180.0,3,240,2100,15.512879577589226,143.8731544391618,-99.70727750557138,-2.767696908779636
29,-179.96565044886245,43.79049330652671,48,90.0,180.0,3,240,2100,15.453339584191687,299.96565044886245,-99.67385363158526,-2.4280992060347777
30,86.61030896143154,-8.429094144738457,48,90.0,180.0,3,240,2100,16.20949036410879,33.38969103856846,-100.09045157312997,-3.095294526865877
31,144.80614483476938,78.62129162295028,48,90.0,180.0,3,240,2100,14.051898552635363,335.1938551652306,-98.85019907890067,-1.6298482022860923
0,45.636038264542975,2.6148572502106475,49,-90.0,-180.0,1,0,2100,16.148603511528684,225.63603826454295,-100.05783510889371,-3.224270847095597
1,25.604809627411043,79.38315849407832,49,-90.0,-180.0,1,0,2100,16.752317252024074,205.60480962741104,-100.37522659233257,-4.030845849186949
2,-9.444013835937994,-65.4333725133852,49,-90.0,-180.0,1,0,2100,14.821543121631391,170.555986164062,-99.31258009139547,-2.227997771873226
3,-76.96903325018656,-89.1442332175074,49,-90.0,-180.0,1,0,2100,11.464406947166967,103.03096674981367,-97.0692689238516,0.13891436036426563
4,-172.74200878956512,-48.78613316286527,49,-90.0,-180.0,1,0,2100,15.338928831694309,7.257991210434909,-99.6143048556766,-2.3672033411564666
5,-23.200629258175866,-37.3399920166706,49,-90.0,-180.0,1,0,2100,15.584010316542905,156.79937074182408,-99.74727437355428,-2.8367435774384413
6,-45.89764924401297,30.850794285931585,49,-90.0,-180.0,1,0,2100,16.4147105942398,134.102350755987,-100.19971103677489,-3.4270098738699017
7,177.69203323599316,29.93744517855761,49,-90.0,-180.0,1,0,2100,16.407124231868103,357.69203323599316,-100.19353802376096,-3.1440141630328347
8,150.43365102697464,-25.61738080779,49,-90.0,-180.0,1,0,2100,15.784997688177212,330.43365102697464,-99.86234874019037,-2.6440194870315237
9,61.688315600163435,-45.46386945789413,49,-90.0,-180.0,1,0,2100,15.416454824026712,241.68831560016343,-99.6529328413799,-2.5822045586078133
10,-67.44781392588419,-51.61498715921049,49,-90.0,-180.0,1,0,2100,15.267821167119605,112.55218607411581,-99.568595469004,-2.4650507169558344
11,170.6720347532514,78.98083163478407,49,-90.0,-180.0,1,0,2100,16.749939179656607,350.6720347532514,-100.36874895375053,-3.9587998345850433
12,100.26871772177873,5.229290969125714,49,-90.0,-180.0,1,0,2100,16.176441507338183,280.26871772177867,-100.07340943411037,-3.0290817879114607
13,19.338307462114926,-39.36387036570758,49,-90.0,-180.0,1,0,2100,15.544819363584041,199.3383074621149,-99.72547580699994,-2.8103886533054783
14,28.244353194415424,-70.45877884812033,49,-90.0,-180.0,1,0,2100,14.592680439630316,208.24435319441542,-99.17723486000308,-2.055388104513938
15,-97.75786696301975,10.323541903047811,49,-90.0,-180.0,1,0,2100,16.228554312139444,82.24213303698025,-100.10143681595989,-3.082102775765607
16,179.7393862867752,-78.7617722370225,49,-90.0,-180.0,1,0,2100,14.039475799328853,359.7393862867752,-98.85354229274088,-1.6257913301095654
17,13.93548761861311,22.75971356359686,49,-90.0,-180.0,1,0,2100,16.345413045963493,193.93548761861308,-100.16306220247284,-3.5617647777179617
18,88.13342362107312,-35.84371356283829,49,-90.0,-180.0,1,0,2100,15.612028065891284,268.1334236210731,-99.7632530366121,-2.6486222212604686
19,-134.37678456141504,32.67166346314261,49,-90.0,-180.0,1,0,2100,16.42966529693935,45.623215438584964,-100.20880223466054,-3.217060591388453
20,-41.681684203775546,41.4182927611395,49,-90.0,-180.0,1,0,2100,16.498539219317667,138.31831579622445,-100.24380535906158,-3.5127537271566895
21,-3.732595508444888,45.19026201246194,49,-90.0,-180.0,1,0,2100,16.526837041213014,176.2674044915551,-100.25860211150678,-3.608657484335365
22,172.1002675086957,-78.39309188765733,49,-90.0,-180.0,1,0,2100,14.071755062020255,352.1002675086957,-98.8701498749521,-1.6423624729949216
23,13.005228324942806,66.63716408845784,49,-90.0,-180.0,1,0,2100,16.67408597160866,193.0052283249428,-100.33506175691626,-3.772892568721353
24,31.303717462491903,-67.54548987470743,49,-90.0,-180.0,1,0,2100,14.731645730807763,211.30371746249187,-99.2589504399519,-2.149195367867803
25,-23.796407011198227,-88.19762127520326,49,-90.0,-180.0,1,0,2100,12.20926613060238,156.2035929888018,-97.63980425439354,-0.4377387238515911
26,-122.07380955090582,5.572826991268698,49,-90.0,-180.0,1,0,2100,16.180042477439414,57.92619044909418,-100.07615472338938,-2.982508231554934
27,-15.101864569473264,-6.812153561083349,49,-90.0,-180.0,1,0,2100,16.041255208973233,164.89813543052674,-99.99946958187618,-3.4599799561377753
28,-24.557721974461714,40.51581873161936,49,-90.0,-180.0,1,0,2100,16.491648344863986,155.44227802553826,-100.24015122443146,-3.556641793714721
29,-179.3983208172808,43.472814886982036,49,-90.0,-180.0,1,0,2100,16.514051730886997,0.6016791827192378,-100.24890577904664,-3.2985598438380186
30,87.89005658485178,-8.677961038682582,49,-90.0,-180.0,1,0,2100,16.018571012501916,267.8900565848518,-99.98775338979323,-2.9375950451725306
31,146.49805584684998,77.36887212527228,49,-90.0,-180.0,1,0,2100,16.74035408564997,326.49805584685,-100.36728025600397,-3.9104020283021317
0,45.636038264542975,2.6148572502106475,49,0.0,0.0,2,120,2100,15.442128850453743,326.3448351372563,-99.66792142774622,-2.635712315954182
1,25.604809627411043,79.38315849407832,49,0.0,0.0,2,120,2100,16.00761724285752,244.63132074841928,-99.98087835658316,-3.470174919031204
2,-9.444013835937994,-65.4333725133852,49,0.0,0.0,2,120,2100,15.806589377638135,64.28960044232312,-99.8713187384347,-3.089797595465465
3,-76.96903325018656,-89.1442332175074,49,0.0,0.0,2,120,2100,16.117817426281302,60.833732521468846,-100.04085595181067,-4.627125411525755
4,-172.74200878956512,-48.78613316286527,49,0.0,0.0,2,120,2100,16.493922663913708,66.31431869730648,-100.24076256237541,-3.319375833108236
5,-23.200629258175866,-37.3399920166706,49,0.0,0.0,2,120,2100,15.382521873620052,87.31127902416202,-99.63510721398438,-2.6650396531849943
6,-45.89764924401297,30.850794285931585,49,0.0,0.0,2,120,2100,15.596297857621975,189.75406761033088,-99.75487159446477,-2.7639994480185304
7,177.69203323599316,29.93744517855761,49,0.0,0.0,2,120,2100,16.630668837538668,244.00001903304678,-100.31240915690576,-3.319368298775354
8,150.43365102697464,-25.61738080779,49,0.0,0.0,2,120,2100,16.57354640650363,14.179222855761964,-100.28066378511399,-3.2740368158501854
9,61.688315600163435,-45.46386945789413,49,0.0,0.0,2,120,2100,15.876778932997835,19.099592530058487,-99.90983684395091,-2.9746198117629157
10,-67.44781392588419,-51.61498715921049,49,0.0,0.0,2,120,2100,15.953814639344587,96.18875760401954,-99.95172626580995,-3.0512457768574848
11,170.6720347532514,78.98083163478407,49,0.0,0.0,2,120,2100,16.23400306604064,241.80779804069056,-100.10303245343005,-3.581536433018253
12,100.26871772177873,5.229290969125714,49,0.0,0.0,2,120,2100,16.227576757147823,324.6860689019896,-100.10010397948818,-3.0690050800068684
13,19.338307462114926,-39.36387036570758,49,0.0,0.0,2,120,2100,15.384938283371394,38.0179607217126,-99.63594494119911,-2.6732369511237324
14,28.244353194415424,-70.45877884812033,49,0.0,0.0,2,120,2100,15.90873261743349,50.4653815580084,-99.92737605600205,-3.2148018016146063
15,-97.75786696301975,10.323541903047811,49,0.0,0.0,2,120,2100,16.201354369098937,160.41682393961833,-100.08500346176496,-3.0575646077527847
16,179.7393862867752,-78.7617722370225,49,0.0,0.0,2,120,2100,16.237629195936613,59.94821656517206,-100.10516605587341,-3.5674292632176403
17,13.93548761861311,22.75971356359686,49,0.0,0.0,2,120,2100,14.897006688439534,269.85753184653294,-99.35567770858543,-2.344921213834213
18,88.13342362107312,-35.84371356283829,49,0.0,0.0,2,120,2100,16.103009733999023,5.858149709651684,-100.03249398527632,-3.057463889064209
19,-134.37678456141504,32.67166346314261,49,0.0,0.0,2,120,2100,16.45695982314174,191.89895314380254,-100.22096220110645,-3.2350059014905663
20,-41.681684203775546,41.4182927611395,49,0.0,0.0,2,120,2100,15.64443050761756,202.99102521918712,-99.78150744247121,-2.827580166871055
21,-3.732595508444888,45.19026201246194,49,0.0,0.0,2,120,2100,15.433701008515058,236.2998866780096,-99.66364810061432,-2.726639262754814
22,172.1002675086957,-78.39309188765733,49,0.0,0.0,2,120,2100,16.240165929485617,58.38299056829999,-100.10652519430218,-3.559620165611524
23,13.005228324942806,66.63716408845784,49,0.0,0.0,2,120,2100,15.828875980472294,245.55229061742443,-99.88320201631866,-3.1165353272702454
24,31.303717462491903,-67.54548987470743,49,0.0,0.0,2,120,2100,15.882168367848484,47.88081432203262,-99.91284184595746,-3.158245678173046
25,-23.796407011198227,-88.19762127520326,49,0.0,0.0,2,120,2100,16.101470269118042,60.72743893154998,-100.03203583726241,-4.2379466353456765
26,-122.07380955090582,5.572826991268698,49,0.0,0.0,2,120,2100,16.423389925478848,156.56854576323894,-100.20317503812574,-3.1720682882851348
27,-15.101864569473264,-6.812153561083349,49,0.0,0.0,2,120,2100,14.425606064617927,125.36814459523112,-99.07641761718968,-2.0466036307391406
28,-24.557721974461714,40.51581873161936,49,0.0,0.0,2,120,2100,15.454308478202707,214.06428093216005,-99.67546709492396,-2.7175934373912787
29,-179.3983208172808,43.472814886982036,49,0.0,0.0,2,120,2100,16.536653252526367,239.3653972607603,-100.26335874894079,-3.319758735894685
30,87.89005658485178,-8.677961038682582,49,0.0,0.0,2,120,2100,16.09651553113566,338.6837588037415,-100.02946857578584,-3.00036727070411
31,146.49805584684998,77.36887212527228,49,0.0,0.0,2,120,2100,16.230374875797224,247.0513135131299,-100.10115496490984,-3.5312821507743504
0,45.636038264542975,2.6148572502106475,49,90.0,180.0,3,240,2100,16.090479219874894,74.363961735457,-100.02728062557644,-3.1790977158561033
1,25.604809627411043,79.38315849407832,49,90.0,180.0,3,240,2100,13.982596248002213,94.39519037258896,-98.80753220126891,-1.6442766996323657
2,-9.444013835937994,-65.4333725133852,49,90.0,180.0,3,240,2100,16.66637106529514,129.444013835938,-100.33062870596002,-3.7579783021817437
3,-76.96903325018656,-89.1442332175074,49,90.0,180.0,3,240,2100,16.80834514397521,196.96903325018678,-100.40373413963025,-5.108335196969215
4,-172.74200878956512,-48.78613316286527,49,90.0,180.0,3,240,2100,16.553088042926756,292.74200878956515,-100.27415063210886,-3.36822399792251
5,-23.200629258175866,-37.3399920166706,49,90.0,180.0,3,240,2100,16.467014522725517,143.20062925817587,-100.22673000470947,-3.546221503941769
6,-45.89764924401297,30.850794285931585,49,90.0,180.0,3,240,2100,15.700217154158898,165.89764924401294,-99.8113556129486,-2.8500788445829377
7,177.69203323599316,29.93744517855761,49,90.0,180.0,3,240,2100,15.715540589318792,302.30796676400684,-99.82116656513236,-2.578922637743532
8,150.43365102697464,-25.61738080779,49,90.0,180.0,3,240,2100,16.370440215927285,329.56634897302536,-100.1772559460432,-3.1211062882893756
9,61.688315600163435,-45.46386945789413,49,90.0,180.0,3,240,2100,16.528858865295188,58.31168439983651,-100.25929170410974,-3.490126803911273
10,-67.44781392588419,-51.61498715921049,49,90.0,180.0,3,240,2100,16.57326592089727,187.4478139258842,-100.2822966954372,-3.5366798763671854
11,170.6720347532514,78.98083163478407,49,90.0,180.0,3,240,2100,14.01979099044438,309.3279652467486,-98.83040289429583,-1.6068669291634001
12,100.26871772177873,5.229290969125714,49,90.0,180.0,3,240,2100,16.06010401701274,19.731282278221272,-100.0096660194718,-2.933251932229109
13,19.338307462114926,-39.36387036570758,49,90.0,180.0,3,240,2100,16.482783043886386,100.66169253788507,-100.23555166025193,-3.5653921257140238
14,28.244353194415424,-70.45877884812033,49,90.0,180.0,3,240,2100,16.698190976246096,91.75564680558455,-100.34709921356549,-3.821289281548622
15,-97.75786696301975,10.323541903047811,49,90.0,180.0,3,240,2100,15.998128113724519,217.75786696301975,-99.97500475580064,-2.892114532151629
16,179.7393862867752,-78.7617722370225,49,90.0,180.0,3,240,2100,16.74864198223872,300.26061371322476,-100.37517781015494,-3.951076752592204
17,13.93548761861311,22.75971356359686,49,90.0,180.0,3,240,2100,15.828426542325323,106.06451238138686,-99.88358964543218,-3.1532754643365273
18,88.13342362107312,-35.84371356283829,49,90.0,180.0,3,240,2100,16.455194680177247,31.86657637892688,-100.21942356205392,-3.3339573232526054
19,-134.37678456141504,32.67166346314261,49,90.0,180.0,3,240,2100,15.668949027902432,254.37678456141498,-99.79367026957117,-2.589115080293547
20,-41.681684203775546,41.4182927611395,49,90.0,180.0,3,240,2100,15.503401090984031,161.68168420377555,-99.70160417125739,-2.7054179100707505
21,-3.732595508444888,45.19026201246194,49,90.0,180.0,3,240,2100,15.422579522352672,123.73259550844489,-99.65688386235874,-2.716260310434098
22,172.1002675086957,-78.39309188765733,49,90.0,180.0,3,240,2100,16.746454972553266,307.8997324913043,-100.37380714734724,-3.9396382325957813
23,13.005228324942806,66.63716408845784,49,90.0,180.0,3,240,2100,14.771300775707346,106.99477167505717,-99.28252888739794,-2.1895932387131984
24,31.303717462491903,-67.54548987470743,49,90.0,180.0,3,240,2100,16.679868138469583,88.69628253750813,-100.33769935770624,-3.7744178167347933
25,-23.796407011198227,-88.19762127520326,49,90.0,180.0,3,240,2100,16.80304705701971,143.79640701119826,-100.40055608824366,-4.737625415721878
26,-122.07380955090582,5.572826991268698,49,90.0,180.0,3,240,2100,16.05604325155169,242.07380955090582,-100.00697800310546,-2.8780998628442616
27,-15.101864569473264,-6.812153561083349,49,90.0,180.0,3,240,2100,16.192926472793022,135.10186456947326,-100.0811865281602,-3.5780395275305903
28,-24.557721974461714,40.51581873161936,49,90.0,180.0,3,240,2100,15.521807069986927,144.55772197446174,-99.71227012178193,-2.7739536839737564
29,-179.3983208172808,43.472814886982036,49,90.0,180.0,3,240,2100,15.460190801211397,299.3983208172808,-99.67770522483023,-2.431901963573727
30,87.89005658485178,-8.677961038682582,49,90.0,180.0,3,240,2100,16.212015560411604,32.10994341514822,-100.0917151048506,-3.0934759217618235
31,146.49805584684998,77.36887212527228,49,90.0,180.0,3,240,2100,14.156318785100707,333.50194415315,-98.91410251603993,-1.6922458908478857
