{
    "total_ticks": 24,
    "tick_duration_min": 60,
    "time_weights": {
        "type_1": [
            0.8901912520505434,
            0.9366538454508161,
            0.8850210544911438,
            0.08576316377644322,
            0.3550281976989599,
            0.29496579053939276,
            0.26392356242241855,
            0.5789886718891961,
            0.020840126847845863,
            0.12615412294825634,
            0.9370664665163935,
            0.5120685223556638,
            0.9073482730676804,
            0.8431515482719586,
            0.7898642692222879,
            0.7480359899839738,
            0.04184346977408948,
            0.9912107812398174,
            0.5458574787429198,
            0.5665166694689662,
            0.3600255537355952,
            0.6038182888071592,
            0.4785634191863364,
            0.450319584914449
        ],
        "type_2": [
            0.19092628845957593,
            0.891720202967957,
            0.7998009318567456,
            0.7843241337227397,
            0.01210799524341144,
            0.6995705348847321,
            0.22373246860333673,
            0.7527482860656918,
            0.5843323776566927,
            0.1851647504528009,
            0.5175249229907024,
            0.027781626031334605,
            0.4929267605677564,
            0.0980224595897754,
            0.18340423700207498,
            0.050242480109088494,
            0.5484725076757121,
            0.3566541042902558,
            0.31365975225586795,
            0.8085132916576125,
            0.5346845420623789,
            0.25307294842490335,
            0.3058281611231879,
            0.3556946549918253
        ],
        "type_3": [
            0.3148618990521689,
            0.5585637679959404,
            0.6911034203948746,
            0.40737247747835126,
            0.9576154739922703,
            0.8945550914400008,
            0.2558435878354406,
            0.7485802785655512,
            0.5756290174625156,
            0.38788784770825546,
            0.43402745898272055,
            0.39076030055192634,
            0.18349175135576679,
            0.985018398444745,
            0.6702421652700735,
            0.3119475806020052,
            0.36951873929843715,
            0.011155794738183622,
            0.04263007284029874,
            0.6489752515416065,
            0.8899141816333724,
            0.3030836625085872,
            0.06641282939127147,
            0.31214241358754147
        ]
    }
}